Time,Elapsed Time,PressureV,BDP1VLR,BDP2VLR,BDP3VLR,BDP4VLR,BDP5VLR,BDP1VHR,BDP2VHR,BDP3VHR,BDP4VHR,BDP5VHR,Pressure,BDP1VelLR,BDP2VelLR,BDP3VelLR,BDP4VelLR,BDP5VelLR,BDP1FlowLR,BDP2FlowLR,BDP3FlowLR,BDP4FlowLR,BDP5FlowLR,BDPFlowLR,BDP1VelHR,BDP2VelHR,BDP3VelHR,BDP4VelHR,BDP5VelHR,BDP1FlowHR,BDP2FlowHR,BDP3FlowHR,BDP4FlowHR,BDP5FlowHR,BDPFlowHR
2015-10-29 14:14:49,00:00:01,3.41747555,2.497697512,2.507652149,2.468982959,2.4738889,2.478245145,2.495267201,2.497439766,2.496548344,2.497334955,2.494786986,9.138056481,-60.03429392,-100.1584266,-67.55402378,-88.3769078,-88.75257618,-171.6980806,-286.4531002,-193.204508,-252.7579563,-271.5828831,-1175.696528,-84.77745014,-107.8420847,-80.12322147,-104.0388565,-72.26542905,-242.4635074,-308.4283622,-229.1524134,-297.5511296,-221.1322129,-1298.727625
2015-10-29 14:14:50,00:00:02,3.516835883,2.514333102,2.517418461,2.474324662,2.486709287,2.499459834,2.497403933,2.499881572,2.497006204,2.500692204,2.497076395,10.1276854,30.61363114,-85.82323503,-55.72546138,-65.65569274,-45.66914808,87.55498506,-245.4544522,-159.3748196,-187.7752812,-139.7475931,-644.797161,-36.79949702,-70.4562515,-71.90151979,-40.73339384,32.05481462,-105.2465615,-201.5048793,-205.6383466,-116.4975064,98.08773274,-530.799561
2015-10-29 14:14:51,00:00:03,3.098179365,2.508533538,2.524437998,2.473714182,2.49434047,2.504801662,2.497861804,2.497439766,2.498227165,2.501455215,2.497534276,5.957866471,-25.41682275,-73.81992069,-57.2012295,-47.19587943,-25.04830969,-72.69211305,-211.1249732,-163.5955164,-134.9802152,-76.64782765,-659.0406454,-10.21134704,-107.8420847,-42.85739561,20.58437757,47.72286471,-29.20445252,-308.4283622,-122.5721514,58.87131986,146.031966,-255.3016803
2015-10-29 14:14:52,00:00:04,2.486754642,2.506854717,2.542749832,2.478140164,2.495866707,2.504649039,2.49603032,2.499881572,2.498074545,2.499929193,2.497076395,0.131923767,-33.23119475,-21.22440873,-45.42842708,-42.55358086,-25.86662323,-95.04121699,-60.70180896,-129.9253015,-121.7032413,-79.15186709,-486.5234358,-71.44226409,-70.4562515,-47.46988921,-61.17299525,32.05481462,-204.3248753,-201.5048793,-135.7638831,-174.9547664,98.08773274,-618.4606714
2015-10-29 14:14:53,00:00:05,2.640450272,2.510212359,2.524285399,2.484855448,2.490372255,2.501291318,2.49770918,2.500644637,2.498532405,2.498860977,2.496923767,1.398884712,-13.70100188,-74.10154002,-15.1839482,-57.53889894,-39.82083044,-39.18486537,-211.9304045,-43.42609186,-164.561251,-121.8517412,-580.9543538,-22.82357113,-53.67504934,-31.67788362,-81.5979884,24.71553321,-65.27541343,-153.5106411,-90.59874716,-233.3702468,75.62953163,-467.1255169
2015-10-29 14:14:54,00:00:06,2.764536218,2.51234904,2.530084147,2.479055885,2.487167158,2.495033748,2.498014427,2.501255089,2.497616685,2.499318784,2.495550122,2.634780734,19.88894619,-62.51441112,-42.58827976,-64.69680712,-57.39283997,56.88238611,-178.7912158,-121.8024801,-185.0328684,-175.6220903,-604.3662685,17.67405394,-34.85043699,-59.1886176,-73.54234241,-56.02699746,50.54779426,-99.6722498,-169.2794463,-210.3310993,-171.4426122,-600.1776134
2015-10-29 14:14:55,00:00:07,2.701043287,2.500597294,2.503989782,2.478292784,2.465189351,2.475650543,2.495877696,2.493624442,2.497006204,2.496419342,2.493871223,2.002391134,-53.03311986,-105.0309072,-44.96752812,-100.9224823,-92.65697072,-151.6747228,-300.3883945,-128.6071304,-288.6382995,-283.5303304,-1152.838878,-74.3010154,-148.4765217,-71.90151979,-115.4278772,-87.87612638,-212.500904,-424.6428521,-205.6383466,-330.1237287,-268.9009467,-1441.806778
2015-10-29 14:14:56,00:00:08,3.177087648,2.504718036,2.506278762,2.468525099,2.477551868,2.464966887,2.497556556,2.494234894,2.496700964,2.497945364,2.493108086,6.74379297,-41.0804082,-102.0128831,-68.4728876,-82.52595188,-107.2465419,-117.4899674,-291.7568456,-195.8324585,-236.0242224,-328.1744183,-1169.277912,-30.61958834,-142.7544029,-77.47965278,-95.69609647,-99.02263064,-87.57202265,-408.2775922,-221.591807,-273.6908359,-303.0092498,-1294.141507
2015-10-29 14:14:57,00:00:09,2.966004175,2.500902534,2.483999363,2.463030776,2.46473148,2.467103618,2.497098685,2.486299022,2.495632624,2.496419342,2.492497578,4.641401582,-52.24160217,-128.4080589,-78.66650381,-101.5398472,-104.4917195,-149.4109822,-367.2470485,-224.9862009,-290.4039631,-319.7446618,-1351.792856,-46.77061644,-205.0433443,-94.4432886,-115.4278772,-107.1078691,-133.763963,-586.4239648,-270.1078054,-330.1237287,-327.7500793,-1648.169541
2015-10-29 14:14:58,00:00:10,2.957609677,2.509296639,2.498954028,2.465777938,2.483809438,2.486028952,2.495267201,2.48202586,2.496395724,2.498860977,2.49570275,4.55779238,-20.92123005,-111.3830794,-73.74603433,-71.43033804,-75.84284044,-59.83471793,-318.5556071,-210.9136582,-204.2907668,-232.0790917,-1025.673842,-84.77745014,-231.7498194,-82.68231154,-81.5979884,-52.17634412,-242.4635074,-662.8044835,-236.471411,-233.3702468,-159.659613,-1534.769262
2015-10-29 14:14:59,00:00:11,3.057275264,2.512654281,2.524743195,2.472645841,2.488235524,2.499917705,2.497861804,2.489503893,2.497616685,2.500234397,2.496618513,5.550461633,21.88371507,-73.25343408,-59.69610098,-62.40213296,-44.27954323,62.58742511,-209.5048215,-170.7308488,-178.4701003,-135.4954023,-631.6137477,-10.21134704,-182.4660756,-59.1886176,-53.93482139,-14.9147422,-29.20445252,-521.8529762,-169.2794463,-154.2535892,-45.63911113,-920.2295754
2015-10-29 14:15:00,00:00:12,2.762704691,2.514943582,2.535882894,2.487144749,2.494798341,2.509990867,2.497251309,2.487367312,2.498074545,2.500692204,2.498297413,2.616538727,33.22420836,-48.21892743,19.85947513,-45.85256697,28.09218878,95.0212359,-137.9061325,56.79809887,-131.1383415,85.96209767,-31.26304154,-42.08143025,-197.8041244,-47.46988921,-40.73339384,66.03589636,-120.3528905,-565.7197957,-135.7638831,-116.4975064,202.0698429,-736.2642329
2015-10-29 14:15:01,00:00:13,2.699364387,2.517232883,2.551295355,2.48928143,2.499682299,2.510296114,2.497403933,2.479736666,2.499142886,2.500692204,2.497992158,1.985669294,41.57882943,43.38602176,31.267977,-27.73441485,29.53810808,118.9154522,124.0840222,89.42641422,-79.32042648,90.38661071,343.4920729,-36.79949702,-244.8615857,25.74971425,-40.73339384,59.39219217,-105.2465615,-700.3041351,73.64418276,-116.4975064,181.740108,-666.6639122
2015-10-29 14:15:02,00:00:14,2.913805659,2.517538123,2.555720715,2.48836571,2.499224428,2.503733297,2.496946062,2.480652343,2.498532405,2.501302612,2.49677114,4.121504362,42.56907165,55.59150684,26.97602586,-29.903025,-30.3161421,121.7475449,158.9917096,77.15143397,-85.52265151,-92.76739483,179.6006421,-51.0307197,-239.7029604,-31.67788362,2.670469117,13.93571037,-145.9478583,-685.5504667,-90.59874716,7.637541675,42.64327373,-871.8162568
2015-10-29 14:15:03,00:00:15,2.951962469,2.516317163,2.551905749,2.484397588,2.507160858,2.506175275,2.496793438,2.479584053,2.498227165,2.502065623,2.496923767,4.50154619,38.45541109,45.26562776,-18.85583438,35.67011085,-15.88831037,109.9824757,129.4596954,-53.92768633,102.016517,-48.61822974,238.9127721,-54.96160609,-245.7108273,-42.85739561,45.71714535,24.71553321,-157.1901934,-702.732966,-122.5721514,130.7510357,75.62953163,-776.1147436
2015-10-29 14:15:04,00:00:16,3.121531332,2.515554062,2.549921967,2.484855448,2.500598041,2.510143491,2.497098685,2.483246763,2.497769305,2.501455215,2.497992158,6.19045207,35.64409671,38.82562295,-15.1839482,-22.78621278,28.82421637,101.9421166,111.0412816,-43.42609186,-65.16856854,88.20210211,192.5908399,-46.77061644,-224.4438969,-55.5577036,20.58437757,59.39219217,-133.763963,-641.9095452,-158.8950323,58.87131986,181.740108,-693.9571126
2015-10-29 14:15:05,00:00:17,3.454716597,2.514333102,2.546869995,2.485618548,2.499987546,2.508159383,2.496793438,2.480194505,2.497311445,2.49977659,2.497076395,9.508977305,30.61363114,25.96686612,-4.71542906,-26.18910096,17.00583787,87.55498506,74.26523712,-13.48612711,-74.90082874,52.03786387,125.4711302,-54.96160609,-242.2960022,-65.85256639,-64.48814265,32.05481462,-157.1901934,-692.9665663,-188.3383399,-184.436088,98.08773274,-1124.843455
2015-10-29 14:15:06,00:00:18,3.832621643,2.514485722,2.547327791,2.482108287,2.490524879,2.504649039,2.496640814,2.486451635,2.497616685,2.499623988,2.49677114,13.27291156,31.28670347,28.27102342,-31.31283324,-57.17569862,-25.86662323,89.47997192,80.85512699,-89.55470307,-163.522498,-79.15186709,-161.8939693,-58.62953125,-204.0248969,-59.1886176,-67.64100633,13.93571037,-167.6804594,-583.5112052,-169.2794463,-193.4532781,42.64327373,-1071.281115
2015-10-29 14:15:07,00:00:19,4.000664234,2.514027861,2.542597233,2.484855448,2.487777653,2.504649039,2.497251309,2.485230731,2.498227165,2.49977659,2.496465886,14.94661577,29.2210131,-22.18407241,-15.1839482,-63.39573594,-25.86662323,83.57209747,-63.4464471,-43.42609186,-181.3118048,-79.15186709,-283.7641134,-42.08143025,-212.0355501,-42.85739561,-64.48814265,-25.28048839,-120.3528905,-606.4216732,-122.5721514,-184.436088,-77.35829448,-1111.141098
2015-10-29 14:15:08,00:00:20,3.679536521,2.51097546,2.543512825,2.476308723,2.495256212,2.502970179,2.496946062,2.485841183,2.497158825,2.500844806,2.49677114,11.74818375,4.538673746,-15.56238448,-50.633021,-44.46869416,-33.57663425,12.98060691,-44.5084196,-144.8104401,-127.1804653,-102.7445008,-406.2632188,-51.0307197,-208.0687784,-68.94341538,-35.25087487,13.93571037,-145.9478583,-595.0767061,-197.178168,-100.8175021,42.64327373,-996.3769608
2015-10-29 14:15:09,00:00:21,4.337359925,2.51234904,2.539850458,2.481650426,2.491898492,2.510296114,2.497251309,2.488588216,2.497769305,2.500386999,2.497839531,18.30010485,19.88894619,-35.24157833,-33.24881551,-53.7966644,29.53810808,56.88238611,-100.790914,-95.09161236,-153.8584602,90.38661071,-202.4719897,-42.08143025,-189.1918489,-55.5577036,-49.92373948,55.7743573,-120.3528905,-541.0886879,-158.8950323,-142.7818949,170.6695333,-792.4489722
2015-10-29 14:15:10,00:00:22,3.565218718,2.513112141,2.545496607,2.483329247,2.495408836,2.510448738,2.496793438,2.490572184,2.497616685,2.500081795,2.497839531,10.60957844,24.57411631,17.3020302,-25.43985666,-43.99773155,30.23514855,70.28197265,49.48380636,-72.75799004,-125.8335122,92.51955456,13.69383131,-54.96160609,-174.2916157,-59.1886176,-57.66758321,55.7743573,-157.1901934,-498.474021,-169.2794463,-164.929288,170.6695333,-819.2034153
2015-10-29 14:15:11,00:00:23,3.376876705,2.513875241,2.545801804,2.485465928,2.496019331,2.510448738,2.497556556,2.49087741,2.497921925,2.499318784,2.497229022,8.733691977,28.49919656,19.56208923,-7.99366459,-42.06118003,30.23514855,81.50770215,55.9475752,-22.86188073,-120.2949749,92.51955456,86.81797631,-30.61958834,-171.8846658,-51.67227889,-73.54234241,38.00216703,-87.57202265,-491.5901441,-147.7827176,-210.3310993,116.2866311,-820.9893526
2015-10-29 14:15:12,00:00:24,2.971346128,2.513722621,2.538324472,2.484244968,2.499224428,2.506175275,2.497251309,2.494845346,2.498074545,2.49977659,2.497076395,4.694607438,27.75861672,-40.72522896,-19.9300249,-29.903025,-15.88831037,79.38964381,-116.4741548,-56.99987122,-85.52265151,-48.61822974,-228.2252635,-42.08143025,-136.7931342,-47.46988921,-64.48814265,32.05481462,-120.3528905,-391.2283639,-135.7638831,-184.436088,98.08773274,-733.6934928
2015-10-29 14:15:13,00:00:25,3.150225253,2.514790962,2.540613451,2.481497806,2.49891918,2.507091017,2.497403933,2.497592378,2.497158825,2.500844806,2.497229022,6.476243524,32.59117394,-32.15091178,-33.8695606,-31.26531085,-1.565928489,93.21075746,-91.95160769,-96.86694331,-89.41878903,-4.791741176,-189.8183238,-36.79949702,-105.8928739,-68.94341538,-35.25087487,38.00216703,-105.2465615,-302.8536193,-197.178168,-100.8175021,116.2866311,-589.8092197
2015-10-29 14:15:14,00:00:26,2.884806483,2.514485722,2.540155655,2.480582086,2.496019331,2.508312007,2.497861804,2.497592378,2.497769305,2.500234397,2.497839531,3.832672574,31.28670347,-34.03900347,-37.37816942,-42.06118003,18.18963718,89.47997192,-97.35154993,-106.9015645,-120.2949749,55.66028976,-179.4078277,-10.21134704,-105.8928739,-55.5577036,-53.93482139,55.7743573,-29.20445252,-302.8536193,-158.8950323,-154.2535892,170.6695333,-474.5371599
2015-10-29 14:15:15,00:00:27,2.885874874,2.514333102,2.537714078,2.478750645,2.496324578,2.506327899,2.498472298,2.49820283,2.498227165,2.501455215,2.496313258,3.843313745,30.61363114,-42.72206042,-43.55557803,-41.05866665,-14.51805867,87.55498506,-122.1850928,-124.5689532,-117.4277866,-44.42525952,-321.052107,39.52598582,-97.70794632,-42.85739561,20.58437757,-32.49240914,113.0443194,-279.4447265,-122.5721514,58.87131986,-99.42677197,-329.5280106
2015-10-29 14:15:16,00:00:28,2.837492039,2.509907119,2.535119901,2.477224444,2.493119481,2.506480523,2.497403933,2.500339411,2.497616685,2.500234397,2.496923767,3.361420708,-16.4634218,-50.33242174,-48.1011684,-50.60401237,-13.00421656,-47.08538633,-143.9507262,-137.5693416,-144.7274754,-39.79290268,-513.1258322,-36.79949702,-60.94456418,-59.1886176,-53.93482139,24.71553321,-105.2465615,-174.3014536,-169.2794463,-154.2535892,75.62953163,-527.4515189
2015-10-29 14:15:17,00:00:29,2.852449508,2.51158594,2.536645887,2.474935143,2.491745868,2.505564781,2.497403933,2.501712928,2.497311445,2.500234397,2.497229022,3.510397104,13.68404797,-46.00844757,-54.20953271,-54.18252006,-20.47183243,39.13637719,-131.58416,-155.0392636,-154.9620074,-62.64380722,-465.092861,-36.79949702,5.940581926,-65.85256639,-53.93482139,38.00216703,-105.2465615,16.99006431,-188.3383399,-154.2535892,116.2866311,-314.5617951
2015-10-29 14:15:18,00:00:30,2.827876523,2.510364979,2.533136119,2.472951081,2.491287997,2.504801662,2.498777546,2.504154734,2.497158825,2.500386999,2.49677114,3.265650168,-12.08528238,-55.4517875,-58.99404773,-55.32394253,-25.04830969,-34.56390759,-158.5921123,-168.7229765,-158.2264756,-76.64782765,-596.7532996,48.9447764,81.86038337,-68.94341538,-49.92373948,13.93571037,139.9820605,234.1206964,-197.178168,-142.7818949,42.64327373,76.78596779
2015-10-29 14:15:19,00:00:31,2.763162573,2.501818255,2.529778949,2.465777938,2.489761761,2.505564781,2.495114578,2.495150572,2.496548344,2.499471386,2.496618513,2.621099229,-49.79161157,-63.17726398,-73.74603433,-58.96933447,-20.47183243,-142.4040091,-180.686975,-210.9136582,-168.6522966,-62.64380722,-765.3007461,-87.20011378,-133.7128737,-80.12322147,-70.65331508,-14.9147422,-249.3923254,-382.4188187,-229.1524134,-202.0684811,-45.63911113,-1108.67115
2015-10-29 14:15:20,00:00:32,2.75339443,2.494645111,2.530084147,2.463183396,2.488846019,2.502054437,2.49603032,2.500034185,2.495785244,2.499929193,2.496923767,2.523808521,-66.61369599,-62.51441112,-78.40124629,-61.05217999,-37.11302523,-190.5151705,-178.7912158,-224.2275644,-174.6092348,-113.5658572,-881.7090427,-71.44226409,-67.43492333,-92.21117469,-61.17299525,24.71553321,-204.3248753,-192.8638807,-263.7239596,-174.9547664,75.62953163,-760.2379504
2015-10-29 14:15:21,00:00:33,2.574057423,2.49388201,2.520623032,2.469288199,2.485946169,2.488623554,2.496335567,2.517432059,2.495327384,2.499166182,2.495550122,0.737611933,-68.15938311,-80.56562087,-66.9344405,-67.22344743,-71.02001127,-194.9358357,-230.4176757,-191.4324998,-192.2590597,-217.3212345,-1026.366305,-65.35066577,207.2355738,-98.75627984,-76.32208934,-56.02699746,-186.9029041,592.6937412,-282.4429603,-218.2811755,-171.4426122,-266.375911
2015-10-29 14:15:22,00:00:34,2.859622989,2.49388201,2.522149018,2.464404357,2.482283201,2.490302415,2.496182943,2.514379801,2.496853584,2.498250568,2.495397495,3.581844968,-68.15938311,-77.9374354,-76.2459717,-74.28954827,-67.71656984,-194.9358357,-222.9010652,-218.0634791,-212.4681081,-207.2127037,-1055.581192,-68.46424839,186.0491689,-74.74264225,-91.23909519,-59.62950614,-195.8077504,532.100623,-213.7639568,-260.9438122,-182.4662888,-320.8811852
2015-10-29 14:15:23,00:00:35,2.796435311,2.49388201,2.526116582,2.462725536,2.47724662,2.486486823,2.495725072,2.51590593,2.496700964,2.497792762,2.495244868,2.952495702,-68.15938311,-70.6480553,-79.1943535,-83.02928093,-75.01428736,-194.9358357,-202.0534381,-226.495851,-237.4637435,-229.5437193,-1090.492588,-77.05377784,196.9274947,-77.47965278,-97.84849552,-63.02643541,-220.3738046,563.2126347,-221.591807,-279.8466972,-192.8608924,-351.4605664
2015-10-29 14:15:24,00:00:36,2.809866509,2.501513014,2.53084714,2.47050916,2.485030427,2.490455038,2.497098685,2.51224322,2.497158825,2.498555773,2.495397495,3.086270425,-50.62145185,-60.8256844,-64.39652247,-69.05778855,-67.40822985,-144.7773523,-173.9614574,-184.1740543,-197.5052752,-206.2691834,-906.6873225,-46.77061644,169.6516737,-68.94341538,-86.55288615,-59.62950614,-133.763963,485.2037867,-197.178168,-247.5412544,-182.4662888,-275.7458875
2015-10-29 14:15:25,00:00:37,2.736910688,2.508228298,2.535119901,2.476003483,2.49266161,2.496407361,2.497861804,2.516821607,2.497616685,2.50115001,2.496618513,2.359630452,-27.00632673,-50.33242174,-51.44929174,-51.82431095,-54.02738813,-77.23809444,-143.9507262,-147.1449744,-148.2175293,-165.3238077,-681.8751319,-10.21134704,203.1751094,-59.1886176,-20.23496453,-14.9147422,-29.20445252,581.080813,-169.2794463,-57.87199855,-45.63911113,279.0858045
2015-10-29 14:15:26,00:00:38,2.732789752,2.51097546,2.544733614,2.480582086,2.497850815,2.502359684,2.498014427,2.518195124,2.498379785,2.500844806,2.497076395,2.318585934,4.538673746,9.543193058,-37.37816942,-35.62541672,-35.97287705,12.98060691,27.29353215,-106.9015645,-101.8886918,-110.0770038,-278.5931211,17.67405394,212.2019216,-37.68451054,-35.25087487,32.05481462,50.54779426,606.8974957,-107.7777001,-100.8175021,98.08773274,546.9378204
2015-10-29 14:15:27,00:00:39,2.840391957,2.513417381,2.546564798,2.484244968,2.494645718,2.506938394,2.498930169,2.516821607,2.498074545,2.501302612,2.497229022,3.390303887,26.21476678,24.3097316,-19.9300249,-46.30466798,-6.64202613,74.97423299,69.52583236,-56.99987122,-132.4313504,-20.32459996,-65.25575625,53.0305094,203.1751094,-47.46988921,2.670469117,38.00216703,151.6672569,581.080813,-135.7638831,7.637541675,116.2866311,720.9083595
2015-10-29 14:15:28,00:00:40,2.94524687,2.513722621,2.545038811,2.485771169,2.496782449,2.509838243,2.499235417,2.514074575,2.498227165,2.500234397,2.497992158,4.434658828,27.75861672,13.20559048,4.407735377,-39.5072268,27.3405686,79.38964381,37.76798876,12.60612318,-112.9906687,83.66213992,100.435227,60.37816252,183.7962575,-42.85739561,-53.93482139,59.39219217,172.6815448,525.6572964,-122.5721514,-154.2535892,181.740108,603.2532086
2015-10-29 14:15:29,00:00:41,2.910600487,2.514638342,2.544886213,2.486839509,2.49891918,2.510296114,2.498930169,2.516211156,2.497616685,2.50115001,2.498297413,4.089580849,31.94559776,11.520854,17.63723186,-31.26531085,29.53810808,91.36440959,32.94964243,50.44248312,-89.41878903,90.38661071,175.7243568,53.0305094,199.0318244,-59.1886176,-20.23496453,66.03589636,151.6672569,569.2310179,-169.2794463,-57.87199855,202.0698429,695.8166727
2015-10-29 14:15:30,00:00:42,2.948299415,2.517080263,2.543512825,2.48928143,2.499834922,2.507396265,2.497556556,2.513921962,2.497921925,2.502676032,2.497992158,4.465062174,41.0747569,-15.56238448,31.267977,-26.97282685,8.993143284,117.4738047,-44.5084196,89.42641422,-77.14228478,27.51901845,112.768533,-30.61958834,182.6593818,-51.67227889,61.28946205,59.39219217,-87.57202265,522.4058321,-147.7827176,175.2878615,181.740108,644.0790613
2015-10-29 14:15:31,00:00:43,3.132062612,2.513875241,2.544428417,2.48821309,2.498308686,2.509227749,2.498777546,2.516821607,2.498532405,2.500692204,2.497534276,6.295343614,28.49919656,2.785219501,26.19241434,-33.82568815,24.10081275,81.50770215,7.965727773,74.91030502,-96.74146811,73.74848701,141.3907538,48.9447764,203.1751094,-31.67788362,-40.73339384,47.72286471,139.9820605,581.080813,-90.59874716,-116.4975064,146.031966,659.998586
2015-10-29 14:15:32,00:00:44,3.094516311,2.517538123,2.547022593,2.485313308,2.498613933,2.507854136,2.498930169,2.51850035,2.498227165,2.500997408,2.497229022,5.921382456,42.56907165,26.75697441,-10.27434066,-32.5706681,14.34816237,121.7475449,76.5249468,-29.38461428,-93.15211078,43.90537685,119.6411435,53.0305094,214.1562152,-42.85739561,-28.74089394,38.00216703,151.6672569,612.4867754,-122.5721514,-82.19895666,116.2866311,675.6695553
2015-10-29 14:15:33,00:00:45,2.793230139,2.515554062,2.546869995,2.489891911,2.499987546,2.508769878,2.499082793,2.513158897,2.498379785,2.500997408,2.497229022,2.920572189,35.64409671,25.96686612,33.82809476,-26.18910096,21.35078542,101.9421166,74.26523712,96.74835101,-74.90082874,65.33340337,263.3882794,56.82322341,176.8654215,-37.68451054,-28.74089394,38.00216703,162.5144189,505.8351055,-107.7777001,-82.19895666,116.2866311,594.6594987
2015-10-29 14:15:34,00:00:46,2.768504527,2.517538123,2.55068496,2.486229029,2.502276901,2.508312007,2.498777546,2.512701058,2.498837645,2.501302612,2.497381649,2.674305085,42.56907165,41.4212109,12.01741812,-7.804058096,18.18963718,121.7475449,118.4646632,34.36981582,-22.31960616,55.66028976,307.9227075,48.9447764,173.2960872,-13.04684879,2.670469117,43.13720271,139.9820605,495.6268095,-37.31398754,7.637541675,131.9998403,737.9322644
2015-10-29 14:15:35,00:00:47,2.612977369,2.516927643,2.549464171,2.485465928,2.501208535,2.509075125,2.498014427,2.515295478,2.498837645,2.501760419,2.497381649,1.125254597,40.56442101,37.18139814,-7.99366459,-18.77642075,23.22035306,116.0142441,106.3387987,-22.86188073,-53.70056336,71.05428035,216.844879,17.67405394,192.6498902,-13.04684879,35.45260202,43.13720271,50.54779426,550.978686,-37.31398754,101.3944418,131.9998403,797.6067747
2015-10-29 14:15:36,00:00:48,2.70638524,2.516622403,2.544733614,2.48867095,2.500445417,2.509227749,2.498319675,2.514074575,2.498685025,2.500844806,2.497229022,2.05559699,39.52398572,9.543193058,28.47863719,-23.68281807,24.10081275,113.0385992,27.29353215,81.44890236,-67.73285968,73.74848701,227.796661,33.84759614,183.7962575,-24.22507558,-35.25087487,38.00216703,96.80412495,525.6572964,-69.28371617,-100.8175021,116.2866311,568.6468342
2015-10-29 14:15:37,00:00:49,2.636939846,2.515096202,2.543970621,2.486992129,2.502276901,2.508312007,2.498014427,2.512395833,2.497311445,2.500539601,2.497686904,1.363920864,33.84540476,-10.82659602,18.78124996,-7.804058096,18.18963718,96.79785761,-30.96406463,53.71437489,-22.31960616,55.66028976,152.8888515,17.67405394,170.8751148,-65.85256639,-45.56088859,51.90496483,50.54779426,488.7028284,-188.3383399,-130.3041414,158.8291924,379.4373338
2015-10-29 14:15:39,00:00:50,2.687459462,2.514943582,2.547785586,2.489586671,2.500598041,2.507548888,2.498014427,2.51590593,2.498074545,2.502828634,2.497229022,1.867096244,33.22420836,30.40104266,32.57319742,-22.78621278,11.06982408,95.0212359,86.946982,93.15934463,-65.16856854,33.87366169,243.8326557,17.67405394,196.9274947,-47.46988921,64.59863275,38.00216703,50.54779426,563.2126347,-135.7638831,184.7520897,116.2866311,779.0352666
2015-10-29 14:15:40,00:00:51,2.626561194,2.515859302,2.551753151,2.48775523,2.500445417,2.508006759,2.499845911,2.517889898,2.498074545,2.502065623,2.497534276,1.260549487,36.79440766,44.80311946,23.6865439,-23.68281807,15.7332178,105.2320059,128.1369217,67.74351555,-67.73285968,48.14364648,281.5232299,72.88413869,210.2294616,-47.46988921,45.71714535,47.72286471,208.4486367,601.2562602,-135.7638831,130.7510357,146.031966,950.7240155
2015-10-29 14:15:41,00:00:52,3.005229376,2.515859302,2.548243382,2.489586671,2.499071804,2.506480523,2.498014427,2.520484318,2.498227165,2.502218226,2.497686904,5.03208458,36.79440766,32.39129549,32.57319742,-30.59175189,-13.00421656,105.2320059,92.63910511,93.15934463,-87.4924104,-39.79290268,163.7451426,17.67405394,226.448389,-42.85739561,50.06638168,51.90496483,50.54779426,647.6423925,-122.5721514,143.1898516,158.8291924,877.6370793
2015-10-29 14:15:42,00:00:53,2.831844831,2.514638342,2.547022593,2.48928143,2.498308686,2.506480523,2.498014427,2.522773512,2.498379785,2.500844806,2.497076395,3.305174518,31.94559776,26.75697441,31.267977,-33.82568815,-13.00421656,91.36440959,76.5249468,89.42641422,-96.74146811,-39.79290268,120.7813998,17.67405394,239.8501412,-37.68451054,-35.25087487,32.05481462,50.54779426,685.9714039,-107.7777001,-100.8175021,98.08773274,626.0117286
2015-10-29 14:15:43,00:00:54,2.78987234,2.514333102,2.549158974,2.484550208,2.499834922,2.506175275,2.49770918,2.516516382,2.498685025,2.500844806,2.497534276,2.887128508,30.61363114,36.04360251,-17.71663308,-26.97282685,-15.88831037,87.55498506,103.0847032,-50.66957062,-77.14228478,-48.61822974,14.20960309,-22.82357113,201.114137,-24.22507558,-35.25087487,47.72286471,-65.27541343,575.1864319,-69.28371617,-100.8175021,146.031966,485.8417662
2015-10-29 14:15:44,00:00:55,2.559710462,2.514333102,2.552210946,2.486076409,2.501971654,2.507396265,2.499082793,2.519873866,2.498532405,2.500997408,2.497381649,0.594716206,30.61363114,46.17674894,10.13681093,-12.00966615,8.993143284,87.55498506,132.065502,28.99127927,-34.34764518,27.51901845,241.7831396,56.82322341,222.7384451,-31.67788362,-28.74089394,43.13720271,162.5144189,637.0319529,-90.59874716,-82.19895666,131.9998403,758.7485083
2015-10-29 14:15:45,00:00:56,2.878854021,2.514790962,2.549464171,2.48775523,2.502887395,2.508159383,2.498472298,2.51956864,2.498074545,2.500386999,2.497076395,3.773386049,32.59117394,37.18139814,23.6865439,10.2836858,17.00583787,93.21075746,106.3387987,67.74351555,29.41134138,52.03786387,348.742277,39.52598582,220.8601049,-47.46988921,-49.92373948,32.05481462,113.0443194,631.6599,-135.7638831,-142.7818949,98.08773274,564.2461741
2015-10-29 14:15:46,00:00:57,2.751105021,2.515554062,2.54854858,2.485465928,2.503192643,2.507548888,2.499082793,2.518195124,2.498685025,2.500081795,2.497839531,2.501006011,35.64409671,33.65280241,-7.99366459,13.75074368,11.06982408,101.9421166,96.24701488,-22.86188073,39.32712692,33.87366169,248.5280394,56.82322341,212.2019216,-24.22507558,-57.66758321,55.7743573,162.5144189,606.8974957,-69.28371617,-164.929288,170.6695333,705.8684438
2015-10-29 14:15:47,00:00:58,2.660291814,2.515401442,2.54519141,2.48775523,2.501666406,2.507243641,2.498167051,2.51956864,2.498532405,2.501302612,2.497381649,1.596506463,35.05478895,14.69847485,23.6865439,-15.08511979,6.261968305,100.2566964,42.03763807,67.74351555,-43.1434426,19.16162301,186.0560304,27.0002958,220.8601049,-31.67788362,2.670469117,43.13720271,77.22084599,631.6599,-90.59874716,7.637541675,131.9998403,757.9193808
2015-10-29 14:15:48,00:00:59,2.828792286,2.516317163,2.543818022,2.48806047,2.500292793,2.508617254,2.499082793,2.51850035,2.498074545,2.500692204,2.497381649,3.274771171,38.45541109,-12.6044724,25.38462461,-24.54669531,20.35169916,109.9824757,-36.04879107,72.60002639,-70.2035486,62.27619944,138.6063619,56.82322341,214.1562152,-47.46988921,-40.73339384,43.13720271,162.5144189,612.4867754,-135.7638831,-116.4975064,131.9998403,654.7396451
2015-10-29 14:15:49,00:01:00,2.68700158,2.515706682,2.545038811,2.48806047,2.50014017,2.507243641,2.498319675,2.520179092,2.498837645,2.501455215,2.497534276,1.862535742,36.22381858,13.20559048,25.38462461,-25.38118654,6.261968305,103.6001211,37.76798876,72.60002639,-72.59019349,19.16162301,160.5395658,33.84759614,224.6010772,-13.04684879,20.58437757,47.72286471,96.80412495,642.3590809,-37.31398754,58.87131986,146.031966,906.7525042
2015-10-29 14:15:50,00:01:01,2.790177595,2.512501661,2.543970621,2.486534269,2.499224428,2.503885921,2.498014427,2.517126833,2.498227165,2.500386999,2.496923767,2.890168842,20.91013111,-10.82659602,15.09122735,-29.903025,-29.62100763,59.80297498,-30.96406463,43.16091023,-85.52265151,-90.64028334,-104.1631143,17.67405394,205.2153846,-42.85739561,-49.92373948,24.71553321,50.54779426,586.916,-122.5721514,-142.7818949,75.62953163,447.7392795
2015-10-29 14:15:51,00:01:02,2.714932365,2.5120438,2.543818022,2.486381649,2.497087696,2.50342805,2.498472298,2.512701058,2.497616685,2.500386999,2.496923767,2.140726359,17.67040961,-12.6044724,13.64117812,-38.43816088,-31.66065745,50.5373715,-36.04879107,39.01376944,-109.9331401,-96.88161179,-153.312402,39.52598582,173.2960872,-59.1886176,-49.92373948,24.71553321,113.0443194,495.6268095,-169.2794463,-142.7818949,75.62953163,372.2393193
2015-10-29 14:15:52,00:01:03,2.630682129,2.509601879,2.54076605,2.483787107,2.497392944,2.501596566,2.497861804,2.519263414,2.497616685,2.501302612,2.496313258,1.301594005,-18.824746,-31.49640591,-22.85161044,-37.33849827,-38.7604151,-53.83877356,-90.0797209,-65.35560585,-106.7881051,-118.6068702,-434.6690756,-10.21134704,218.9656524,-59.1886176,2.670469117,-32.49240914,-29.20445252,626.241766,-169.2794463,7.637541675,-99.42677197,335.9686369
2015-10-29 14:15:53,00:01:04,3.115731497,2.509144019,2.542444635,2.485008068,2.495408836,2.5005282,2.498624922,2.518195124,2.498227165,2.499929193,2.496160631,6.132685712,-21.89432047,-23.10390902,-13.74368512,-43.99773155,-42.35587837,-62.61775656,-66.07717979,-39.30693944,-125.8335122,-129.6089878,-423.4443758,44.48536103,212.2019216,-42.85739561,-61.17299525,-38.37199774,127.2281325,606.8974957,-122.5721514,-174.9547664,-117.4183131,319.1803973
2015-10-29 14:15:54,00:01:05,2.992408687,2.507312578,2.541681642,2.481955666,2.497698191,2.502512308,2.496488191,2.514990252,2.498074545,2.500844806,2.497686904,4.904390526,-31.29412241,-27.24111464,-31.97118903,-36.20545118,-35.38903085,-89.5011901,-77.90958788,-91.43760063,-103.5475904,-108.2904344,-470.6864034,-62.08112214,190.4750672,-47.46988921,-35.25087487,51.90496483,-177.5520093,544.7586921,-135.7638831,-100.8175021,158.8291924,289.4544899
2015-10-29 14:15:55,00:01:06,3.051933311,2.509144019,2.542902431,2.482718767,2.500598041,2.506175275,2.497861804,2.515448091,2.497616685,2.501302612,2.497381649,5.497255777,-21.89432047,-20.21924783,-28.52787963,-22.78621278,-15.88831037,-62.61775656,-57.82704879,-81.58973574,-65.16856854,-48.61822974,-315.8213394,-10.21134704,193.7281463,-59.1886176,2.670469117,43.13720271,-29.20445252,554.0624985,-169.2794463,7.637541675,131.9998403,495.2159816
2015-10-29 14:15:56,00:01:07,3.234170235,2.512654281,2.558009694,2.491112871,2.505481998,2.513653835,2.498167051,2.51850035,2.498990266,2.503133839,2.497839531,7.312335544,21.88371507,60.9530867,38.44017708,28.5315376,42.2979452,62.58742511,174.325828,109.9389065,81.60019754,129.4317123,557.8840694,27.0002958,214.1562152,15.6975718,70.75417827,55.7743573,77.22084599,612.4867754,44.89505534,202.3569499,170.6695333,1107.62916
2015-10-29 14:15:57,00:01:08,3.325288697,2.538294455,2.569759788,2.517363526,2.532191139,2.551504503,2.501524771,2.524910093,2.500516466,2.504812463,2.501349957,8.219875427,86.47744552,83.2040239,92.97178293,90.02952281,110.0994195,247.3254942,237.9635083,265.8992992,257.4844352,336.9042238,1345.576961,99.47451619,251.7155003,66.42856311,97.92135051,112.6668131,284.4971163,719.906331,189.9856905,280.0550625,344.7604481,1819.204648
2015-10-29 14:15:58,00:01:09,3.469826694,2.542109957,2.583493664,2.522705229,2.539974945,2.549825643,2.501830019,2.529488481,2.502653148,2.506185883,2.500892076,9.659473868,92.30348662,103.3058007,100.5085643,101.1444428,107.9980278,263.9879717,295.4545901,287.454494,289.2731064,330.4739651,1466.644127,103.5783131,275.425358,101.2207011,115.489643,106.9759323,296.2339756,787.7165239,289.4912051,330.300379,327.346353,2031.088437
2015-10-29 14:15:59,00:01:10,4.200911172,2.557677205,2.596311948,2.542087979,2.557526666,2.568598353,2.503661503,2.529030642,2.504331968,2.510611346,2.504860384,16.94107528,113.0026579,119.0433622,124.0694306,122.5626448,129.569644,323.1876015,340.4640159,354.8385715,350.5291642,396.4831105,1765.502464,125.4120905,273.1470014,121.772758,159.4328332,149.2542885,358.6785788,781.2004239,348.2700879,455.9779028,456.7181227,2400.845116
2015-10-29 14:16:00,00:01:11,4.554548487,2.546078079,2.584104058,2.52484191,2.533564752,2.538073621,2.502440513,2.529946319,2.502653148,2.505117667,2.500281567,20.46330293,97.99582697,104.1091669,103.3695271,92.08851388,91.95334046,280.2680651,297.7522174,295.6368476,263.3731497,281.3772218,1418.407502,111.3330235,277.6850217,101.2207011,102.0870279,98.87990629,318.4124471,794.1791622,289.4912051,291.9688999,302.5725132,1996.624228
2015-10-29 14:16:01,00:01:12,4.501892089,2.531426551,2.557551898,2.500575317,2.513571052,2.520216652,2.500456406,2.524604867,2.499142886,2.503591645,2.499060549,19.93884521,74.85649923,59.91916345,63.72423527,54.9750919,59.83882075,214.0895878,171.3688075,182.2513129,157.2287628,183.1067915,908.0452625,83.53845124,250.0549222,25.74971425,79.09430654,80.27457505,238.9199706,715.1570776,73.64418276,226.2097167,245.6401997,1499.571147
2015-10-29 14:16:02,00:01:13,4.224415767,2.544857118,2.582272875,2.515684705,2.529443913,2.53929461,2.501219524,2.527504512,2.501279567,2.504507258,2.501655212,17.17518104,96.28018947,101.6800281,90.47350438,85.76337303,93.74823654,275.3613419,290.8048805,258.7542225,245.2832469,286.8696038,1357.073296,95.19396929,265.4112647,80.59729596,93.57040395,116.3061387,272.2547522,759.0762172,230.5082664,267.6113553,355.8967843,1885.347375
2015-10-29 14:16:03,00:01:14,3.656184553,2.54852,2.594785962,2.521179028,2.537075096,2.551962374,2.502135266,2.535440385,2.502042667,2.505728076,2.502418348,11.51559815,101.3400046,117.280632,98.4141122,97.1523294,110.6656013,289.8324133,335.4226076,281.4643609,277.8556621,338.6367401,1523.211784,107.5255994,303.491504,92.62340003,109.9459051,124.9415291,307.5232144,867.9857013,264.9029241,314.4452887,382.3210789,2137.178207
2015-10-29 14:16:04,00:01:15,3.39152892,2.549893581,2.58501965,2.523010469,2.536159354,2.540820847,2.502593137,2.526588835,2.503874108,2.505422872,2.500128939,8.879628039,103.1734809,105.302725,100.9222389,95.85712719,95.94464886,295.0761554,301.1657936,288.6376033,274.1513838,293.5906255,1452.621562,113.1887181,260.6596488,116.5276899,106.0892627,96.75010237,323.7197338,745.4865955,333.2691932,303.4152914,296.0553133,2001.946127
2015-10-29 14:16:05,00:01:16,3.346198629,2.552335502,2.594328166,2.529420513,2.540127569,2.546467922,2.502898384,2.529793706,2.502500527,2.506491087,2.501502585,8.428138348,106.3549792,116.7466232,109.2481634,101.3501983,103.6675343,304.1752405,333.8953423,312.4497474,289.8615671,317.222655,1557.604552,116.811701,276.9338492,99.14129465,119.0421271,114.500936,334.0814648,792.0308086,283.5441027,340.4604836,350.372864,2100.489724
2015-10-29 14:16:06,00:01:17,3.151751526,2.535852533,2.571590971,2.508969421,2.519981246,2.522506007,2.499540664,2.528572803,2.500363846,2.502828634,2.498144785,6.491445197,82.53323055,86.15567369,79.70109969,69.08085589,64.85098423,236.0450394,246.4052268,227.9451451,197.5712479,198.4440117,1106.410671,66.9239127,270.8494801,63.21487146,64.59863275,62.80195896,191.4023903,774.6295132,180.7945324,184.7520897,192.1739944,1523.75252
2015-10-29 14:16:07,00:01:18,3.166556368,2.525169127,2.560451272,2.498133395,2.513113181,2.517316803,2.499540664,2.527657125,2.498837645,2.502981237,2.498297413,6.638901426,62.41230632,66.19516196,58.25945179,53.82627232,52.81156376,178.4991961,189.3181632,166.6220321,153.9431388,161.6033851,849.9859153,66.9239127,266.1949548,-13.04684879,67.7463545,66.03589636,191.4023903,761.3175706,-37.31398754,193.7545739,202.0698429,1311.23039
2015-10-29 14:16:08,00:01:19,3.631458941,2.518453844,2.552058348,2.485771169,2.499071804,2.502512308,2.49938804,2.526894061,2.497769305,2.501455215,2.496618513,11.26933105,45.41042034,45.72345787,4.407735377,-30.59175189,-35.38903085,129.8738022,130.7690895,12.60612318,-87.4924104,-108.2904344,77.46617006,63.73512611,262.2530867,-55.5577036,20.58437757,-14.9147422,182.2824607,750.043828,-158.8950323,58.87131986,-45.63911113,786.6634651
2015-10-29 14:16:09,00:01:20,4.524938803,2.515554062,2.550074566,2.486381649,2.501971654,2.50510691,2.499082793,2.527809738,2.497921925,2.501913021,2.496923767,20.16839047,35.64409671,39.35843671,13.64117812,-12.00966615,-23.32571671,101.9421166,112.565129,39.01376944,-34.34764518,-71.37669314,147.7966767,56.82322341,266.9763443,-51.67227889,40.90809436,24.71553321,162.5144189,763.5523448,-147.7827176,116.9971499,75.62953163,970.9107276
2015-10-29 14:16:10,00:01:21,3.961286406,2.513112141,2.544275818,2.490502391,2.504718879,2.504343792,2.498319675,2.529641093,2.498990266,2.501302612,2.497229022,14.5544126,24.57411631,-5.822378841,36.20764566,24.61151646,-27.43011038,70.28197265,-16.65200349,103.5538666,70.38893708,-83.93613777,143.6366351,33.84759614,276.1806335,15.6975718,2.670469117,38.00216703,96.80412495,789.8766118,44.89505534,7.637541675,116.2866311,1055.499965
2015-10-29 14:16:11,00:01:22,3.801027804,2.515554062,2.555720715,2.487144749,2.502582148,2.501749189,2.498930169,2.530251545,2.498837645,2.501455215,2.49677114,12.95823693,35.64409671,55.59150684,19.85947513,4.735550168,-38.21917581,101.9421166,158.9917096,56.79809887,13.54367348,-116.950678,214.3249205,53.0305094,279.1813036,-13.04684879,20.58437757,13.93571037,151.6672569,798.4585283,-37.31398754,58.87131986,42.64327373,1014.326391
2015-10-29 14:16:12,00:01:23,4.217852796,2.515554062,2.550379763,2.48851833,2.504261008,2.507243641,2.499540664,2.525062706,2.498990266,2.499929193,2.497076395,17.10981385,35.64409671,40.40299031,27.73750843,21.92563808,6.261968305,101.9421166,115.5525523,79.3292741,62.70732492,19.16162301,378.6928909,66.9239127,252.5416948,15.6975718,-61.17299525,32.05481462,191.4023903,722.2692471,44.89505534,-174.9547664,98.08773274,881.699659
2015-10-29 14:16:13,00:01:24,4.260435796,2.514180481,2.556788905,2.492944312,2.503345266,2.50846463,2.498472298,2.530709384,2.498837645,2.502370828,2.497381649,17.53394053,29.92542413,58.15512388,44.47030518,15.19036967,19.30096577,85.586713,166.3236543,127.1850728,43.44445727,59.06095526,481.6008526,39.52598582,281.4108096,-13.04684879,54.06688237,43.13720271,113.0443194,804.8349154,-37.31398754,154.6312836,131.9998403,1167.196371
2015-10-29 14:16:14,00:01:25,3.951213008,2.524558647,2.562129857,2.505611779,2.510518579,2.521742889,2.49938804,2.511022316,2.500058606,2.500844806,2.498907922,14.45408156,61.06261025,69.57034167,73.72699939,46.7864633,63.22442772,174.6390653,198.9711772,210.8592183,133.809285,193.4667488,911.7454946,63.73512611,159.5267202,56.23923831,-35.25087487,77.63603443,182.2824607,456.2464197,160.8442216,-100.8175021,237.5662653,936.1218652
2015-10-29 14:16:15,00:01:26,3.198608088,2.564850349,2.601195104,2.528810032,2.552337462,2.571192955,2.503051008,2.509190961,2.502958388,2.509695733,2.505318266,6.958136561,121.3580677,124.5165188,108.4827525,116.640529,132.2746653,347.0840736,356.1172438,310.2606723,333.5919131,404.7604758,1751.814379,118.5816903,143.0014006,105.256346,151.3912716,153.384495,339.1436343,408.9840056,301.0331496,432.9790368,469.3565546,1951.496381
2015-10-29 14:16:16,00:01:27,3.902524919,2.563476769,2.599211321,2.533541255,2.53432787,2.541583965,2.501830019,2.510564477,2.502653148,2.504965065,2.499671058,13.96914819,119.8032135,122.3225874,114.2806767,93.21274744,97.02421111,342.6371907,349.8426001,326.8427354,266.5884577,296.894086,1582.80507,103.5783131,155.5600559,101.2207011,100.0258771,90.05898974,296.2339756,444.9017597,289.4912051,286.0740084,275.5805086,1592.281457
2015-10-29 14:16:17,00:01:28,2.902205989,2.519064324,2.542139438,2.492181212,2.502276901,2.460846048,2.498624922,2.50598609,2.498837645,2.502981237,2.490360796,4.005971647,47.20974354,-24.84161222,42.0629413,-7.804058096,-112.3688524,135.0198665,-71.04701096,120.3000121,-22.31960616,-343.8486884,-181.8954269,44.48536103,108.1688322,-13.04684879,67.7463545,-131.549403,127.2281325,309.36286,-37.31398754,193.7545739,-402.5411732,190.4904057
2015-10-29 14:16:18,00:01:29,2.957762304,2.491592709,2.541529043,2.483787107,2.480451717,2.394760002,2.49603032,2.504612573,2.498074545,2.499471386,2.485781979,4.559312547,-72.59925992,-27.995283,-22.85161044,-77.58163141,-175.1212013,-207.6338834,-80.06650937,-65.35560585,-221.8834658,-535.8708759,-1110.81034,-71.44226409,89.16818849,-47.46988921,-70.65331508,-172.6408184,-204.3248753,255.0210191,-135.7638831,-202.0684811,-528.2809044,-815.4171249
2015-10-29 14:16:19,00:01:30,3.196013425,2.476330701,2.546564798,2.486992129,2.478772857,2.460998672,2.49480933,2.505833477,2.498990266,2.498860977,2.493565968,6.932293716,-97.14418551,24.3097316,18.78124996,-80.48116364,-112.1833081,-277.8323706,69.52583236,53.71437489,-230.176128,-343.2809228,-728.0492141,-91.85394616,106.2256173,15.6975718,-81.5979884,-92.49605777,-262.702286,303.8052654,44.89505534,-233.3702468,-283.0379368,-430.4101489
2015-10-29 14:16:20,00:01:31,3.290489687,2.503344455,2.55511032,2.48928143,2.502124277,2.521742889,2.49770918,2.508733122,2.498532405,2.50115001,2.499365803,7.87327728,-45.41553213,54.07203954,31.267977,-10.12757137,63.22442772,-129.8884219,154.6460331,89.42641422,-28.96485412,193.4667488,278.6859201,-22.82357113,138.5624664,-31.67788362,-20.23496453,85.30717741,-65.27541343,396.2886538,-90.59874716,-57.87199855,261.0399629,443.5824576
2015-10-29 14:16:21,00:01:32,2.668686312,2.522116726,2.559840877,2.495996714,2.526391439,2.532426545,2.498319675,2.506901767,2.498837645,2.505270269,2.500128939,1.680115665,55.33559372,64.92433515,53.01769601,80.75932499,83.14947261,158.259798,185.6835985,151.6306106,230.9716695,254.4373862,980.9830628,33.84759614,119.1645216,-13.04684879,104.1073795,96.75010237,96.80412495,340.8105317,-37.31398754,297.7471054,296.0553133,994.1030878
2015-10-29 14:16:22,00:01:33,3.172050949,2.513722621,2.564724033,2.493707413,2.498766557,2.501901813,2.497251309,2.507512219,2.498685025,2.500844806,2.496160631,6.693627449,27.75861672,74.48631198,46.75387743,-31.92466197,-37.67016088,79.38964381,213.0308523,133.7160894,-91.30453322,-115.2706923,219.56136,-42.08143025,125.9628563,-24.22507558,-35.25087487,-38.37199774,-120.3528905,360.253769,-69.28371617,-100.8175021,-117.4183131,-47.61865291
2015-10-29 14:16:23,00:01:34,3.914429843,2.515554062,2.548243382,2.485923789,2.498766557,2.506022652,2.498319675,2.507970058,2.497769305,2.499929193,2.497229022,14.08772124,35.64409671,32.39129549,7.816107313,-31.92466197,-17.14942523,101.9421166,92.63910511,22.35406691,-91.30453322,-52.47724119,73.1535142,33.84759614,130.8299837,-55.5577036,-61.17299525,38.00216703,96.80412495,374.1737534,-158.8950323,-174.9547664,116.2866311,253.4147107
2015-10-29 14:16:24,00:01:35,4.227163058,2.516469783,2.543970621,2.475240383,2.494645718,2.502359684,2.497861804,2.507206993,2.497464065,2.500844806,2.49677114,17.20254405,38.99335898,-10.82659602,-53.4354436,-46.30466798,-35.97287705,111.5210067,-30.96406463,-152.8253687,-132.4313504,-110.0770038,-314.7767808,-10.21134704,122.6108159,-62.60931621,-35.25087487,13.93571037,-29.20445252,350.6669335,-179.0626444,-100.8175021,42.64327373,84.22560825
2015-10-29 14:16:25,00:01:36,4.242731036,2.51234904,2.551142756,2.467304138,2.487930277,2.497017856,2.497861804,2.506596541,2.496700964,2.500386999,2.49570275,17.35760112,19.88894619,42.9032556,-70.86496705,-63.06627432,-52.46237844,56.88238611,122.703311,-202.6738058,-180.3695446,-160.534878,-363.9925312,-10.21134704,115.6155449,-77.47965278,-49.92373948,-52.17634412,-29.20445252,330.6604584,-221.591807,-142.7818949,-159.659613,-222.577309
2015-10-29 14:16:26,00:01:37,4.396426667,2.499071093,2.527337371,2.47111964,2.468394448,2.482060737,2.496182943,2.503086444,2.496548344,2.498097966,2.494786986,18.8884096,-56.82557369,-68.24871701,-63.08928987,-96.49039061,-82.67654021,-162.5211408,-195.1913306,-180.435369,-275.9625171,-252.9902131,-1067.100571,-68.46424839,61.52089832,-80.12322147,-93.49415856,-72.26542905,-195.8077504,175.9497692,-229.1524134,-267.3932935,-221.1322129,-737.535901
2015-10-29 14:16:27,00:01:38,3.717235449,2.501360394,2.542597233,2.476919204,2.484877803,2.491676028,2.497251309,2.504002121,2.497616685,2.498860977,2.495855377,12.12366508,-51.03131186,-22.18407241,-48.95966918,-69.35879568,-64.88878501,-145.9495519,-63.4464471,-140.0246539,-198.3661556,-198.5596821,-746.3464906,-42.08143025,79.27488805,-59.1886176,-81.5979884,-48.01788549,-120.3528905,226.7261798,-169.2794463,-233.3702468,-146.9347296,-443.2111335
2015-10-29 14:16:28,00:01:39,3.566592364,2.513112141,2.549006375,2.481192566,2.495103589,2.508312007,2.498014427,2.504917799,2.497769305,2.500539601,2.497076395,10.62325994,24.57411631,35.46101717,-35.07811198,-44.93472087,18.18963718,70.28197265,101.4185091,-100.3234003,-128.5133017,55.66028976,-1.475930417,17.67405394,93.72403544,-55.5577036,-45.56088859,32.05481462,50.54779426,268.0507414,-158.8950323,-130.3041414,98.08773274,127.4870947
2015-10-29 14:16:29,00:01:40,3.805911876,2.51234904,2.551600552,2.483329247,2.497087696,2.507396265,2.497251309,2.504307347,2.498379785,2.49977659,2.496313258,13.00688228,19.88894619,44.33578657,-25.43985666,-38.43816088,8.993143284,56.88238611,126.8003496,-72.75799004,-109.9331401,27.51901845,28.510624,-42.08143025,84.36668096,-37.68451054,-64.48814265,-32.49240914,-120.3528905,241.2887076,-107.7777001,-184.436088,-99.42677197,-270.704743
2015-10-29 14:16:30,00:01:41,3.788970252,2.512501661,2.542139438,2.483329247,2.503040019,2.509838243,2.497861804,2.504765186,2.497769305,2.501913021,2.497992158,12.83814371,20.91013111,-24.84161222,-25.43985666,12.14160503,27.3405686,59.80297498,-71.04701096,-72.75799004,34.72499038,83.66213992,34.38510427,-10.21134704,91.47447911,-55.5577036,40.90809436,59.39219217,-29.20445252,261.6170103,-158.8950323,116.9971499,181.740108,372.2547834
2015-10-29 14:16:31,00:01:42,3.263932547,2.510212359,2.541529043,2.479971605,2.499529675,2.504649039,2.497556556,2.503544283,2.497921925,2.499471386,2.496923767,7.608768169,-13.70100188,-27.995283,-39.54467295,-28.47564128,-25.86662323,-39.18486537,-80.06650937,-113.0977646,-81.44033406,-79.15186709,-392.9413405,-30.61958834,70.95536909,-51.67227889,-70.65331508,24.71553321,-87.57202265,202.9323556,-147.7827176,-202.0684811,75.62953163,-158.8613342
2015-10-29 14:16:32,00:01:43,3.283010952,2.512654281,2.547022593,2.478750645,2.49098275,2.497475727,2.49770918,2.500339411,2.497921925,2.500386999,2.496160631,7.798789082,21.88371507,26.75697441,-43.55557803,-56.07198387,-51.25727279,62.58742511,76.5249468,-124.5689532,-160.3658739,-156.8472547,-302.6697099,-22.82357113,-60.94456418,-51.67227889,-49.92373948,-38.37199774,-65.27541343,-174.3014536,-147.7827176,-142.7818949,-117.4183131,-647.5597926
2015-10-29 14:16:33,00:01:44,3.654658281,2.504412796,2.530694541,2.471424881,2.482893696,2.491981275,2.497251309,2.502323379,2.496853584,2.499471386,2.496313258,11.50039648,-42.08238043,-61.1671597,-62.42540902,-73.15927464,-64.24348731,-120.355608,-174.9380767,-178.5366698,-209.2355255,-196.5850712,-879.6509512,-42.08143025,41.2522542,-74.74264225,-70.65331508,-32.49240914,-120.3528905,117.981447,-213.7639568,-202.0684811,-99.42677197,-517.6306535
2015-10-29 14:16:34,00:01:45,3.786222962,2.506549477,2.537256282,2.472035361,2.479688599,2.480229253,2.496946062,2.500644637,2.497006204,2.499318784,2.494176477,12.8107807,-34.46214023,-44.1604696,-61.07600251,-78.91280902,-85.64684962,-98.56172106,-126.2989431,-174.6773672,-225.6906338,-262.0793599,-887.3080249,-51.0307197,-53.67504934,-71.90151979,-73.54234241,-82.99943656,-145.9478583,-153.5106411,-205.6383466,-210.3310993,-253.9782759,-969.4062212
2015-10-29 14:16:35,00:01:46,3.690220428,2.506396857,2.543207628,2.472798461,2.478925481,2.47595579,2.497098685,2.50186554,2.497769305,2.498250568,2.493871223,11.85459546,-35.06141058,-18.04169883,-59.34611251,-80.22190052,-92.20621164,-100.2756343,-51.59925865,-169.7298818,-229.4346355,-282.1510076,-833.1904178,-46.77061644,21.2580574,-55.5577036,-91.23909519,-87.87612638,-133.763963,60.79804416,-158.8950323,-260.9438122,-268.9009467,-761.7057101
2015-10-29 14:16:36,00:01:47,3.304836647,2.510517599,2.537866676,2.482718767,2.498308686,2.502512308,2.497403933,2.500949863,2.497769305,2.500997408,2.497534276,8.016173007,-10.21717416,-42.23170495,-28.52787963,-33.82568815,-35.38903085,-29.22111809,-120.7826762,-81.58973574,-96.74146811,-108.2904344,-436.6254325,-36.79949702,-45.25242469,-55.5577036,-28.74089394,47.72286471,-105.2465615,-129.4219346,-158.8950323,-82.19895666,146.031966,-329.730519
2015-10-29 14:16:37,00:01:48,3.052696447,2.516317163,2.552058348,2.482718767,2.498308686,2.507854136,2.497861804,2.501560315,2.498379785,2.500844806,2.497839531,5.504856613,38.45541109,45.72345787,-28.52787963,-33.82568815,14.34816237,109.9824757,130.7690895,-81.58973574,-96.74146811,43.90537685,106.3257382,-10.21134704,-19.52751846,-37.68451054,-35.25087487,55.7743573,-29.20445252,-55.84870279,-107.7777001,-100.8175021,170.6695333,-122.9788242
2015-10-29 14:16:38,00:01:49,3.601849256,2.514790962,2.54076605,2.479513745,2.491287997,2.510296114,2.497556556,2.501712928,2.497311445,2.500234397,2.497381649,10.97441859,32.59117394,-31.49640591,-41.09466347,-55.32394253,29.53810808,93.21075746,-90.0797209,-117.5307375,-158.2264756,90.38661071,-182.2395659,-30.61958834,5.940581926,-65.85256639,-53.93482139,43.13720271,-87.57202265,16.99006431,-188.3383399,-154.2535892,131.9998403,-281.1740471
2015-10-29 14:16:39,00:01:50,3.314146909,2.509296639,2.53740888,2.482413527,2.490677503,2.508617254,2.496488191,2.499728959,2.497921925,2.498708375,2.497992158,8.108903213,-20.92123005,-43.68626251,-29.95274146,-56.81017632,20.35169916,-59.83471793,-124.9427108,-85.66484057,-162.4771043,62.27619944,-370.6431741,-62.08112214,-73.35324033,-51.67227889,-84.11193082,59.39219217,-177.5520093,-209.7902673,-147.7827176,-240.5601221,181.740108,-593.9450084
2015-10-29 14:16:40,00:01:51,3.104131827,2.509601879,2.542597233,2.479971605,2.494645718,2.502664931,2.496640814,2.502018153,2.498837645,2.500997408,2.497381649,6.017152996,-18.824746,-22.18407241,-39.54467295,-46.30466798,-34.79538943,-53.83877356,-63.4464471,-113.0977646,-132.4313504,-106.4738916,-469.2882274,-58.62953125,29.47065481,-13.04684879,-28.74089394,43.13720271,-167.6804594,84.28607277,-37.31398754,-82.19895666,131.9998403,-70.90749054
2015-10-29 14:16:41,00:01:52,2.72683729,2.514943582,2.54961677,2.485313308,2.49891918,2.504954286,2.498167051,2.503239057,2.498685025,2.500997408,2.497229022,2.259299409,33.22420836,37.73743382,-10.27434066,-31.26531085,-24.20234367,95.0212359,107.9290607,-29.38461428,-89.41878903,-74.05917164,10.08772167,27.0002958,64.81848055,-24.22507558,-28.74089394,38.00216703,77.22084599,185.3808544,-69.28371617,-82.19895666,116.2866311,227.4056587
2015-10-29 14:16:42,00:01:54,3.051170175,2.513417381,2.541071247,2.485618548,2.492966857,2.499765082,2.49770918,2.502018153,2.497921925,2.50115001,2.496618513,5.48965494,26.21476678,-30.14479224,-4.71542906,-51.01402206,-44.74753991,74.97423299,-86.21410581,-13.48612711,-145.9001031,-136.9274721,-307.5535752,-22.82357113,29.47065481,-51.67227889,-20.23496453,-14.9147422,-65.27541343,84.28607277,-147.7827176,-57.87199855,-45.63911113,-232.283168
2015-10-29 14:16:43,00:01:55,3.217381239,2.508380918,2.536035493,2.479208505,2.493882599,2.496712608,2.497098685,2.499576347,2.496700964,2.500386999,2.496465886,7.14511714,-26.22362067,-47.7850125,-42.0962964,-48.50200174,-53.25063295,-74.99955511,-136.6651357,-120.3954077,-138.715725,-162.9469368,-633.7227604,-46.77061644,-76.14008377,-77.47965278,-49.92373948,-25.28048839,-133.763963,-217.7606396,-221.591807,-142.7818949,-77.35829448,-793.256599
2015-10-29 14:16:44,00:01:56,3.24332787,2.506549477,2.534662105,2.475240383,2.49098275,2.500375576,2.496488191,2.499576347,2.496853584,2.500234397,2.496923767,7.403545582,-34.46214023,-51.55894982,-53.4354436,-56.07198387,-42.84489248,-98.56172106,-147.4585965,-152.8253687,-160.3658739,-131.105371,-690.3169311,-62.08112214,-76.14008377,-74.74264225,-53.93482139,24.71553321,-177.5520093,-217.7606396,-213.7639568,-154.2535892,75.62953163,-687.7006633
2015-10-29 14:16:45,00:01:57,3.371076869,2.510212359,2.544581015,2.484092348,2.494645718,2.503885921,2.497098685,2.50339167,2.497769305,2.500386999,2.497076395,8.675925619,-13.70100188,7.029579697,-20.9492075,-46.30466798,-29.62100763,-39.18486537,20.10459793,-59.91473345,-132.4313504,-90.64028334,-302.0666347,-46.77061644,67.95623527,-55.5577036,-49.92373948,32.05481462,-133.763963,194.3548329,-158.8950323,-142.7818949,98.08773274,-142.9983246
2015-10-29 14:16:46,00:01:58,3.359935081,2.51112808,2.54412322,2.479971605,2.495256212,2.503122802,2.496640814,2.500034185,2.497921925,2.500234397,2.497381649,8.564953406,7.890688293,-8.692389684,-39.54467295,-44.46869416,-32.95035642,22.56736852,-24.8602345,-113.0977646,-127.1804653,-100.8280906,-343.3991866,-58.62953125,-67.43492333,-51.67227889,-53.93482139,43.13720271,-167.6804594,-192.8638807,-147.7827176,-154.2535892,131.9998403,-530.5808066
2015-10-29 14:16:47,00:01:59,3.225012601,2.5112807,2.53740888,2.481650426,2.496324578,2.506022652,2.497403933,2.501255089,2.497006204,2.50115001,2.497534276,7.221125505,10.19442809,-43.68626251,-33.24881551,-41.05866665,-17.14942523,29.15606434,-124.9427108,-95.09161236,-117.4277866,-52.47724119,-360.7832866,-36.79949702,-34.85043699,-71.90151979,-20.23496453,47.72286471,-105.2465615,-99.6722498,-205.6383466,-57.87199855,146.031966,-322.3971904
2015-10-29 14:16:48,00:02:00,3.329714887,2.512501661,2.538782268,2.479513745,2.497087696,2.504649039,2.49770918,2.501102476,2.497616685,2.500692204,2.497076395,8.263960279,20.91013111,-39.16084326,-41.09466347,-38.43816088,-25.86662323,59.80297498,-112.0000117,-117.5307375,-109.9331401,-79.15186709,-358.8127815,-22.82357113,-40.38771409,-59.1886176,-40.73339384,32.05481462,-65.27541343,-115.5088623,-169.2794463,-116.4975064,98.08773274,-368.4734957
2015-10-29 14:16:49,00:02:01,3.396107737,2.51219642,2.534814704,2.481650426,2.496782449,2.504191168,2.497403933,2.498813282,2.497464065,2.501913021,2.497229022,8.925233058,18.81241022,-51.1533749,-33.24881551,-39.5072268,-28.17934234,53.80349323,-146.2986522,-95.09161236,-112.9906687,-86.22878755,-386.8062276,-36.79949702,-88.77153153,-62.60931621,40.90809436,38.00216703,-105.2465615,-253.8865802,-179.0626444,116.9971499,116.2866311,-304.912005
2015-10-29 14:16:50,00:02:02,3.224096837,2.508686158,2.538629669,2.479361125,2.498003438,2.507091017,2.496793438,2.502628605,2.497616685,2.500997408,2.497534276,7.212004501,-24.5835611,-39.68915706,-41.59849478,-35.03578081,-1.565928489,-70.30898473,-113.5109892,-118.9716951,-100.2023331,-4.791741176,-407.7857433,-54.96160609,50.34855964,-59.1886176,-28.74089394,47.72286471,-157.1901934,143.9968806,-169.2794463,-82.19895666,146.031966,-118.6397498
2015-10-29 14:16:51,00:02:03,3.137251938,2.513722621,2.540613451,2.485923789,2.499377051,2.505870028,2.49770918,2.503239057,2.498379785,2.500692204,2.497076395,6.347029302,27.75861672,-32.15091178,7.816107313,-29.19805688,-18.32395058,79.38964381,-91.95160769,22.35406691,-83.50644267,-56.07128876,-129.7856284,-22.82357113,64.81848055,-37.68451054,-40.73339384,32.05481462,-65.27541343,185.3808544,-107.7777001,-116.4975064,98.08773274,-6.082032834
2015-10-29 14:16:52,00:02:04,3.436706583,2.514485722,2.543665424,2.485771169,2.500292793,2.506938394,2.497098685,2.502781218,2.497769305,2.500997408,2.497839531,9.329597562,31.28670347,-14.160871,4.407735377,-24.54669531,-6.64202613,89.47997192,-40.50009107,12.60612318,-70.2035486,-20.32459996,-28.94214453,-46.77061644,54.32855556,-55.5577036,-28.74089394,55.7743573,-133.763963,155.3796689,-158.8950323,-82.19895666,170.6695333,-48.80874974
2015-10-29 14:16:53,00:02:05,3.354745755,2.513264761,2.544581015,2.482718767,2.500445417,2.507091017,2.496793438,2.500644637,2.498227165,2.500692204,2.497992158,8.513267717,25.40768771,7.029579697,-28.52787963,-23.68281807,-1.565928489,72.66598686,20.10459793,-81.58973574,-67.73285968,-4.791741176,-61.34375181,-54.96160609,-53.67504934,-42.85739561,-40.73339384,59.39219217,-157.1901934,-153.5106411,-122.5721514,-116.4975064,181.740108,-368.0303843
2015-10-29 14:16:54,00:02:06,3.382371285,2.513417381,2.544886213,2.482108287,2.500598041,2.506327899,2.497556556,2.501255089,2.497921925,2.50115001,2.497229022,8.788418,26.21476678,11.520854,-31.31283324,-22.78621278,-14.51805867,74.97423299,32.94964243,-89.55470307,-65.16856854,-44.42525952,-91.22465572,-30.61958834,-34.85043699,-51.67227889,-20.23496453,38.00216703,-87.57202265,-99.6722498,-147.7827176,-57.87199855,116.2866311,-276.6123575
2015-10-29 14:16:55,00:02:07,3.194334526,2.5112807,2.541529043,2.480429466,2.501055912,2.507091017,2.497403933,2.500644637,2.498074545,2.501302612,2.497381649,6.915571876,10.19442809,-27.995283,-37.93139797,-19.85493277,-1.565928489,29.15606434,-80.06650937,-108.4837982,-56.78510773,-4.791741176,-220.9710921,-36.79949702,-53.67504934,-47.46988921,2.670469117,43.13720271,-105.2465615,-153.5106411,-135.7638831,7.637541675,131.9998403,-254.8837038
2015-10-29 14:16:56,00:02:08,3.021865745,2.51143332,2.543207628,2.483024007,2.501513783,2.508769878,2.497403933,2.50079725,2.498532405,2.501455215,2.497839531,5.197782817,12.06605845,-18.04169883,-27.02800606,-16.40808393,21.35078542,34.50892716,-51.59925865,-77.30009733,-46.92712003,65.33340337,-75.98414548,-36.79949702,-49.64268759,-31.67788362,20.58437757,55.7743573,-105.2465615,-141.9780865,-90.59874716,58.87131986,170.6695333,-108.2825419
2015-10-29 14:16:57,00:02:09,2.947231024,2.515096202,2.545954403,2.483939728,2.500598041,2.508312007,2.497556556,2.49820283,2.498532405,2.500386999,2.497839531,4.454421003,33.84540476,20.59934169,-21.92105603,-22.78621278,18.18963718,96.79785761,58.91411723,-62.69422023,-65.16856854,55.66028976,83.50947583,-30.61958834,-97.70794632,-31.67788362,-49.92373948,55.7743573,-87.57202265,-279.4447265,-90.59874716,-142.7818949,170.6695333,-429.7278578
2015-10-29 14:16:58,00:02:10,3.315367927,2.508380918,2.544428417,2.479513745,2.496782449,2.504496415,2.497098685,2.485841183,2.497464065,2.501760419,2.497229022,8.121064552,-26.22362067,2.785219501,-41.09466347,-39.5072268,-26.65983077,-74.99955511,7.965727773,-117.5307375,-112.9906687,-81.57908214,-379.1343157,-46.77061644,-208.0687784,-62.60931621,35.45260202,38.00216703,-133.763963,-595.0767061,-179.0626444,101.3944418,116.2866311,-690.2222406
2015-10-29 14:16:59,00:02:11,3.430601493,2.497544892,2.531152337,2.46944082,2.492814234,2.5005282,2.494504083,2.478973601,2.496548344,2.499623988,2.49677114,9.26879087,-60.38029355,-60.13691709,-66.62248811,-51.4207626,-42.35587837,-172.6876395,-171.9915829,-190.540316,-147.063381,-129.6089878,-811.8919073,-96.28309824,-249.0788401,-80.12322147,-67.64100633,13.93571037,-275.369661,-712.3654828,-229.1524134,-193.4532781,42.64327373,-1367.697562
2015-10-29 14:17:00,00:02:12,2.969819856,2.485793146,2.521233427,2.467151518,2.486556664,2.496559985,2.495267201,2.481262795,2.496395724,2.499929193,2.496618513,4.679405765,-82.78805368,-79.52477032,-71.15832318,-65.97222422,-53.64041656,-236.7738335,-227.4408431,-203.5128043,-188.6805613,-164.1396747,-1020.547717,-84.77745014,-236.2012939,-82.68231154,-61.17299525,-14.9147422,-242.4635074,-675.5357006,-236.471411,-174.9547664,-45.63911113,-1375.064497
2015-10-29 14:17:01,00:02:13,2.866949096,2.486403626,2.530694541,2.465320077,2.484419932,2.496865232,2.494198836,2.477142246,2.496548344,2.499166182,2.496160631,3.654812999,-81.77535217,-61.1671597,-74.58865722,-70.25407942,-52.85797509,-233.8775072,-174.9380767,-213.3235597,-200.9266671,-161.7454038,-984.8112145,-100.5172751,-258.920147,-80.12322147,-76.32208934,-38.37199774,-287.4794067,-740.5116203,-229.1524134,-218.2811755,-117.4183131,-1592.842929
2015-10-29 14:17:02,00:02:14,2.904953279,2.504718036,2.53740888,2.472340601,2.488998642,2.49594949,2.49603032,2.475921343,2.497464065,2.497792762,2.496313258,4.033334659,-41.0804082,-43.68626251,-60.38999319,-60.71000167,-55.17202013,-117.4899674,-124.9427108,-172.7153805,-173.6306048,-168.8263816,-757.6050451,-71.44226409,-265.278266,-62.60931621,-97.84849552,-32.49240914,-204.3248753,-758.6958408,-179.0626444,-279.8466972,-99.42677197,-1521.35683
2015-10-29 14:17:03,00:02:15,2.869696387,2.5120438,2.537103683,2.476919204,2.492814234,2.503122802,2.496335567,2.472716471,2.497616685,2.499318784,2.496618513,3.68217601,17.67040961,-44.62963834,-48.95966918,-51.4207626,-32.95035642,50.5373715,-127.6407656,-140.0246539,-147.063381,-100.8280906,-465.0195197,-65.35066577,-281.285376,-59.1886176,-73.54234241,-14.9147422,-186.9029041,-804.4761753,-169.2794463,-210.3310993,-45.63911113,-1416.628736
2015-10-29 14:17:04,00:02:16,2.679522846,2.513722621,2.541681642,2.485160688,2.501666406,2.508769878,2.497556556,2.476531794,2.498227165,2.502828634,2.497839531,1.788047544,27.75861672,-27.24111464,-12.13365066,-15.08511979,21.35078542,79.38964381,-77.90958788,-34.70224089,-43.1434426,65.33340337,-11.03222419,-30.61958834,-262.1184855,-42.85739561,64.59863275,55.7743573,-87.57202265,-749.6588686,-122.5721514,184.7520897,170.6695333,-604.3814197
2015-10-29 14:17:05,00:02:17,2.963867394,2.520132665,2.55404213,2.489891911,2.500750664,2.508312007,2.497251309,2.481415408,2.498990266,2.500844806,2.497076395,4.62011924,50.20362239,51.30480152,33.82809476,-21.85285138,18.18963718,143.58236,146.7317324,96.74835101,-62.49915496,55.66028976,380.2235782,-42.08143025,-235.3177357,15.6975718,-35.25087487,32.05481462,-120.3528905,-673.0087242,44.89505534,-100.8175021,98.08773274,-751.1963288
2015-10-29 14:17:06,00:02:18,3.091616393,2.516927643,2.544733614,2.483176627,2.498308686,2.508312007,2.498472298,2.487672538,2.498532405,2.500844806,2.497686904,5.892499277,40.56442101,9.543193058,-26.24594653,-33.82568815,18.18963718,116.0142441,27.29353215,-75.06340707,-96.74146811,55.66028976,27.16319081,39.52598582,-195.6865929,-31.67788362,-35.25087487,51.90496483,113.0443194,-559.6636557,-90.59874716,-100.8175021,158.8291924,-479.2063931
2015-10-29 14:17:07,00:02:19,2.832302713,2.516622403,2.545344009,2.489739291,2.500750664,2.511822351,2.496793438,2.481110182,2.498532405,2.501302612,2.497839531,3.30973502,39.52398572,16.05312138,33.20657454,-21.85285138,35.90464621,113.0385992,45.91192714,94.97080319,-62.49915496,109.8682174,301.2903919,-54.96160609,-237.0815593,-31.67788362,2.670469117,55.7743573,-157.1901934,-678.0532595,-90.59874716,7.637541675,170.6695333,-747.535125
2015-10-29 14:17:08,00:02:20,2.933036691,2.517690743,2.546412199,2.489739291,2.503650514,2.513653835,2.496946062,2.483704602,2.498074545,2.50115001,2.498144785,4.313045443,43.0556531,23.43726749,33.20657454,17.72219199,42.2979452,123.1391679,67.03058501,94.97080319,50.6854691,129.4317123,465.2577375,-51.0307197,-221.6420975,-47.46988921,-20.23496453,62.80195896,-145.9478583,-633.8963989,-135.7638831,-57.87199855,192.1739944,-781.3061445
2015-10-29 14:17:09,00:02:21,2.743473659,2.517538123,2.547938185,2.487144749,2.504108385,2.515790566,2.497403933,2.486756861,2.497921925,2.501607817,2.49845004,2.424997646,42.56907165,31.07862509,19.85947513,20.95397877,48.70746838,121.7475449,88.88486776,56.79809887,59.92837928,149.0448532,476.4037441,-36.79949702,-201.9725961,-51.67227889,28.98795948,69.11868898,-105.2465615,-577.6416249,-147.7827176,82.90556412,211.5031883,-536.2621516
2015-10-29 14:17:10,00:02:22,2.760110028,2.518453844,2.548243382,2.48882357,2.503345266,2.51594319,2.498014427,2.486146409,2.498837645,2.50115001,2.498602667,2.590695883,45.41042034,32.39129549,29.20096195,15.19036967,49.13330698,129.8738022,92.63910511,83.51475116,43.44445727,150.3479194,499.8200351,17.67405394,-206.0567581,-13.04684879,-20.23496453,72.06973515,50.54779426,-589.3223281,-37.31398754,-57.87199855,220.5333896,-413.4271303
2015-10-29 14:17:11,00:02:23,2.995461232,2.514485722,2.546412199,2.48760261,2.503803137,2.509838243,2.497556556,2.487977764,2.497921925,2.501760419,2.498144785,4.934793873,31.28670347,23.43726749,22.79010662,18.86108343,27.3405686,89.47997192,67.03058501,65.17970492,53.9426986,83.66213992,359.2951004,-30.61958834,-193.5458955,-51.67227889,35.45260202,62.80195896,-87.57202265,-553.5412611,-147.7827176,101.3944418,192.1739944,-495.3275651
2015-10-29 14:17:12,00:02:24,2.842681365,2.513722621,2.543512825,2.484092348,2.502734772,2.50846463,2.496946062,2.489961732,2.497921925,2.501455215,2.497381649,3.413106397,27.75861672,-15.56238448,-20.9492075,8.005611437,19.30096577,79.38964381,-44.5084196,-59.91473345,22.89604871,59.06095526,56.92349473,-51.0307197,-179.0084503,-51.67227889,20.58437757,43.13720271,-145.9478583,-511.9641678,-147.7827176,58.87131986,131.9998403,-614.8235837
2015-10-29 14:17:13,00:02:25,3.239206934,2.509907119,2.544275818,2.478598025,2.501361159,2.500222953,2.497098685,2.488740829,2.498227165,2.500234397,2.496160631,7.362501065,-16.4634218,-5.822378841,-44.03125913,-17.63206163,-43.32838782,-47.08538633,-16.65200349,-125.9294011,-50.42769626,-132.5848667,-372.6793539,-46.77061644,-188.0875892,-42.85739561,-53.93482139,-38.37199774,-133.763963,-537.930505,-122.5721514,-154.2535892,-117.4183131,-1065.938522
2015-10-29 14:17:14,00:02:26,3.24882245,2.503497076,2.530236745,2.482260907,2.500903288,2.495186372,2.494961954,2.487825151,2.498074545,2.501607817,2.495397495,7.458271605,-44.95450096,-62.18033495,-30.64033491,-20.87780483,-57.02870944,-128.5698727,-177.835758,-87.63135784,-59.71052181,-174.5078509,-628.2553613,-89.55726455,-194.6191875,-47.46988921,28.98795948,-59.62950614,-256.1337766,-556.6108763,-135.7638831,82.90556412,-182.4662888,-1048.069261
2015-10-29 14:17:15,00:02:27,3.230201927,2.501055154,2.530389344,2.483481867,2.493119481,2.491676028,2.49480933,2.490572184,2.497311445,2.500997408,2.496160631,7.272811194,-51.84131166,-61.84445417,-24.607375,-50.60401237,-64.88878501,-148.2661513,-176.8751389,-70.3770925,-144.7274754,-198.5596821,-738.8055403,-91.85394616,-174.2916157,-65.85256639,-28.74089394,-38.37199774,-262.702286,-498.474021,-188.3383399,-82.19895666,-117.4183131,-1149.131917
2015-10-29 14:17:16,00:02:28,3.55239803,2.498613233,2.536188091,2.483634487,2.49434047,2.492897017,2.49603032,2.491335248,2.498074545,2.49977659,2.496008004,10.48188438,-57.91490337,-47.3471211,-23.74572597,-47.19587943,-62.26748258,-165.6366236,-135.4127663,-67.91277628,-134.9802152,-190.5384967,-694.4808781,-71.44226409,-168.2096753,-47.46988921,-64.48814265,-43.46336122,-204.3248753,-481.0796713,-135.7638831,-184.436088,-132.9978853,-1138.602403
2015-10-29 14:17:17,00:02:29,3.745624116,2.496781792,2.53191533,2.475545623,2.487472406,2.490760286,2.49603032,2.493929668,2.497006204,2.500081795,2.495550122,12.4064162,-62.0813729,-58.3794577,-52.64997462,-64.04957528,-66.78727943,-177.5527265,-166.965249,-150.5789274,-183.1817853,-204.3690751,-882.6477633,-71.44226409,-145.6435667,-71.90151979,-57.66758321,-56.02699746,-204.3248753,-416.5406007,-205.6383466,-164.929288,-171.4426122,-1162.875723
2015-10-29 14:17:18,00:02:30,3.378097722,2.487929827,2.52199642,2.477224444,2.480604341,2.493812759,2.492977846,2.487672538,2.497006204,2.498860977,2.49570275,8.745853316,-79.18695725,-78.20422865,-48.1011684,-77.31264549,-60.22668107,-226.4746977,-223.6640939,-137.5693416,-221.1141661,-184.2936441,-993.1159435,-115.9175263,-195.6865929,-71.90151979,-81.5979884,-52.17634412,-331.5241254,-559.6636557,-205.6383466,-233.3702468,-159.659613,-1489.855987
2015-10-29 14:17:19,00:02:31,3.406944271,2.49372939,2.535577697,2.477224444,2.488235524,2.494728501,2.495114578,2.497897604,2.497921925,2.499471386,2.496313258,9.033164937,-68.46433311,-49.07524884,-48.1011684,-62.40213296,-58.11425675,-195.8079927,-140.3552117,-137.5693416,-178.4701003,-177.8296257,-830.0322719,-87.20011378,-101.8826372,-51.67227889,-70.65331508,-32.49240914,-249.3923254,-291.3843423,-147.7827176,-202.0684811,-99.42677197,-990.0546384
2015-10-29 14:17:20,00:02:32,3.33398845,2.51158594,2.542292036,2.481192566,2.496324578,2.502664931,2.496793438,2.49820283,2.497616685,2.500081795,2.497534276,8.306524963,13.68404797,-23.98850047,-35.07811198,-41.05866665,-34.79538943,39.13637719,-68.60711135,-100.3234003,-117.4277866,-106.4738916,-353.6958127,-54.96160609,-97.70794632,-59.1886176,-57.66758321,47.72286471,-157.1901934,-279.4447265,-169.2794463,-164.929288,146.031966,-624.8116882
2015-10-29 14:17:21,00:02:33,2.950436196,2.519216944,2.551295355,2.485160688,2.502124277,2.513501211,2.498167051,2.495455797,2.499142886,2.50115001,2.498602667,4.486344517,47.64895893,43.38602176,-12.13365066,-10.12757137,41.80253329,136.2760225,124.0840222,-34.70224089,-28.96485412,127.9157519,324.6087017,27.0002958,-130.5599617,25.74971425,-20.23496453,72.06973515,77.22084599,-373.4014906,73.64418276,-57.87199855,220.5333896,-59.87507079
2015-10-29 14:17:22,00:02:34,3.06582239,2.519522184,2.547632988,2.48897619,2.501971654,2.519453534,2.497556556,2.4919457,2.498837645,2.500692204,2.498907922,5.635591002,48.5154624,29.70800989,29.90584526,-12.00966615,58.07204641,138.7542225,84.96490828,85.53071745,-34.34764518,177.700462,452.602665,-30.61958834,-163.1809943,-13.04684879,-40.73339384,77.63603443,-87.57202265,-466.6976436,-37.31398754,-116.4975064,237.5662653,-470.5148949
2015-10-29 14:17:23,00:02:35,2.827571268,2.518453844,2.54961677,2.489739291,2.503650514,2.518995663,2.49770918,2.494997959,2.498074545,2.502218226,2.499060549,3.262609833,45.41042034,37.73743382,33.20657454,17.72219199,56.98569502,129.8738022,107.9290607,94.97080319,50.6854691,174.3762267,557.8353619,-22.82357113,-135.2617724,-47.46988921,50.06638168,80.27457505,-65.27541343,-386.8486691,-135.7638831,143.1898516,245.6401997,-199.0579145
2015-10-29 14:17:24,00:02:36,2.837339412,2.518301224,2.549158974,2.494470513,2.508534471,2.51930091,2.497861804,2.502018153,2.499295506,2.502676032,2.498602667,3.359900541,44.94933674,36.04360251,48.9309929,40.58738991,57.71220144,128.5551031,103.0847032,139.9426397,116.0799351,176.5993364,664.2617175,-10.21134704,29.47065481,32.85851195,61.28946205,72.06973515,-29.20445252,84.28607277,93.97534418,175.2878615,220.5333896,544.8782155
2015-10-29 14:17:25,00:02:37,2.715390247,2.520132665,2.55297394,2.489891911,2.50181903,2.517011555,2.498014427,2.501712928,2.498685025,2.501607817,2.498907922,2.145286861,50.20362239,48.37953966,33.82809476,-13.63438521,52.01665607,143.58236,138.3654834,96.74835101,-38.9943417,159.1709676,498.8728204,17.67405394,5.940581926,-24.22507558,28.98795948,77.63603443,50.54779426,16.99006431,-69.28371617,82.90556412,237.5662653,318.7259719
2015-10-29 14:17:26,00:02:38,2.49789643,2.518911704,2.553279137,2.492333832,2.507618729,2.513806459,2.498167051,2.497897604,2.498379785,2.502218226,2.497992158,0.020951554,46.76640335,49.23306759,42.55531028,37.38114425,42.78762143,133.7519136,140.8065733,121.7081874,106.9100725,130.9301216,634.1068684,27.0002958,-101.8826372,-37.68451054,50.06638168,59.39219217,77.22084599,-291.3843423,-107.7777001,143.1898516,181.740108,2.988763211
2015-10-29 14:17:27,00:02:39,2.528727133,2.518301224,2.552668742,2.48867095,2.508229224,2.513806459,2.497098685,2.498355443,2.498990266,2.501913021,2.498144785,0.286122242,44.94933674,47.51068061,28.47863719,39.5475342,42.78762143,128.5551031,135.8805465,81.44890236,113.1059478,130.9301216,589.9206214,-46.77061644,-95.55222804,15.6975718,40.90809436,62.80195896,-133.763963,-273.2793722,44.89505534,116.9971499,192.1739944,-52.97713557
2015-10-29 14:17:28,00:02:40,2.307265008,2.517538123,2.552058348,2.489891911,2.50639774,2.50968562,2.498014427,2.493777055,2.498532405,2.502828634,2.497992158,1.919640523,42.56907165,45.72345787,33.82809476,32.61954801,26.56769302,121.7475449,130.7690895,96.74835101,93.29190731,81.29714064,523.8540334,17.67405394,-147.0668658,-31.67788362,64.59863275,59.39219217,50.54779426,-420.6112361,-90.59874716,184.7520897,181.740108,-94.16999127
2015-10-29 14:17:29,00:02:41,2.419293402,2.518301224,2.550837559,2.491418112,2.506550363,2.509990867,2.498167051,2.496066249,2.499295506,2.501302612,2.498297413,0.803837718,44.94933674,41.92104788,39.50916373,33.25205695,28.09218878,128.5551031,119.8941969,112.9962083,95.10088288,85.96209767,542.5084888,27.0002958,-124.0138929,32.85851195,2.670469117,66.03589636,77.22084599,-354.6797338,93.97534418,7.637541675,202.0698429,26.22384087
2015-10-29 14:17:30,00:02:42,2.331990621,2.517995984,2.547938185,2.493707413,2.508229224,2.512585469,2.497251309,2.489503893,2.499142886,2.502370828,2.498144785,1.673373419,44.01268077,31.07862509,46.75387743,39.5475342,38.69709957,125.876267,88.88486776,133.7160894,113.1059478,118.4131247,579.9962967,-42.08143025,-182.4660756,25.74971425,54.06688237,62.80195896,-120.3528905,-521.8529762,73.64418276,154.6312836,192.1739944,-221.756406
2015-10-29 14:17:31,00:02:43,2.327564431,2.515706682,2.552210946,2.493249553,2.503192643,2.50968562,2.497403933,2.490114345,2.498837645,2.500997408,2.497229022,1.71745827,36.22381858,46.17674894,45.39752028,13.75074368,26.56769302,103.6001211,132.065502,129.836908,39.32712692,81.29714064,486.1267987,-36.79949702,-177.8409705,-13.04684879,-28.74089394,38.00216703,-105.2465615,-508.6251756,-37.31398754,-82.19895666,116.2866311,-617.0980502
2015-10-29 14:17:32,00:02:44,2.179363381,2.517080263,2.550532362,2.489586671,2.505939869,2.512585469,2.498167051,2.484315054,2.498532405,2.501455215,2.498297413,3.193540727,41.0747569,40.91526817,32.57319742,30.64378853,38.69709957,117.4738047,117.017667,93.15934463,87.64123518,118.4131247,533.7051762,27.0002958,-217.8503189,-31.67788362,20.58437757,66.03589636,77.22084599,-623.051912,-90.59874716,58.87131986,202.0698429,-375.4886504
2015-10-29 14:17:33,00:02:45,1.729876159,2.517690743,2.555568116,2.492028592,2.506702987,2.513959082,2.49770918,2.480652343,2.498990266,2.50252343,2.498144785,7.670433452,43.0556531,55.21556021,41.5647402,33.87275706,43.27175669,123.1391679,157.9165022,118.875157,96.87608518,132.4115755,629.2184877,-22.82357113,-239.7029604,15.6975718,57.79111492,62.80195896,-65.27541343,-685.5504667,44.89505534,165.2825887,192.1739944,-348.4742417
2015-10-29 14:17:34,00:02:46,1.972858725,2.517843363,2.551295355,2.495538854,2.504718879,2.509532996,2.498167051,2.47943144,2.499905986,2.501607817,2.497229022,5.250327096,43.53679669,43.38602176,51.82553312,24.61151646,25.7716498,124.5152385,124.0840222,148.2210247,70.38893708,78.86124838,546.0704709,27.0002958,-246.5571438,52.40436912,28.98795948,38.00216703,77.22084599,-705.1534311,149.8764957,82.90556412,116.2866311,-278.8638943
2015-10-29 14:17:35,00:02:47,2.567952333,2.516775023,2.549769369,2.489434051,2.498613933,2.502512308,2.496488191,2.482178473,2.497769305,2.50115001,2.49677114,0.676805241,40.04758232,38.28539479,31.92725776,-32.5706681,-35.38903085,114.5360854,109.4962291,91.31195719,-93.15211078,-108.2904344,113.9017265,-62.08112214,-230.8492242,-55.5577036,-20.23496453,13.93571037,-177.5520093,-660.2287811,-158.8950323,-57.87199855,42.64327373,-1011.904548
2015-10-29 14:17:36,00:02:48,2.877022494,2.506091617,2.539087465,2.485313308,2.497850815,2.495644243,2.495572449,2.480194505,2.497464065,2.501760419,2.496008004,3.755144041,-36.23022656,-38.08223416,-10.27434066,-35.62541672,-55.9220937,-103.618448,-108.9151897,-29.38461428,-101.8886918,-171.1216067,-514.9285505,-79.71153286,-242.2960022,-62.60931621,35.45260202,-43.46336122,-227.974984,-692.9665663,-179.0626444,101.3944418,-132.9978853,-1131.607638
