Seconds,FireAttack_Bed1,FireAttack_Bed2,Couch1_CenterIgnite,Couch3_RightIgnite,Couch2_LeftIgnite,StripedChair_1,StripedChair_2,StripedChair_3,YellowChair_1,YellowChair_2
1.0,229.0,231.2,96.4,99.0,101.0,62.4,61.2,62.4,54.6,57.0
2.0,229.0,231.0,96.2,98.8,101.0,62.4,61.2,62.4,54.6,57.0
3.0,229.0,231.0,96.2,98.8,101.0,62.2,61.2,62.4,54.8,57.0
4.0,229.0,231.0,96.2,98.8,101.0,62.4,61.2,62.4,54.8,57.0
5.0,229.0,231.2,96.4,98.8,101.0,62.4,61.2,62.4,54.6,57.0
6.0,229.0,231.2,96.2,98.8,101.0,62.4,61.2,62.6,54.6,57.0
7.0,229.0,231.2,96.2,98.8,101.0,62.4,61.2,62.2,54.6,57.0
8.0,229.0,231.2,96.2,98.8,101.0,62.4,61.2,62.2,54.6,57.0
9.0,229.0,231.2,96.2,98.8,101.0,62.4,61.2,62.4,54.8,57.0
10.0,229.0,231.0,96.4,98.8,101.0,62.2,61.0,62.4,54.6,57.0
11.0,229.0,231.2,96.4,98.8,101.0,62.2,61.2,62.6,54.6,57.0
12.0,229.0,231.2,96.4,98.8,101.0,62.4,61.2,62.4,54.8,57.0
13.0,229.0,231.2,96.4,98.8,101.0,62.2,61.2,62.4,54.8,57.0
14.0,229.0,231.2,96.4,98.8,101.0,62.2,61.2,62.4,54.6,57.0
15.0,229.0,231.2,96.4,98.8,101.0,62.4,61.2,62.4,54.6,57.0
16.0,229.0,231.0,96.4,99.0,101.0,62.4,61.2,62.6,54.8,57.0
17.0,229.0,231.0,96.4,98.8,101.0,62.4,61.2,62.6,54.4,57.0
18.0,229.0,231.0,96.4,98.8,101.0,62.2,61.2,62.4,54.6,57.0
19.0,229.0,231.0,96.4,99.0,101.0,62.2,61.2,62.2,54.6,57.0
20.0,229.0,231.0,96.4,99.0,100.8,62.2,61.2,62.6,54.6,57.0
21.0,229.0,231.2,96.2,98.8,101.0,62.4,61.2,62.6,54.6,57.0
22.0,229.0,231.2,96.2,98.8,101.0,62.4,61.0,62.4,54.6,57.0
23.0,229.0,231.2,96.2,98.8,101.0,62.4,61.0,62.4,54.6,57.0
24.0,229.0,231.2,96.2,98.8,101.0,62.4,61.0,62.4,54.6,57.0
25.0,229.0,231.0,96.2,98.8,101.0,62.4,61.0,62.4,54.8,57.0
26.0,229.0,231.2,96.4,98.8,101.0,62.4,61.2,62.4,55.0,57.0
27.0,229.0,231.2,96.4,98.8,100.8,62.4,61.2,62.6,54.8,57.0
28.0,229.0,231.2,96.4,98.8,101.0,62.4,61.2,62.6,54.6,57.0
29.0,229.0,231.2,96.4,98.8,101.0,62.4,61.2,62.6,54.8,57.0
30.0,229.0,231.2,96.4,98.8,101.0,62.2,61.0,62.4,55.0,57.0
31.0,229.0,231.2,96.4,98.8,101.0,62.4,61.0,62.4,54.8,57.0
32.0,229.0,231.2,96.4,98.8,101.0,62.4,61.0,62.4,54.6,57.0
33.0,229.0,231.2,96.4,99.0,101.0,62.4,61.0,62.6,54.8,57.0
34.0,229.0,231.2,96.4,98.8,101.0,62.4,61.0,62.6,54.6,56.8
35.0,229.0,231.2,96.2,98.8,101.0,62.2,61.0,62.4,54.6,56.8
36.0,229.0,231.2,96.2,98.8,101.0,62.2,61.0,62.4,55.0,56.8
37.0,229.0,231.2,96.2,99.0,101.0,62.4,61.0,62.6,55.2,56.8
38.0,229.0,231.2,96.2,98.8,101.0,62.4,61.0,62.6,54.8,56.8
39.0,229.0,231.2,96.2,98.8,101.0,62.4,61.0,62.6,55.0,57.0
40.0,229.0,231.2,96.4,98.8,101.0,62.4,61.0,62.4,55.2,56.8
41.0,229.0,231.2,96.4,98.8,101.0,62.4,61.0,62.6,55.4,56.8
42.0,229.0,231.2,96.4,98.8,101.0,62.4,61.0,62.6,55.0,57.0
43.0,229.0,231.2,96.4,98.8,101.0,62.2,61.0,62.4,55.0,57.0
44.0,229.0,231.2,96.4,98.8,101.0,62.2,61.0,62.6,55.0,57.0
45.0,229.0,231.2,96.4,98.8,101.0,62.2,61.0,62.4,55.0,57.0
46.0,229.0,231.2,96.4,98.8,101.0,62.4,61.0,62.4,55.0,57.0
47.0,229.0,231.2,96.2,98.8,101.0,62.4,61.0,62.4,55.0,57.0
48.0,229.0,231.2,96.2,98.8,101.0,62.2,61.0,62.4,55.0,57.0
49.0,229.0,231.2,96.2,99.0,101.0,62.2,61.0,62.4,55.0,57.0
50.0,229.0,231.2,96.2,99.0,101.0,62.2,61.2,62.4,55.0,57.0
51.0,229.0,231.2,96.2,99.0,101.0,62.2,61.0,62.4,55.0,57.0
52.0,229.0,231.2,96.2,98.8,101.0,62.2,61.0,62.4,55.0,57.0
53.0,229.0,231.2,96.4,98.8,101.0,62.2,61.2,62.4,55.0,57.0
54.0,229.0,231.2,96.4,98.8,101.0,62.2,61.2,62.4,55.0,57.0
55.0,229.0,231.0,96.4,98.8,101.0,62.2,61.2,62.4,55.2,57.0
56.0,229.0,231.0,96.4,98.8,101.0,62.2,61.0,62.4,55.0,57.0
57.0,229.0,231.0,96.4,98.8,101.0,62.2,60.8,62.4,55.0,56.8
58.0,229.0,231.2,96.2,98.8,101.0,62.2,61.0,62.2,54.8,56.8
59.0,229.0,231.2,96.2,98.8,101.0,62.2,61.0,62.2,54.8,56.8
60.0,229.0,231.0,96.2,98.8,101.0,62.2,61.2,62.4,55.0,57.0
61.0,229.0,231.0,96.2,98.8,101.0,62.2,61.0,62.4,55.0,57.0
62.0,229.0,231.2,96.4,98.8,101.0,62.2,61.0,62.4,55.0,57.0
63.0,229.0,231.2,96.4,98.8,101.0,62.4,61.0,62.4,55.0,56.8
64.0,229.0,231.0,96.4,98.8,101.0,62.4,61.0,62.4,55.2,57.0
65.0,229.0,231.2,96.4,98.8,101.0,62.4,60.8,62.6,55.2,57.0
66.0,229.0,231.0,96.4,98.8,101.0,62.4,61.0,62.6,55.0,57.0
67.0,229.0,231.0,96.4,98.8,101.0,62.4,61.0,62.4,55.0,57.0
68.0,229.0,231.2,96.4,98.8,101.0,62.4,61.0,62.4,55.2,57.0
69.0,229.0,231.2,96.4,98.8,101.0,62.4,61.0,62.4,55.0,57.0
70.0,229.0,231.2,96.4,98.8,101.0,62.4,61.0,62.4,55.2,57.0
71.0,229.0,231.2,96.4,98.8,101.0,62.4,61.0,62.4,55.0,57.0
72.0,229.0,231.2,96.4,98.8,101.0,62.2,61.0,62.4,55.2,56.8
73.0,229.0,231.2,96.4,99.0,101.0,62.4,61.0,62.4,55.0,57.0
74.0,229.0,231.2,96.4,98.8,101.0,62.4,61.0,62.4,55.0,56.8
75.0,229.0,231.2,96.4,98.8,101.0,62.4,61.0,62.4,55.0,57.0
76.0,229.0,231.2,96.4,98.8,101.0,62.4,61.0,62.4,55.2,57.0
77.0,229.0,231.2,96.4,98.8,101.0,62.4,61.0,62.6,55.0,57.0
78.0,229.0,231.2,96.4,98.8,101.0,62.4,61.0,62.4,55.0,57.0
79.0,229.0,231.0,96.4,98.8,101.0,62.4,61.0,62.4,55.0,57.0
80.0,229.0,231.2,96.4,98.8,101.0,62.4,61.0,62.4,55.0,57.0
81.0,229.0,231.2,96.4,98.8,101.0,62.4,61.0,62.4,55.2,57.0
82.0,229.0,231.2,96.4,98.8,101.0,62.4,61.0,62.4,55.2,57.0
83.0,229.0,231.2,96.4,98.8,101.0,62.4,61.0,62.4,55.2,57.0
84.0,229.0,231.0,96.4,98.8,101.0,62.4,60.8,62.4,55.0,56.8
85.0,229.0,231.0,96.4,98.8,101.0,62.4,61.0,62.4,55.2,56.8
86.0,229.0,231.0,96.4,98.8,101.0,62.4,61.0,62.6,55.0,56.8
87.0,229.0,231.2,96.2,98.8,101.0,62.4,61.0,62.4,55.0,56.8
88.0,229.0,231.2,96.4,99.0,101.0,62.4,61.0,62.6,55.0,56.8
89.0,229.0,231.2,96.4,99.0,101.0,62.4,61.0,62.6,55.0,56.8
90.0,229.0,231.0,96.4,99.0,101.0,62.4,61.0,62.6,55.0,57.0
91.0,229.0,231.2,96.4,99.0,101.0,62.4,61.0,62.6,55.0,57.0
92.0,229.0,231.2,96.4,99.0,101.0,62.4,61.0,62.6,55.0,56.8
93.0,229.0,231.2,96.4,99.0,101.0,62.4,61.0,62.6,55.0,56.8
94.0,229.0,231.2,96.4,98.8,101.0,62.4,61.0,62.6,55.0,56.8
95.0,229.0,231.2,96.4,98.8,101.0,62.4,61.0,62.4,55.0,56.8
96.0,229.0,231.2,96.4,98.8,101.0,62.4,61.0,62.4,55.0,56.8
97.0,229.0,231.2,96.4,98.8,101.0,62.4,61.0,62.4,55.0,56.8
98.0,229.0,231.2,96.4,98.8,101.0,62.4,61.0,62.6,55.0,56.8
99.0,229.0,231.2,96.4,98.8,101.0,62.4,61.0,62.6,55.0,56.8
100.0,229.0,231.2,96.4,98.8,101.0,62.4,61.0,62.4,55.0,56.8
101.0,229.0,231.2,96.4,98.8,101.0,62.4,61.0,62.4,55.0,56.8
102.0,229.0,231.2,96.4,98.8,101.0,62.4,61.0,62.6,55.2,56.8
103.0,229.0,231.2,96.4,98.8,101.0,62.4,61.0,62.4,55.2,56.8
104.0,229.0,231.2,96.4,98.8,101.0,62.4,61.0,62.2,55.2,57.0
105.0,229.0,231.0,96.4,98.8,101.0,62.4,61.0,62.4,55.2,57.0
106.0,229.0,231.0,96.4,98.8,101.0,62.4,61.0,62.4,55.2,57.0
107.0,229.0,231.0,96.2,98.8,101.0,62.4,60.8,62.4,55.0,57.0
108.0,229.0,231.2,96.2,98.8,101.0,62.4,60.8,62.4,55.2,57.0
109.0,229.0,231.2,96.2,98.8,101.0,62.4,60.8,62.4,55.2,57.0
110.0,229.0,231.0,96.2,98.8,101.0,62.2,61.0,62.4,55.2,57.0
111.0,229.0,231.0,96.2,98.8,101.0,62.2,61.0,62.4,55.2,56.8
112.0,229.0,231.2,96.2,98.8,101.0,62.2,61.0,62.4,55.2,56.8
113.0,229.0,231.2,96.2,99.0,101.0,62.2,61.0,62.4,55.2,56.8
114.0,229.0,231.0,96.2,98.8,101.0,62.4,60.8,62.4,55.2,56.8
115.0,229.0,231.0,96.2,99.0,101.0,62.4,60.8,62.6,55.2,56.8
116.0,229.0,231.2,96.2,98.8,101.0,62.2,60.8,62.4,55.0,56.8
117.0,229.0,231.2,96.2,98.8,101.0,62.4,60.8,62.4,55.0,56.8
118.0,229.0,231.2,96.2,99.0,101.0,62.2,60.8,62.4,55.0,57.0
119.0,229.0,231.0,96.4,98.8,101.0,62.2,61.0,62.4,55.0,57.0
120.0,229.0,231.0,96.2,98.8,101.0,62.2,60.8,62.4,55.0,57.0
121.0,229.0,231.2,96.4,98.8,101.0,62.4,61.0,62.4,55.0,56.8
122.0,229.0,231.2,96.4,98.8,101.0,62.2,61.0,62.6,55.0,56.8
123.0,229.0,231.0,96.4,98.8,101.0,62.2,61.0,62.6,55.0,56.8
124.0,229.0,231.0,96.4,98.8,101.0,62.4,61.0,62.6,55.0,56.8
125.0,229.0,231.0,96.4,98.8,101.0,62.2,61.0,62.6,55.0,56.8
126.0,229.0,231.0,96.4,98.8,101.0,62.2,60.8,62.4,55.0,57.0
127.0,228.8,231.0,96.4,99.0,101.0,62.2,61.0,62.4,55.0,56.8
128.0,229.0,231.0,96.4,98.8,101.0,62.2,61.0,62.6,55.0,57.0
129.0,229.0,231.0,96.4,98.8,101.0,62.4,61.0,62.6,55.0,57.0
130.0,229.0,231.2,96.4,99.0,101.0,62.4,61.0,62.4,55.0,57.0
131.0,229.0,231.0,96.4,99.0,101.0,62.2,61.0,62.4,55.0,57.0
132.0,229.0,231.0,96.4,98.8,101.0,62.2,61.0,62.4,55.0,56.8
133.0,228.8,231.0,96.4,99.0,101.0,62.2,61.0,62.6,55.0,56.8
134.0,228.8,231.0,96.4,99.0,101.0,62.2,61.0,62.4,55.0,56.8
135.0,229.0,231.0,96.4,99.0,101.0,62.2,61.0,62.4,55.0,57.0
136.0,229.0,231.0,96.4,99.0,101.0,62.2,61.0,62.4,55.0,57.0
137.0,229.0,231.0,96.4,98.8,101.0,62.4,61.0,62.4,55.0,56.8
138.0,229.0,231.0,96.4,99.0,101.0,62.4,60.8,62.4,55.0,57.0
139.0,229.0,231.0,96.4,98.8,101.0,62.4,60.8,62.4,55.0,57.0
140.0,229.0,231.0,96.4,98.8,101.0,62.4,61.0,62.4,55.0,56.8
141.0,228.8,231.0,96.4,98.8,101.0,62.4,60.8,62.2,55.0,57.0
142.0,229.0,230.8,96.4,98.8,101.0,62.4,60.8,62.6,55.0,57.0
143.0,229.0,230.8,96.4,98.8,101.0,62.4,61.0,62.6,55.0,57.0
144.0,229.0,230.8,96.4,99.0,101.0,62.4,60.8,62.6,55.0,57.0
145.0,229.0,230.6,96.4,99.0,101.0,62.4,60.8,62.6,54.8,57.0
146.0,228.8,230.8,96.4,99.0,101.0,62.4,61.0,62.6,55.0,57.0
147.0,228.8,230.8,96.6,99.0,101.0,62.4,60.8,62.4,54.8,57.0
148.0,228.8,230.8,96.6,99.0,101.0,62.4,60.8,62.4,55.0,57.0
149.0,228.8,231.0,96.4,98.8,101.0,62.4,60.8,62.6,55.0,57.0
150.0,228.8,231.0,96.4,99.0,101.0,62.4,60.8,62.4,55.0,57.0
151.0,228.8,231.0,96.4,99.0,101.0,62.4,60.8,62.6,55.0,57.0
152.0,228.8,231.0,96.4,98.8,101.0,62.4,61.0,62.6,55.0,57.0
153.0,229.0,231.0,96.4,99.0,101.0,62.4,60.8,62.4,55.0,57.0
154.0,228.6,231.0,96.4,98.8,101.0,62.2,60.8,62.4,55.0,57.0
155.0,228.6,230.8,96.4,99.0,101.0,62.2,60.8,62.6,55.0,57.0
156.0,228.6,230.8,96.4,98.8,101.0,62.2,60.8,62.4,55.0,56.8
157.0,228.8,230.8,96.4,99.0,101.0,62.2,61.0,62.6,55.0,56.8
158.0,228.8,230.8,96.4,98.8,101.0,62.2,60.8,62.6,55.0,56.8
159.0,228.8,230.8,96.4,98.8,101.0,62.2,60.8,62.4,55.0,56.8
160.0,228.6,231.0,96.4,99.0,101.0,62.4,60.8,62.4,55.0,56.8
161.0,228.8,231.0,96.4,99.0,101.0,62.4,60.8,62.6,55.0,56.8
162.0,228.6,231.0,96.4,99.0,101.0,62.4,61.0,62.4,55.0,56.8
163.0,228.6,230.8,96.4,98.8,101.0,62.2,61.0,62.4,55.0,57.0
164.0,228.8,230.8,96.4,98.8,101.0,62.2,61.0,62.4,55.0,56.8
165.0,228.6,230.8,96.6,98.8,101.0,62.2,61.0,62.6,55.0,56.8
166.0,228.4,230.8,96.6,98.8,101.0,62.2,60.8,62.6,55.0,57.0
167.0,228.6,231.0,96.6,98.8,101.0,62.2,60.6,62.6,55.0,57.0
168.0,228.4,231.0,96.6,98.8,101.0,62.2,60.8,62.4,55.0,57.0
169.0,228.8,231.0,96.6,98.8,101.0,62.2,61.0,62.4,55.0,57.0
170.0,228.8,230.8,96.4,98.8,101.0,62.2,60.8,62.4,55.0,56.8
171.0,228.8,230.6,96.4,98.8,101.0,62.2,60.8,62.4,55.0,57.0
172.0,228.8,230.8,96.4,98.8,101.0,62.2,60.8,62.4,55.0,56.8
173.0,228.8,230.8,96.4,98.8,101.0,62.2,60.8,62.4,55.0,56.8
174.0,228.6,230.8,96.4,98.8,100.8,62.2,60.8,62.4,55.0,56.8
175.0,228.6,230.6,96.4,98.8,101.0,62.2,60.8,62.2,55.0,56.8
176.0,228.6,230.6,96.4,98.8,101.0,62.2,60.8,62.4,55.0,56.8
177.0,228.6,230.8,96.4,98.8,101.0,62.2,60.6,62.4,54.8,56.8
178.0,228.6,230.8,96.4,98.8,101.0,62.2,60.6,62.4,55.0,56.8
179.0,228.6,230.8,96.2,98.8,101.0,62.2,60.6,62.4,55.0,56.8
180.0,228.6,230.6,96.4,98.8,101.0,62.2,60.8,62.4,54.8,56.8
181.0,228.6,230.6,96.4,98.8,101.0,62.2,60.8,62.4,55.0,56.8
182.0,228.4,230.6,96.4,99.0,101.0,62.2,60.8,62.4,54.8,56.8
183.0,228.2,230.6,96.4,99.0,101.0,62.2,60.8,62.4,55.0,56.8
184.0,228.4,230.6,96.4,98.8,101.0,62.2,60.8,62.4,55.0,56.8
185.0,228.4,230.6,96.4,98.8,101.0,62.2,60.8,62.4,55.0,56.8
186.0,228.6,230.6,96.4,98.8,101.0,62.2,60.8,62.2,55.0,56.8
187.0,228.6,230.8,96.4,98.8,100.8,62.2,60.8,62.4,55.0,56.8
188.0,228.6,230.8,96.2,98.8,100.8,62.4,60.8,62.4,55.0,56.8
189.0,228.6,230.8,96.2,98.8,100.8,62.2,61.0,62.4,55.0,56.8
190.0,228.6,230.8,96.2,98.8,100.8,62.2,60.8,62.4,54.8,56.8
191.0,228.4,230.8,96.2,98.8,100.8,62.2,60.8,62.2,55.0,56.8
192.0,228.6,230.8,96.2,99.0,100.8,62.2,60.8,62.4,55.0,56.8
193.0,228.6,230.6,96.2,98.8,101.0,62.2,60.8,62.2,55.0,57.0
194.0,228.6,230.6,96.2,98.8,101.0,62.4,60.8,62.0,55.0,56.8
195.0,228.4,230.8,96.2,98.8,101.0,62.2,60.8,62.2,55.0,56.8
196.0,228.6,230.8,96.4,98.8,101.0,62.2,60.8,62.4,55.0,56.8
197.0,228.4,230.8,96.2,98.8,100.8,62.2,60.8,62.4,54.8,56.8
198.0,228.6,230.8,96.2,98.8,100.8,62.2,60.8,62.4,54.8,56.8
199.0,228.6,230.8,96.2,98.8,100.8,62.2,60.6,62.2,54.8,56.8
200.0,228.4,230.8,96.2,98.8,100.8,62.4,60.6,62.2,54.8,57.0
201.0,228.6,230.8,96.2,98.8,100.8,62.4,60.6,62.0,54.8,56.8
202.0,228.6,230.8,96.2,98.8,100.8,62.2,60.8,62.0,54.8,56.8
203.0,228.6,230.8,96.2,98.8,100.8,62.4,60.8,62.2,54.8,56.8
204.0,228.4,230.8,96.2,98.8,100.8,62.2,60.6,62.2,54.8,56.8
205.0,228.4,230.8,96.2,98.8,100.8,62.2,60.6,62.2,54.8,56.8
206.0,228.4,230.6,96.0,98.8,100.8,62.2,60.6,62.2,54.8,56.8
207.0,228.4,230.8,96.0,98.8,100.8,62.4,60.6,62.2,54.8,56.8
208.0,228.4,230.8,96.0,98.6,100.8,62.4,60.8,62.2,54.8,56.6
209.0,228.6,230.8,96.0,98.6,100.8,62.2,60.8,62.4,54.8,56.8
210.0,228.4,230.8,96.0,98.8,100.8,62.4,60.8,62.4,54.8,56.6
211.0,228.4,230.8,96.2,98.8,100.8,62.2,60.8,62.4,54.8,56.8
212.0,228.4,230.8,96.2,98.8,100.6,62.2,60.8,62.2,54.6,56.8
213.0,228.2,230.8,96.0,98.8,100.6,62.2,60.6,62.2,54.6,56.8
214.0,228.4,230.8,96.2,98.8,100.8,62.2,60.6,62.2,54.6,56.8
215.0,228.2,230.8,96.0,98.8,100.8,62.0,60.6,62.2,54.6,56.6
216.0,228.2,230.8,96.0,98.8,100.6,62.2,60.6,62.2,54.6,56.6
217.0,228.4,230.8,96.0,98.6,100.6,62.2,60.6,62.2,54.6,56.8
218.0,228.0,230.8,96.0,98.6,100.6,62.0,60.6,62.2,54.6,56.8
219.0,228.2,230.6,95.8,98.6,100.6,62.2,60.6,62.2,54.6,56.6
220.0,228.2,230.8,96.0,98.6,100.6,62.2,60.4,62.2,54.6,56.6
221.0,228.2,230.8,96.0,98.6,100.6,62.2,60.4,62.2,54.6,56.6
222.0,228.4,230.8,95.8,98.6,100.6,62.2,60.4,62.2,54.6,56.6
223.0,228.2,230.8,95.8,98.6,100.4,62.0,60.6,62.2,54.6,56.6
224.0,228.4,230.8,95.8,98.4,100.4,62.0,60.6,62.2,54.6,56.6
225.0,228.2,230.8,95.8,98.6,100.4,62.2,60.6,62.0,54.6,56.4
226.0,228.2,230.8,95.8,98.6,100.4,62.2,60.6,62.0,54.4,56.6
227.0,228.0,230.8,95.6,98.4,100.4,62.2,60.6,62.0,54.4,56.6
228.0,228.0,230.8,95.6,98.4,100.4,62.2,60.4,62.0,54.4,56.6
229.0,228.2,230.8,95.2,98.4,100.4,62.0,60.4,61.8,54.4,56.6
230.0,228.2,230.8,95.2,98.4,100.4,62.2,60.4,62.0,54.4,56.6
231.0,228.2,230.6,95.2,98.4,100.4,62.0,60.4,62.0,54.4,56.6
232.0,228.2,230.6,95.2,98.2,100.4,62.0,60.2,62.0,54.4,56.8
233.0,228.2,230.8,95.0,98.2,100.4,62.0,60.2,61.8,54.4,56.6
234.0,228.0,230.6,95.2,98.2,100.4,62.0,60.2,61.8,54.4,56.6
235.0,228.0,230.6,95.0,98.2,100.2,62.0,60.4,61.8,54.4,56.6
236.0,228.2,230.6,95.0,98.0,100.2,62.0,60.4,61.8,54.4,56.6
237.0,228.2,230.6,94.8,98.0,100.2,62.0,60.2,61.6,54.4,56.6
238.0,228.2,230.6,94.8,98.0,100.2,62.0,60.0,61.8,54.4,56.6
239.0,228.0,230.6,94.8,98.0,100.2,62.0,60.2,61.8,54.4,56.4
240.0,228.0,230.6,94.8,98.0,100.2,62.0,60.2,61.8,54.4,56.4
241.0,228.0,230.6,94.6,97.8,100.0,62.0,60.2,61.8,54.4,56.4
242.0,228.0,230.6,94.4,97.8,100.0,62.0,60.0,61.8,54.4,56.4
243.0,228.0,230.6,94.6,97.8,100.0,62.0,60.2,61.6,54.4,56.4
244.0,227.8,230.6,94.6,97.8,100.0,62.0,60.0,61.6,54.4,56.4
245.0,227.8,230.6,94.6,97.6,100.0,62.0,60.0,61.6,54.4,56.4
246.0,228.0,230.6,94.4,97.6,100.0,62.0,60.0,61.6,54.2,56.4
247.0,227.8,230.6,94.2,97.6,100.0,62.0,60.0,61.6,54.2,56.4
248.0,227.8,230.6,94.2,97.6,100.0,62.0,59.8,61.6,54.2,56.4
249.0,227.8,230.6,94.4,97.6,100.0,62.0,59.8,61.4,54.2,56.4
250.0,228.0,230.6,94.2,97.6,100.0,62.0,59.6,61.2,54.2,56.4
251.0,228.0,230.6,94.0,97.6,99.8,62.0,59.8,61.2,54.2,56.4
252.0,228.0,230.6,94.0,97.6,99.8,62.0,59.8,61.2,54.2,56.4
253.0,228.0,230.6,93.8,97.4,99.8,62.0,59.6,61.0,54.2,56.4
254.0,227.8,230.6,93.6,97.2,99.8,61.8,59.6,61.0,54.2,56.4
255.0,227.8,230.8,93.6,97.2,99.8,62.0,59.6,60.8,54.0,56.4
256.0,228.0,230.8,93.4,97.2,99.8,62.0,59.4,61.0,54.0,56.4
257.0,227.8,230.6,93.2,97.0,99.6,61.8,59.4,60.8,54.2,56.4
258.0,227.8,230.6,93.2,97.0,99.6,61.8,59.4,60.8,54.0,56.4
259.0,227.8,230.6,93.0,96.8,99.4,61.8,59.4,61.0,54.0,56.2
260.0,227.8,230.4,92.6,96.6,99.4,62.0,59.4,60.8,54.0,56.2
261.0,227.8,230.6,92.6,96.6,99.4,61.8,59.2,60.6,54.0,56.2
262.0,227.8,230.6,92.4,96.4,99.4,61.8,59.2,60.6,54.0,56.4
263.0,227.8,230.0,92.2,96.4,99.4,61.8,59.2,60.4,54.0,56.4
264.0,227.8,230.0,92.0,96.2,99.4,61.8,59.2,60.4,53.8,56.2
265.0,227.6,230.0,91.8,96.0,99.4,61.8,59.2,60.4,53.8,56.2
266.0,227.6,230.0,91.6,95.8,99.2,61.8,59.2,60.2,53.8,56.2
267.0,227.6,230.0,91.4,95.6,99.2,61.6,59.0,60.2,53.8,56.2
268.0,227.6,230.0,91.0,95.4,99.2,61.8,59.0,60.2,53.8,56.2
269.0,227.6,230.0,90.8,95.2,99.2,61.6,59.0,60.0,53.8,56.2
270.0,227.6,230.0,91.0,95.2,99.2,61.6,59.0,60.0,53.6,56.2
271.0,227.6,230.0,90.6,95.0,99.2,61.6,59.0,60.0,53.6,56.0
272.0,227.4,230.0,90.6,95.0,99.2,61.6,58.8,60.0,53.6,56.0
273.0,227.4,230.0,90.4,94.8,99.0,61.6,58.6,59.8,53.4,56.0
274.0,227.6,230.0,90.2,94.8,99.0,61.6,58.6,59.8,53.4,56.0
275.0,227.6,230.0,90.0,94.4,99.0,61.6,58.6,59.6,53.4,56.0
276.0,227.6,230.0,89.8,94.6,99.0,61.6,58.6,59.6,53.4,56.0
277.0,227.6,230.0,89.4,94.4,98.8,61.4,58.6,59.6,53.4,55.8
278.0,227.4,230.0,89.2,94.4,98.6,61.4,58.4,59.4,53.2,56.0
279.0,227.4,229.8,89.0,94.0,98.4,61.2,58.4,59.4,53.2,56.0
280.0,227.4,230.0,88.8,93.8,98.6,61.4,58.2,59.2,53.0,55.8
281.0,227.4,230.0,88.4,93.8,98.4,61.4,58.2,59.2,53.0,55.8
282.0,227.4,229.8,88.2,93.6,98.4,61.4,58.0,59.0,53.2,55.8
283.0,227.2,229.6,87.8,93.4,98.4,61.2,58.0,59.0,53.0,55.8
284.0,227.4,229.8,87.6,93.2,98.2,61.2,57.8,59.0,53.0,55.8
285.0,227.4,229.8,87.4,93.2,98.2,61.2,57.8,59.0,53.0,55.8
286.0,227.2,229.8,86.8,92.8,98.2,61.2,57.8,58.8,53.0,55.6
287.0,227.2,229.8,86.4,92.6,98.0,61.2,57.8,58.6,52.8,55.6
288.0,227.2,229.8,86.0,92.2,98.0,61.0,57.4,58.4,52.8,55.6
289.0,227.2,229.8,85.8,92.0,98.0,61.0,57.2,58.4,52.6,55.4
290.0,227.2,229.8,85.4,91.8,97.8,61.0,57.0,58.4,52.6,55.6
291.0,227.0,229.8,85.0,91.6,97.8,61.0,57.2,58.2,52.6,55.4
292.0,227.2,229.8,84.4,91.2,97.6,61.0,56.8,58.2,52.4,55.4
293.0,227.2,229.8,84.0,91.2,97.6,61.0,57.0,58.0,52.4,55.4
294.0,227.2,229.6,83.4,90.8,97.4,60.8,56.8,57.8,52.4,55.4
295.0,227.2,229.6,83.2,90.6,97.4,60.8,56.6,57.8,52.2,55.4
296.0,227.0,229.6,82.4,90.4,97.2,60.8,56.6,57.6,52.2,55.4
297.0,227.0,229.6,82.2,90.0,97.2,60.8,56.0,57.6,52.2,55.4
298.0,227.0,229.4,81.8,89.8,97.0,60.6,56.2,57.6,52.2,55.2
299.0,227.0,229.6,81.4,89.6,96.8,60.6,56.0,57.4,52.0,55.2
300.0,226.8,229.6,81.0,89.2,96.8,60.4,56.0,57.2,51.8,55.2
301.0,226.8,229.6,80.4,89.2,96.6,60.4,55.8,57.0,51.8,55.2
302.0,226.8,229.6,79.8,88.8,96.6,60.2,55.6,57.0,51.8,55.2
303.0,226.8,229.6,79.2,88.6,96.4,60.2,55.6,57.0,51.6,55.2
304.0,226.6,229.6,78.8,88.2,96.2,60.0,55.4,56.8,51.6,55.0
305.0,226.8,229.6,78.4,88.0,96.2,60.0,55.4,56.6,51.8,55.0
306.0,226.8,229.6,77.8,87.6,96.0,60.0,55.2,56.6,51.4,55.0
307.0,226.8,229.6,77.4,87.2,95.8,60.0,55.0,56.4,51.4,54.8
308.0,226.6,229.6,76.6,86.8,95.6,60.0,54.6,56.4,51.4,54.8
309.0,226.6,229.6,76.4,86.6,95.4,59.8,54.4,56.2,51.4,54.8
310.0,226.6,229.6,75.4,86.2,95.4,59.8,54.2,56.2,51.2,54.8
311.0,226.8,229.4,75.0,86.2,95.2,59.6,54.2,56.0,51.2,54.8
312.0,226.8,229.4,74.4,86.0,95.0,59.6,54.0,55.6,51.0,54.8
313.0,226.6,229.4,74.2,85.6,94.8,59.4,53.8,55.4,51.0,54.6
314.0,226.6,229.4,73.6,85.2,94.8,59.4,53.6,55.4,50.8,54.6
315.0,226.6,229.4,73.2,85.0,94.6,59.4,53.4,55.4,50.8,54.6
316.0,226.6,229.4,72.6,85.6,94.4,59.4,53.4,55.2,50.6,54.6
317.0,226.4,229.4,72.0,84.2,94.2,59.4,53.0,54.8,50.4,54.6
318.0,226.4,229.4,71.4,83.8,94.0,59.4,53.0,54.8,50.2,54.4
319.0,226.4,229.4,71.0,82.4,93.8,59.2,53.0,54.6,50.2,54.4
320.0,226.4,229.6,70.4,83.2,93.6,59.0,52.8,54.4,50.0,54.4
321.0,226.4,229.4,70.0,82.8,93.4,59.0,52.6,54.2,50.0,54.2
322.0,226.2,229.6,69.2,82.6,93.4,59.0,52.2,54.0,49.8,54.2
323.0,226.4,229.4,69.0,82.4,93.2,59.0,52.2,54.0,49.6,54.2
324.0,226.4,229.4,68.4,82.0,93.0,59.0,51.8,53.8,49.6,54.2
325.0,226.4,229.4,68.2,81.6,92.8,58.8,51.6,53.6,49.4,54.2
326.0,226.4,229.2,67.6,81.2,92.6,58.8,51.4,53.2,49.2,54.0
327.0,226.2,229.4,67.2,81.0,92.4,58.6,51.4,52.8,49.0,54.0
328.0,226.0,229.4,66.6,80.6,92.4,58.6,51.2,52.6,48.8,53.8
329.0,226.2,229.4,66.2,80.2,92.2,58.4,51.0,52.6,48.6,53.6
330.0,226.0,229.4,66.0,80.0,92.0,58.4,50.8,52.4,48.6,53.6
331.0,226.0,229.4,65.6,79.8,91.8,58.4,50.6,52.2,48.4,53.6
332.0,226.0,229.4,65.0,79.2,91.6,58.2,50.4,51.8,48.0,53.6
333.0,226.0,229.4,64.8,78.8,91.4,58.2,50.2,51.8,47.8,53.4
334.0,226.0,229.4,64.2,78.4,91.2,58.2,50.0,51.6,47.6,53.4
335.0,225.8,229.4,64.0,77.8,91.0,58.0,49.8,51.4,47.4,53.4
336.0,226.0,229.4,63.8,77.6,90.8,57.8,49.6,51.2,47.4,53.2
337.0,225.8,229.4,63.0,77.2,90.6,57.8,49.4,50.8,47.2,53.0
338.0,225.8,229.4,62.8,76.8,90.2,57.8,49.2,50.6,46.8,53.2
339.0,225.8,229.4,62.2,76.4,90.0,57.6,49.0,50.4,46.6,52.8
340.0,225.8,229.4,62.0,76.0,89.8,57.6,48.8,50.2,46.6,52.8
341.0,226.0,229.4,61.6,75.4,89.4,57.4,48.8,50.2,46.4,52.8
342.0,226.0,229.2,61.4,75.2,89.2,57.4,48.4,49.6,46.0,52.6
343.0,226.0,229.4,61.4,74.8,89.0,57.2,48.4,49.6,45.8,52.6
344.0,225.6,229.2,61.2,74.4,89.0,57.0,48.2,49.4,45.6,52.4
345.0,225.6,229.2,61.2,74.0,88.8,57.0,47.8,49.2,45.4,52.4
346.0,225.6,229.4,61.0,73.6,88.4,56.8,47.6,49.0,45.0,52.2
347.0,225.6,229.4,60.8,73.2,88.2,56.8,47.6,48.8,44.8,52.2
348.0,225.4,229.2,60.4,72.8,87.8,56.8,47.4,48.4,44.6,51.8
349.0,225.4,229.2,60.0,72.4,87.6,56.8,47.2,48.2,44.4,51.8
350.0,225.4,229.2,59.8,72.0,87.2,56.6,47.0,48.2,44.2,51.6
351.0,225.4,229.4,59.4,71.6,87.0,56.4,46.8,47.8,44.0,51.4
352.0,225.4,229.2,59.2,71.2,86.8,56.4,46.6,47.6,43.8,51.2
353.0,225.2,229.2,58.8,70.8,86.6,56.2,46.4,47.8,43.4,51.0
354.0,225.2,229.2,58.4,70.4,86.4,56.2,46.2,47.6,43.2,51.0
355.0,225.2,229.2,58.0,70.0,86.0,56.0,45.8,47.4,43.0,50.8
356.0,225.2,229.2,57.6,69.6,85.8,55.8,45.8,47.2,42.8,50.6
357.0,225.0,229.2,57.4,69.2,85.6,55.6,45.6,47.0,42.6,50.2
358.0,225.2,229.2,57.2,68.6,85.2,55.6,45.4,46.8,42.4,50.0
359.0,225.2,229.2,56.6,68.4,85.0,55.6,45.0,46.6,42.0,50.0
360.0,224.8,229.0,56.2,68.0,84.6,55.4,45.0,46.4,42.0,49.8
361.0,224.8,229.0,55.8,67.8,84.4,55.2,45.0,46.2,41.8,49.8
362.0,224.6,229.0,55.4,67.4,84.2,55.0,44.6,46.2,41.6,49.6
363.0,224.6,229.0,55.2,67.0,84.2,55.2,44.6,46.2,41.4,49.2
364.0,224.4,229.0,55.0,66.4,83.6,54.8,44.6,46.0,41.0,49.2
365.0,224.6,229.2,54.8,66.0,82.4,54.8,44.4,45.8,40.8,48.8
366.0,224.4,229.2,54.6,65.8,83.0,54.6,44.2,45.6,40.6,48.6
367.0,224.4,229.2,56.6,65.4,82.8,54.6,44.0,45.4,40.6,48.6
368.0,224.2,229.2,54.4,65.2,82.6,54.4,43.8,45.2,40.4,48.4
369.0,224.4,229.0,54.0,65.0,82.4,54.2,43.6,45.0,40.4,48.2
370.0,224.4,229.0,53.8,64.6,81.8,54.2,43.4,44.8,40.2,48.0
371.0,224.4,229.0,53.4,64.4,81.8,54.0,43.2,44.8,39.8,47.8
372.0,224.2,229.0,53.0,64.0,81.6,53.8,43.0,44.6,39.6,47.6
373.0,224.2,229.0,53.0,63.6,81.0,53.6,42.8,44.6,39.4,47.4
374.0,224.0,229.0,52.8,63.0,80.8,53.4,42.6,44.4,39.4,47.2
375.0,224.0,229.0,53.6,62.8,80.4,53.4,42.4,44.4,39.2,47.0
376.0,224.0,229.0,52.4,62.4,80.0,53.2,42.4,44.4,39.2,46.8
377.0,223.8,229.2,52.0,61.8,79.8,52.8,42.2,44.4,39.2,46.8
378.0,223.8,229.0,51.8,61.4,79.2,53.0,42.0,44.0,39.0,46.6
379.0,223.8,229.0,51.6,61.2,79.0,52.6,41.8,43.8,39.0,46.4
380.0,223.6,229.0,51.4,61.0,78.8,52.4,41.8,43.6,38.8,46.2
381.0,223.6,228.8,51.0,60.8,78.4,52.6,41.8,43.6,38.8,46.0
382.0,223.6,229.0,51.0,60.4,78.2,52.4,41.6,43.6,38.4,45.8
383.0,223.6,228.8,50.6,60.2,77.8,52.2,41.6,43.6,38.4,45.8
384.0,223.4,229.0,50.6,59.8,77.4,52.0,41.4,43.4,38.6,45.4
385.0,223.4,229.0,50.4,59.6,77.0,51.8,41.2,43.4,38.6,45.4
386.0,223.4,229.0,50.0,59.4,76.8,51.6,41.2,43.2,38.4,45.2
387.0,223.2,228.8,49.8,59.0,76.4,51.6,41.2,43.4,38.0,45.0
388.0,223.0,228.8,49.6,58.8,76.2,51.4,41.0,43.0,37.8,44.6
389.0,222.8,228.8,49.6,58.4,75.8,51.2,41.0,43.0,37.6,44.6
390.0,223.0,228.8,49.8,58.2,75.4,51.0,40.8,43.0,37.6,44.4
391.0,222.8,228.8,49.6,58.0,75.2,50.8,40.6,42.8,37.8,44.6
392.0,222.8,229.0,49.2,57.6,75.0,50.6,40.6,42.8,37.6,44.4
393.0,222.6,229.0,49.0,57.4,74.6,50.4,40.4,42.6,37.8,44.2
394.0,222.4,229.0,48.8,57.2,74.2,50.2,40.2,42.4,37.8,44.0
395.0,222.2,229.0,48.8,57.0,73.6,50.2,40.2,42.2,37.8,43.8
396.0,222.0,229.0,48.4,56.6,73.2,50.0,40.2,42.0,37.8,43.6
397.0,222.0,229.0,48.2,56.4,72.8,50.0,40.0,42.2,37.8,43.4
398.0,222.2,229.0,48.0,56.4,72.4,49.6,40.0,42.2,37.8,43.4
399.0,221.8,229.0,47.6,55.8,72.0,49.2,39.8,42.0,37.8,43.2
400.0,221.8,229.0,47.4,55.8,71.8,49.2,39.8,41.8,37.6,43.2
401.0,221.8,229.0,47.2,55.4,71.4,48.8,39.8,41.6,37.6,43.2
402.0,221.8,229.0,47.0,55.2,70.8,48.8,39.6,41.8,37.6,42.8
403.0,221.6,228.8,46.8,55.0,70.4,48.6,39.6,41.4,37.4,42.8
404.0,221.6,229.0,46.6,54.8,70.2,48.6,39.4,41.4,37.4,42.6
405.0,221.4,229.0,46.4,54.6,69.6,48.2,39.2,41.4,37.4,42.6
406.0,221.2,229.0,46.0,54.6,69.4,48.0,39.2,41.4,37.2,42.6
407.0,221.2,229.0,45.8,54.4,69.0,48.0,39.2,41.4,37.2,42.4
408.0,221.0,229.0,45.6,54.2,68.6,47.8,39.0,41.2,37.2,42.2
409.0,220.8,229.0,45.4,54.0,68.2,47.6,38.8,41.2,37.2,42.2
410.0,220.8,229.0,45.0,54.0,68.0,47.4,38.6,41.0,37.0,42.0
411.0,220.6,228.8,45.0,53.8,67.6,47.2,38.6,40.8,37.0,41.8
412.0,220.4,228.6,45.0,53.4,67.2,47.2,38.6,40.8,37.0,42.0
413.0,220.4,228.6,44.8,53.4,66.6,47.0,38.6,40.8,37.0,41.8
414.0,220.2,228.6,44.6,53.0,66.4,46.8,38.4,40.4,36.8,41.8
415.0,220.0,228.6,44.4,53.0,66.0,46.8,38.4,40.4,37.0,41.8
416.0,219.8,228.6,44.2,52.8,65.6,46.6,38.4,40.6,37.0,41.6
417.0,219.6,228.4,43.8,52.6,65.4,46.4,38.2,40.2,36.8,41.6
418.0,219.6,228.6,43.4,52.6,65.0,46.4,38.2,40.2,36.8,41.4
419.0,219.4,228.2,43.2,52.4,64.6,46.0,38.2,40.2,36.6,41.2
420.0,219.2,228.4,43.2,52.2,64.4,45.8,38.2,40.4,36.8,41.2
421.0,219.0,228.4,43.4,51.8,64.0,45.8,38.0,40.4,36.6,41.0
422.0,219.0,228.2,43.2,51.8,63.6,45.6,38.0,40.4,36.8,40.8
423.0,218.8,228.4,43.0,51.8,63.2,45.4,38.0,40.0,36.6,40.8
424.0,218.6,228.6,43.0,51.6,63.0,45.2,37.8,40.0,36.6,40.8
425.0,218.4,228.6,42.8,51.6,62.6,45.0,37.8,40.2,36.4,41.0
426.0,218.2,228.4,42.4,51.4,62.4,45.0,37.6,39.8,36.4,40.8
427.0,218.0,228.4,42.2,51.2,62.0,44.8,37.6,40.0,36.6,40.8
428.0,217.6,228.4,42.0,51.2,61.6,44.6,37.6,39.8,36.4,40.8
429.0,217.6,228.2,41.8,51.2,61.4,44.6,37.6,39.8,36.4,40.6
430.0,217.4,228.2,41.8,50.8,61.2,44.4,37.6,39.8,36.2,40.6
431.0,217.2,228.2,41.6,50.6,60.8,44.2,37.4,39.4,36.4,40.6
432.0,217.2,228.4,41.4,50.4,60.4,44.2,37.4,39.6,36.4,40.4
433.0,217.0,228.4,41.4,50.4,60.2,44.0,37.4,39.6,36.2,40.4
434.0,217.0,228.4,41.0,50.2,60.0,44.0,37.4,39.6,36.2,40.4
435.0,216.8,228.4,40.8,50.2,59.8,43.8,37.2,39.6,36.2,40.4
436.0,216.6,228.4,40.2,50.0,59.4,43.8,37.0,39.2,36.4,40.4
437.0,216.4,228.4,40.0,49.8,59.2,43.6,37.0,39.4,36.2,40.2
438.0,216.2,228.4,40.2,49.6,59.0,43.6,37.0,39.0,36.0,40.0
439.0,216.0,228.4,40.2,49.4,58.8,43.2,36.8,38.8,36.2,40.0
440.0,216.0,228.4,39.8,49.2,58.8,43.2,36.8,39.2,36.2,40.0
441.0,215.8,228.4,39.8,49.2,58.4,43.2,36.8,38.8,36.0,40.0
442.0,215.6,228.2,39.6,48.8,58.2,43.2,36.8,39.0,36.0,40.0
443.0,215.4,228.2,39.4,48.6,58.0,43.0,36.6,38.8,36.0,40.0
444.0,215.0,228.2,39.4,48.6,57.8,42.8,36.6,38.8,36.0,39.8
445.0,214.8,228.0,39.2,48.4,57.6,42.8,36.8,39.0,36.0,39.6
446.0,214.6,228.0,39.2,48.2,57.2,42.8,36.8,39.0,36.0,39.8
447.0,214.4,228.0,39.0,48.2,57.0,42.6,36.8,38.6,35.8,39.6
448.0,214.0,228.0,38.8,48.0,56.8,42.6,36.6,38.4,35.8,39.6
449.0,213.6,228.0,39.0,48.0,56.6,42.6,36.6,38.8,35.8,39.6
450.0,213.4,228.0,39.0,47.8,56.4,42.2,36.4,38.6,35.8,39.6
451.0,213.0,228.0,38.8,47.8,56.0,42.2,36.4,38.8,35.8,39.4
452.0,213.0,228.2,38.8,47.4,55.8,42.2,36.4,38.6,35.8,39.4
453.0,212.8,228.0,38.4,47.2,55.6,42.0,36.2,38.6,35.6,39.4
454.0,212.6,228.0,38.2,47.2,55.6,41.8,36.2,38.6,35.6,39.2
455.0,212.2,228.2,38.0,47.0,55.6,41.6,36.0,38.4,35.6,39.2
456.0,212.4,228.0,37.8,46.8,55.2,41.8,36.0,38.4,35.4,39.2
457.0,212.0,228.0,37.8,46.6,55.0,41.6,36.0,38.4,35.6,39.2
458.0,211.4,227.8,37.4,46.4,54.6,41.4,36.0,38.4,35.6,39.0
459.0,211.8,228.0,37.6,46.2,54.4,41.4,36.0,38.2,35.6,39.2
460.0,211.6,228.0,37.4,46.0,54.2,41.2,36.0,38.0,35.4,39.0
461.0,211.4,228.0,37.2,46.2,54.0,41.2,36.0,38.0,35.4,39.2
462.0,211.2,227.8,37.0,46.0,53.8,41.2,36.0,38.2,35.4,39.0
463.0,211.0,227.8,37.2,46.0,53.4,41.0,36.0,38.2,35.4,39.0
464.0,210.6,227.8,36.8,45.8,53.2,41.0,35.8,38.0,35.4,38.8
465.0,210.4,227.8,37.0,45.8,53.2,41.0,35.6,38.0,35.4,38.8
466.0,210.4,227.8,37.0,45.4,52.8,40.8,35.4,38.0,35.4,39.0
467.0,210.4,227.8,36.8,45.2,52.6,40.8,35.6,38.0,35.2,38.8
468.0,210.0,227.8,36.8,45.2,52.4,40.8,35.4,37.8,35.2,38.8
469.0,209.8,227.8,36.4,45.0,52.2,40.6,35.4,37.8,35.2,38.6
470.0,209.4,227.6,36.2,45.0,51.8,40.6,35.4,37.6,35.0,38.4
471.0,209.2,227.6,36.0,44.8,51.6,40.4,35.2,37.8,35.2,38.6
472.0,209.0,227.6,36.2,44.8,51.4,40.4,35.2,37.6,35.0,38.6
473.0,209.0,227.6,36.0,44.6,51.4,40.4,35.4,37.6,35.0,38.6
474.0,208.6,227.4,36.0,44.6,51.2,40.2,35.2,37.6,35.0,38.6
475.0,208.4,227.4,36.2,44.4,51.0,40.2,35.2,37.6,35.0,38.4
476.0,208.4,227.4,35.8,44.2,51.0,40.2,35.4,37.2,35.0,38.4
477.0,208.2,227.2,35.6,44.0,50.6,40.0,35.2,37.2,35.0,38.2
478.0,207.0,227.4,35.4,43.8,50.4,40.0,35.2,37.4,35.0,38.2
479.0,207.6,227.4,35.4,43.8,50.0,39.8,35.0,37.4,35.0,38.2
480.0,207.2,227.2,35.2,43.6,50.0,39.8,34.8,37.4,35.2,38.2
481.0,206.8,227.2,34.8,43.8,49.8,39.6,35.0,37.4,34.8,38.2
482.0,206.8,227.4,35.0,43.6,49.4,39.6,35.0,37.4,34.8,38.2
483.0,207.2,227.4,35.2,43.6,49.2,39.6,35.0,37.4,34.8,38.2
484.0,206.6,227.4,35.2,43.4,49.2,39.4,35.0,37.2,34.8,38.2
485.0,206.4,227.2,34.8,43.4,48.8,39.4,35.0,37.0,34.8,38.0
486.0,206.0,227.4,34.4,43.2,48.8,39.2,35.0,37.2,34.8,38.0
487.0,206.0,227.4,34.2,43.2,48.4,39.2,34.8,37.0,34.8,38.0
488.0,206.0,227.4,33.6,43.0,48.2,39.2,34.8,37.0,34.8,38.0
489.0,205.8,227.2,33.6,42.6,48.2,39.2,34.8,37.2,34.8,38.0
490.0,205.8,227.2,34.0,42.6,48.2,39.2,34.8,37.0,34.6,38.0
491.0,205.4,227.2,34.2,42.8,48.0,39.2,34.8,37.0,34.6,37.8
492.0,205.4,227.2,34.0,42.8,47.6,39.0,34.8,37.0,34.6,37.8
493.0,205.2,227.0,33.8,42.6,47.4,39.0,34.6,37.0,34.6,38.0
494.0,204.8,227.0,33.6,42.4,47.4,39.0,34.6,37.0,34.6,37.8
495.0,204.6,227.0,33.6,42.4,47.2,38.8,34.6,36.8,34.4,37.8
496.0,204.4,227.0,33.2,42.2,47.0,39.0,34.6,36.6,34.4,37.8
497.0,204.2,227.2,33.4,42.2,46.6,39.0,34.6,36.8,34.4,37.8
498.0,203.8,227.0,33.4,42.0,46.2,39.0,34.4,36.6,34.4,37.8
499.0,203.6,226.8,33.4,42.0,46.0,39.0,34.4,36.4,34.4,37.6
500.0,203.6,226.8,33.4,41.8,45.8,39.0,34.2,36.6,34.4,37.6
501.0,203.4,227.0,33.4,42.0,45.6,38.8,34.4,36.4,34.4,37.6
502.0,203.2,226.8,33.4,41.6,45.6,38.8,34.2,36.4,34.4,37.6
503.0,203.0,226.8,33.2,41.6,45.2,38.8,34.4,36.4,34.4,37.6
504.0,202.8,226.8,33.0,41.4,45.2,38.8,34.2,36.4,34.2,37.4
505.0,202.8,226.8,32.6,41.4,45.0,38.6,34.4,36.4,34.2,37.6
506.0,202.4,226.6,32.6,41.2,44.8,38.6,34.4,36.2,34.2,37.4
507.0,202.4,226.6,32.6,41.2,44.6,38.6,34.2,36.0,34.2,37.2
508.0,202.2,226.6,32.4,41.0,44.6,38.6,34.2,36.0,34.0,37.2
509.0,201.8,226.6,32.4,41.0,44.4,38.4,34.0,36.2,34.0,37.4
510.0,201.6,226.4,32.4,41.0,44.2,38.2,34.0,36.2,34.0,37.4
511.0,201.6,226.4,32.4,40.8,43.8,38.2,34.0,36.2,34.2,37.2
512.0,201.0,226.4,32.0,40.6,43.6,38.4,34.0,36.0,34.0,37.2
513.0,201.0,226.4,31.6,40.6,43.4,38.2,33.8,36.0,34.0,37.2
514.0,200.8,226.4,31.6,40.4,43.4,38.0,34.0,36.0,34.0,37.2
515.0,200.6,226.4,31.6,40.4,43.4,38.0,34.0,36.0,33.8,37.0
516.0,200.6,226.4,31.6,40.2,43.4,38.2,33.8,35.8,33.8,37.0
517.0,200.4,226.4,31.4,40.2,43.0,38.2,33.8,35.6,34.0,37.2
518.0,200.2,226.4,31.0,40.0,43.0,38.0,33.8,36.0,33.8,37.0
519.0,199.8,226.4,31.0,40.0,43.0,38.0,33.8,35.8,33.8,37.0
520.0,199.6,226.4,30.8,40.0,42.8,38.0,33.8,35.6,33.6,37.0
521.0,199.2,226.2,30.6,40.0,42.8,38.0,33.6,35.6,33.6,37.2
522.0,198.6,226.2,30.6,39.8,42.4,37.8,33.6,35.6,33.8,37.0
523.0,198.4,226.2,30.6,39.8,42.0,37.8,33.6,35.6,33.8,37.0
524.0,198.4,226.0,30.6,39.6,42.0,37.6,33.4,35.6,33.6,37.0
525.0,198.2,226.0,30.4,39.4,41.8,37.6,33.6,35.6,33.8,37.0
526.0,198.0,226.0,30.4,39.6,41.4,37.6,33.6,35.8,33.8,37.0
527.0,198.0,226.0,30.4,39.4,41.4,37.6,33.4,35.6,33.6,36.8
528.0,197.8,226.0,30.2,39.2,41.2,37.6,33.4,35.2,33.6,36.6
529.0,197.4,225.8,30.0,39.4,41.2,37.6,33.6,35.2,33.6,36.6
530.0,197.2,225.6,29.8,39.2,41.0,37.6,33.6,35.2,33.6,36.6
531.0,197.4,225.6,29.8,39.2,41.0,37.6,33.2,35.2,33.8,36.8
532.0,197.4,225.4,29.6,39.0,40.8,37.4,33.2,35.4,33.8,36.8
533.0,197.0,225.6,29.6,38.8,40.6,37.2,33.2,35.4,33.6,36.8
534.0,196.8,225.4,29.4,38.8,40.4,37.4,33.2,35.2,33.6,36.6
535.0,196.6,225.4,29.2,38.8,40.4,37.4,33.2,35.4,33.6,36.6
536.0,196.4,225.4,28.8,38.6,40.2,37.2,33.2,35.0,33.4,36.6
537.0,196.2,225.2,29.0,38.6,40.0,37.2,33.0,35.2,33.6,36.4
538.0,195.8,225.2,28.8,38.6,40.0,37.4,33.0,35.0,33.4,36.4
539.0,195.6,225.4,28.4,38.4,39.6,37.2,33.0,35.2,33.4,36.4
540.0,195.4,225.4,28.4,38.4,39.6,37.2,33.0,34.8,33.4,36.4
541.0,195.4,225.4,28.2,38.2,39.6,37.2,33.0,34.8,33.6,36.4
542.0,195.4,225.2,28.0,38.2,39.4,37.2,33.0,35.0,33.4,36.4
543.0,195.0,225.2,27.8,38.0,39.4,37.2,33.0,35.0,33.2,36.6
544.0,194.8,225.0,27.8,38.0,39.2,37.0,33.0,35.2,33.4,36.4
545.0,194.6,224.8,27.8,37.8,39.0,37.0,32.8,34.8,33.4,36.4
546.0,194.2,224.8,27.6,38.0,38.6,37.0,33.0,34.8,33.4,36.4
547.0,194.2,225.0,27.2,37.8,38.6,37.0,33.0,35.0,33.4,36.2
548.0,193.8,224.8,27.0,37.8,38.6,36.8,32.8,34.6,33.4,36.4
549.0,193.6,224.8,26.8,37.6,38.4,36.8,32.8,34.6,33.4,36.2
550.0,193.6,224.6,27.2,37.6,38.2,37.0,32.6,34.4,33.4,36.2
551.0,193.4,224.6,27.2,37.4,38.0,36.6,32.4,34.4,33.4,36.2
552.0,193.4,224.6,27.0,37.4,38.2,36.6,32.6,34.4,33.2,36.2
553.0,193.2,224.6,27.0,37.4,37.8,36.6,32.4,34.8,33.2,36.2
554.0,193.0,224.4,27.0,37.4,37.8,36.6,32.4,34.8,33.2,36.2
555.0,192.8,224.4,27.0,37.2,37.6,36.6,32.6,34.6,33.2,36.2
556.0,192.4,224.4,27.0,37.2,37.6,36.6,32.6,34.2,33.0,36.2
557.0,192.4,224.2,26.8,37.0,37.4,36.6,32.4,34.2,33.0,36.2
558.0,192.2,224.2,26.8,36.8,37.4,36.4,32.2,34.4,33.2,36.2
559.0,192.0,224.2,27.0,36.8,37.2,36.4,32.2,34.6,33.0,36.2
560.0,191.6,224.2,27.0,36.8,37.0,36.6,32.2,34.2,33.0,36.0
561.0,191.4,224.2,27.2,36.6,36.8,36.4,32.2,34.4,33.0,36.0
562.0,191.4,224.0,27.0,36.6,36.8,36.2,32.4,34.2,33.2,36.0
563.0,191.2,224.0,26.8,36.6,36.6,36.2,32.4,34.6,33.0,36.0
564.0,190.6,223.8,26.6,36.4,36.4,36.2,32.4,34.2,33.0,36.0
565.0,190.2,223.8,26.6,36.2,36.2,36.2,32.2,34.2,33.2,36.0
566.0,190.4,223.8,26.4,36.4,36.2,36.2,32.2,34.2,33.0,36.0
567.0,190.4,223.6,26.4,36.2,36.0,36.0,32.2,33.8,33.0,36.0
568.0,190.0,223.4,26.0,36.0,36.0,36.2,32.0,34.0,33.0,36.0
569.0,189.4,223.4,25.6,36.0,36.0,36.2,32.0,33.8,32.8,36.0
570.0,189.4,223.6,25.8,35.8,36.0,36.2,32.0,34.0,32.6,36.0
571.0,189.4,223.4,25.6,35.8,35.8,36.2,32.0,34.2,32.6,36.0
572.0,188.8,223.3,25.6,35.8,35.6,36.2,32.0,34.0,32.8,35.8
573.0,188.8,223.3,25.8,35.6,35.6,36.0,32.0,34.0,32.8,35.8
574.0,188.4,223.3,25.4,35.4,35.4,36.0,32.0,34.2,32.8,35.8
575.0,188.2,223.4,25.4,35.4,35.4,36.0,31.8,34.2,32.8,35.8
576.0,188.2,223.0,25.6,35.4,35.2,36.0,31.8,34.0,32.6,35.6
577.0,187.8,222.8,25.2,35.2,35.0,36.0,31.8,33.8,32.6,35.6
578.0,187.8,222.8,25.2,35.0,34.8,35.8,31.8,34.0,32.6,35.6
579.0,187.6,223.0,25.2,35.0,34.8,35.8,31.8,33.8,32.4,35.6
580.0,187.2,222.8,25.4,35.0,34.8,35.8,31.8,33.8,32.4,35.6
581.0,187.2,222.6,25.2,34.8,34.4,36.0,31.6,33.6,32.6,35.6
582.0,186.8,222.6,25.0,34.8,34.4,35.8,31.8,33.8,32.6,35.6
583.0,186.6,222.6,25.0,34.6,34.2,35.6,31.8,33.6,32.4,35.6
584.0,186.2,222.4,25.0,34.6,34.2,35.6,31.6,33.6,32.6,35.4
585.0,186.2,222.4,25.0,34.6,34.2,35.6,31.4,33.6,32.6,35.4
586.0,185.0,222.4,24.8,34.8,34.0,35.4,31.4,33.8,32.6,35.4
587.0,185.6,222.2,24.6,34.6,33.8,35.4,31.6,33.6,32.4,35.4
588.0,185.6,222.0,24.6,34.6,33.8,35.4,31.6,33.4,32.4,35.4
589.0,185.2,221.6,24.6,34.4,33.8,35.4,31.6,33.2,32.4,35.4
590.0,185.0,221.6,24.6,34.4,33.6,35.0,31.4,33.4,32.6,35.4
591.0,184.8,221.6,24.4,34.4,33.6,35.2,31.2,33.4,32.4,35.4
592.0,184.4,221.6,24.0,34.2,33.6,35.2,31.2,33.4,32.4,35.4
593.0,184.2,221.6,24.2,34.2,33.4,35.0,31.4,33.4,32.2,35.2
594.0,184.0,221.4,24.4,34.0,33.2,35.0,31.4,33.2,32.4,35.2
595.0,183.8,221.0,24.4,34.0,33.0,35.0,31.2,33.2,32.4,35.2
596.0,183.6,221.0,24.2,34.0,32.8,35.0,31.2,33.2,32.2,35.2
597.0,183.4,221.2,24.2,33.8,32.6,35.0,31.2,33.2,32.4,35.2
598.0,183.4,221.2,24.0,33.6,32.6,35.0,31.2,33.2,32.2,35.2
599.0,183.0,221.0,24.0,33.4,32.6,35.2,31.2,33.0,32.2,35.2
600.0,182.6,220.8,24.0,33.4,32.4,35.0,31.2,33.0,32.2,35.2
601.0,182.4,220.6,23.8,33.2,32.2,35.0,31.2,33.0,32.4,35.2
602.0,182.4,220.6,23.8,33.2,32.2,35.0,31.0,32.8,32.0,35.0
603.0,182.0,220.4,23.6,33.2,32.0,34.8,31.0,32.8,32.0,35.0
604.0,181.8,220.2,23.4,33.0,31.8,34.8,31.0,33.0,32.0,35.4
605.0,181.6,220.2,23.4,33.0,31.8,34.8,31.0,33.0,32.2,35.0
606.0,181.4,220.2,23.2,33.0,31.6,34.8,31.0,32.8,32.2,34.8
607.0,181.4,220.0,23.0,33.0,31.4,34.6,30.8,32.8,32.0,35.0
608.0,180.8,220.0,23.0,32.8,31.6,34.8,30.8,33.0,32.0,35.0
609.0,180.8,220.0,23.2,32.8,31.4,34.6,30.8,32.8,32.0,35.0
610.0,180.8,219.8,23.2,32.6,31.4,34.6,30.8,32.8,32.2,35.0
611.0,180.2,219.6,23.0,32.6,31.2,34.6,30.8,32.8,32.0,35.0
612.0,180.2,219.6,22.6,32.4,31.2,34.4,30.8,32.6,32.0,35.0
613.0,179.8,219.4,22.4,32.4,31.2,34.2,30.8,32.6,32.0,35.0
614.0,179.6,219.4,22.4,32.4,31.2,34.4,30.6,32.6,32.0,35.0
615.0,179.2,219.2,22.4,32.4,31.2,34.6,30.6,32.4,32.0,34.8
616.0,179.2,219.0,22.4,32.4,31.0,34.6,30.6,32.6,32.0,34.8
617.0,179.2,219.0,22.2,32.2,30.8,34.2,30.6,32.4,32.0,34.8
618.0,179.0,218.6,22.0,32.2,30.6,34.6,30.6,32.4,32.0,34.8
619.0,178.2,218.6,22.0,32.2,30.4,34.4,30.4,32.4,31.8,34.8
620.0,178.0,218.6,21.6,32.2,30.2,34.4,30.4,32.2,31.8,34.8
621.0,177.8,218.4,21.6,32.0,30.2,34.4,30.6,32.0,32.0,34.8
622.0,177.4,218.4,21.8,32.0,30.2,34.4,30.4,32.2,31.8,34.8
623.0,177.2,218.4,22.0,32.0,29.8,34.4,30.4,32.0,31.8,34.8
624.0,176.8,218.0,22.2,32.0,29.6,34.2,30.4,32.2,31.8,34.8
625.0,176.8,218.0,22.4,31.8,29.8,34.2,30.4,32.0,32.0,34.8
626.0,176.6,217.8,22.2,31.8,29.8,34.4,30.4,32.2,31.8,34.8
627.0,176.4,217.8,22.0,31.6,29.4,34.2,30.4,32.2,31.8,34.6
628.0,176.2,217.6,22.0,31.6,29.0,34.2,30.2,32.2,31.8,34.6
629.0,176.2,217.6,21.4,31.4,29.2,34.2,30.2,32.4,31.6,34.8
630.0,176.0,217.4,21.6,31.4,29.0,34.0,30.2,32.0,31.6,34.6
631.0,175.8,217.2,21.4,31.2,28.8,34.0,30.0,32.0,31.6,34.6
632.0,175.6,217.2,21.0,31.2,28.6,34.2,30.0,32.0,31.6,34.6
633.0,175.2,217.2,21.2,31.2,28.8,34.0,30.0,32.0,31.6,34.6
634.0,174.2,217.2,21.0,31.2,28.6,34.0,30.0,32.0,31.4,34.6
635.0,173.8,217.0,21.2,31.2,28.4,33.8,30.0,32.2,31.6,34.4
636.0,174.2,217.0,20.8,31.2,28.2,33.8,30.0,32.0,31.6,34.4
637.0,174.2,216.8,20.8,31.0,28.0,33.6,30.2,32.0,31.6,34.4
638.0,173.8,216.8,20.6,31.0,28.0,33.6,30.0,31.6,31.6,34.4
639.0,173.6,216.6,20.8,31.0,28.0,33.6,29.8,31.6,31.6,34.4
640.0,173.6,216.4,20.4,30.8,28.0,33.6,30.0,31.8,31.4,34.2
641.0,173.4,216.2,20.6,30.8,27.8,33.8,29.8,31.8,31.6,34.2
642.0,173.2,216.2,20.4,30.8,28.0,33.8,29.8,31.6,31.6,34.2
643.0,172.6,216.2,20.2,30.6,28.0,33.8,29.8,31.6,31.2,34.4
644.0,172.6,216.0,20.0,30.6,28.0,33.6,29.8,31.6,31.4,34.2
645.0,172.2,215.6,20.0,30.6,27.6,33.6,29.6,31.4,31.4,34.2
646.0,172.2,215.6,20.0,30.6,27.6,33.6,29.6,31.4,31.4,34.2
647.0,172.0,215.4,19.8,30.6,27.6,33.6,29.4,31.4,31.2,34.2
648.0,171.8,215.4,15.8,30.4,27.4,33.6,29.4,31.6,31.4,34.2
649.0,171.6,215.2,15.6,30.4,27.4,33.6,29.6,31.4,31.2,34.2
650.0,171.2,215.2,16.0,30.2,27.4,33.6,29.4,31.2,31.2,34.2
651.0,171.2,215.0,16.2,30.2,27.2,33.4,29.4,31.2,31.4,34.2
652.0,171.0,214.6,16.0,30.2,26.8,33.2,29.4,31.0,31.2,34.2
653.0,170.8,214.6,15.8,30.0,26.8,33.4,29.2,31.2,31.2,34.2
654.0,170.6,214.4,15.6,30.0,27.0,33.4,29.0,31.2,31.2,34.0
655.0,170.4,214.4,15.8,29.8,26.8,33.4,29.0,31.0,31.2,34.2
656.0,170.0,214.4,15.4,29.8,26.6,33.2,29.2,31.2,31.2,34.2
657.0,169.6,214.2,15.6,29.8,26.6,33.2,29.2,31.2,31.2,34.0
658.0,169.6,214.0,15.6,29.8,26.6,33.2,29.2,31.0,31.0,34.2
659.0,169.4,214.0,15.4,29.8,26.6,33.2,29.2,31.0,31.0,34.0
660.0,169.2,213.6,15.6,29.8,26.6,33.2,29.2,31.0,31.2,34.0
661.0,169.0,213.4,15.8,29.8,26.6,33.0,29.0,31.0,31.2,34.0
662.0,168.8,213.2,15.6,29.6,26.6,33.0,29.0,31.0,31.2,34.0
663.0,168.4,213.2,15.6,29.6,26.2,33.0,29.0,31.0,31.2,34.0
664.0,168.2,213.0,15.0,29.4,26.2,33.0,29.0,30.8,31.2,33.8
665.0,168.2,213.0,15.0,29.4,26.0,32.8,29.0,31.0,31.0,33.8
666.0,168.2,212.6,15.0,29.2,25.8,32.8,28.8,30.8,31.0,34.0
667.0,168.0,212.8,15.0,29.2,25.6,32.8,28.8,30.8,31.2,34.0
668.0,167.8,212.6,15.0,29.2,25.6,33.0,28.8,30.8,31.0,33.8
669.0,167.8,212.4,15.2,29.0,25.6,32.8,28.8,30.8,31.0,34.0
670.0,167.2,212.4,15.2,29.0,25.6,32.6,28.6,31.0,31.0,33.8
671.0,167.0,212.2,15.4,29.0,25.4,32.6,28.6,30.8,31.0,33.8
672.0,166.8,212.0,15.2,29.0,25.2,32.6,28.6,30.6,31.0,33.8
673.0,166.4,211.8,15.2,29.0,25.0,32.6,28.6,30.6,31.0,33.8
674.0,166.4,212.4,15.0,28.8,25.2,32.6,28.6,30.4,31.0,33.8
675.0,166.2,212.4,15.0,28.8,25.0,32.6,28.6,30.6,30.8,33.8
676.0,165.8,211.2,14.8,28.6,25.2,32.6,28.4,30.6,30.8,33.8
677.0,165.6,211.2,14.6,28.6,25.2,32.4,28.6,30.6,30.8,33.8
678.0,165.8,211.0,14.4,28.6,25.0,32.4,28.6,30.6,31.0,33.6
679.0,165.6,211.0,14.4,28.4,24.8,32.4,28.6,30.4,31.0,33.6
680.0,165.4,210.6,14.6,28.2,25.0,32.2,28.6,30.4,30.8,33.6
681.0,165.2,210.6,14.8,28.2,24.8,32.2,28.2,30.2,30.8,33.6
682.0,164.8,210.4,14.6,28.2,24.6,32.2,28.2,30.0,30.8,33.6
683.0,164.8,210.2,14.4,28.0,24.6,32.2,28.2,30.2,30.8,33.6
684.0,164.6,210.0,14.6,28.2,24.4,32.2,28.2,30.0,30.8,33.6
685.0,164.6,209.8,14.4,28.2,24.4,32.4,28.2,30.0,30.8,33.6
686.0,164.2,209.6,14.2,28.2,24.0,32.2,28.2,30.2,30.8,33.4
687.0,164.0,209.4,14.2,28.0,24.2,32.2,28.2,30.2,30.6,33.4
688.0,164.0,209.4,14.2,27.8,23.8,32.4,28.2,30.0,30.8,33.4
689.0,164.0,209.4,14.4,27.8,23.8,32.2,28.0,30.0,30.6,33.6
690.0,163.4,209.0,14.0,27.8,23.8,32.2,28.0,30.2,30.6,33.6
691.0,163.4,208.8,14.0,27.8,23.8,32.0,28.2,30.0,30.4,33.4
692.0,163.0,208.4,14.2,27.8,23.4,32.2,28.0,30.0,30.6,33.6
693.0,163.0,208.4,14.4,27.6,23.8,32.2,28.0,30.2,30.6,33.4
694.0,163.0,208.2,14.6,27.6,23.6,32.0,28.0,30.0,30.4,33.2
695.0,163.0,208.0,14.4,27.6,23.4,31.8,28.0,29.8,30.4,33.4
696.0,162.8,208.0,14.4,27.6,23.4,31.8,28.0,29.6,30.4,33.2
697.0,162.4,207.6,14.4,27.4,23.4,31.8,28.0,29.8,30.4,33.2
698.0,162.0,207.6,14.2,27.4,23.4,32.0,28.0,29.6,30.4,33.2
699.0,162.0,207.4,14.2,27.4,23.2,31.8,27.6,29.6,30.4,33.2
700.0,162.0,207.4,14.2,27.2,23.0,31.8,27.8,29.6,30.4,33.4
701.0,161.8,207.4,14.2,27.2,23.0,31.8,28.0,29.6,30.4,33.2
702.0,161.6,207.2,14.0,27.2,23.0,31.8,27.6,29.8,30.4,33.4
703.0,161.4,207.0,14.0,27.2,22.8,31.6,27.6,29.8,30.4,33.2
704.0,161.0,206.8,14.0,27.2,22.8,31.4,27.8,29.6,30.4,33.2
705.0,161.0,206.4,13.8,27.2,22.6,31.6,27.6,29.4,30.2,33.2
706.0,161.0,206.4,13.8,27.0,22.8,31.4,27.6,29.6,30.4,33.0
707.0,160.8,206.2,14.0,27.0,22.8,31.6,27.6,29.4,30.2,33.2
708.0,160.4,206.2,14.0,26.8,22.6,31.4,27.4,29.4,30.2,33.2
709.0,160.2,205.8,13.8,26.6,22.6,31.4,27.4,29.4,30.2,33.2
710.0,160.0,205.8,13.6,26.6,22.4,31.4,27.4,29.2,30.2,33.2
711.0,160.0,205.6,13.4,26.6,22.2,31.4,27.4,29.2,30.0,33.2
712.0,160.0,205.6,13.4,26.6,22.2,31.2,27.2,29.0,30.2,33.0
713.0,159.8,205.2,13.4,26.6,22.0,31.2,27.2,29.2,30.2,33.2
714.0,159.6,205.0,13.4,26.6,21.8,31.4,27.2,29.0,30.0,33.0
715.0,159.4,204.8,13.4,26.6,21.8,31.2,27.2,29.2,30.2,32.8
716.0,159.4,204.6,13.6,26.6,21.8,31.4,27.2,29.2,30.0,33.0
717.0,159.2,204.4,13.4,26.4,21.6,31.0,27.2,29.0,30.2,33.0
718.0,159.0,204.4,13.4,26.4,21.6,31.0,27.2,29.2,30.0,33.0
719.0,159.0,204.2,13.2,26.4,21.4,31.2,27.2,29.0,30.0,33.0
720.0,158.8,203.8,13.4,26.4,21.4,31.0,27.2,29.0,30.2,32.8
721.0,158.6,203.8,13.4,26.2,21.0,30.8,27.2,29.0,30.0,32.8
722.0,158.4,203.6,13.2,26.2,21.2,30.8,27.0,29.0,30.0,32.8
723.0,158.0,203.4,13.0,26.0,21.2,31.0,27.0,29.0,29.8,32.8
724.0,158.0,203.4,13.2,26.0,20.8,31.0,27.0,28.8,30.0,32.6
725.0,157.8,203.0,13.4,26.0,20.6,30.8,27.0,28.8,30.0,32.8
726.0,158.0,203.0,13.2,25.8,20.6,30.6,26.8,28.6,30.0,32.8
727.0,157.6,202.6,13.2,25.0,20.6,30.6,26.8,28.6,30.0,32.8
728.0,157.4,202.6,13.0,24.0,20.6,30.6,26.8,28.6,30.0,32.8
729.0,157.4,202.4,13.0,23.8,20.6,30.8,26.6,28.6,30.0,32.8
730.0,157.2,202.2,12.8,23.8,20.2,30.6,26.8,28.6,29.8,32.8
731.0,156.8,202.2,13.0,23.8,19.8,30.6,26.6,28.6,30.0,32.6
732.0,156.8,201.8,12.8,22.0,19.6,30.4,26.6,28.6,30.0,32.6
733.0,156.4,201.8,12.8,22.0,19.8,30.4,26.6,28.6,30.0,32.8
734.0,156.4,201.6,13.0,21.8,19.6,30.4,26.8,28.4,29.8,32.8
735.0,156.4,201.6,12.8,21.8,19.6,30.4,26.6,28.4,29.8,32.6
736.0,156.0,201.6,13.2,21.8,19.6,30.2,26.6,28.4,29.8,32.6
737.0,155.8,201.2,13.2,21.6,19.8,30.2,26.6,28.2,29.8,32.6
738.0,155.6,201.0,13.2,21.6,19.6,30.2,26.4,28.2,29.8,32.6
739.0,155.6,201.0,13.0,21.6,19.8,30.4,26.4,28.0,29.6,32.6
740.0,155.6,200.8,12.6,21.4,19.8,30.2,26.4,28.0,29.6,32.6
741.0,155.2,200.6,12.4,21.4,20.0,30.2,26.4,28.0,29.8,32.6
742.0,155.4,200.6,12.6,21.4,19.6,30.2,26.2,27.8,29.6,32.4
743.0,155.0,200.2,12.4,21.4,19.6,30.0,26.4,27.8,29.8,32.6
744.0,155.0,200.0,12.6,21.6,19.4,30.0,26.4,27.8,29.6,32.6
745.0,154.8,199.8,12.6,21.4,19.6,30.0,26.2,27.8,29.6,32.4
746.0,154.8,199.6,12.6,21.4,19.4,30.0,26.0,28.0,29.6,32.4
747.0,154.4,199.4,12.8,21.4,19.4,29.8,26.0,27.8,29.8,32.4
748.0,154.2,199.2,12.8,21.2,19.2,29.8,26.2,27.8,29.8,32.4
749.0,154.2,199.0,12.6,21.2,19.2,29.8,26.2,27.6,29.6,32.4
750.0,153.8,198.8,12.6,21.2,19.2,29.6,26.2,27.8,29.6,32.4
751.0,153.6,198.8,12.6,21.2,19.0,29.6,26.2,27.8,29.6,32.4
752.0,153.8,198.6,12.4,21.2,18.8,29.6,26.2,27.8,29.6,32.4
753.0,153.4,198.4,12.8,21.2,18.6,29.6,26.0,28.0,29.4,32.4
754.0,153.6,198.2,12.8,21.0,18.4,29.4,26.0,27.6,29.4,32.2
755.0,153.2,198.0,13.0,21.0,18.6,29.6,26.0,27.8,29.6,32.2
756.0,153.0,197.0,12.6,21.0,18.4,29.6,26.0,27.6,29.6,32.2
757.0,153.0,197.6,12.6,21.0,18.4,29.6,26.0,27.4,29.6,32.2
758.0,153.0,197.6,12.6,20.8,18.0,29.4,26.0,27.6,29.6,32.2
759.0,152.8,197.4,12.6,20.8,18.2,29.2,25.8,27.6,29.4,32.2
760.0,152.6,197.4,12.6,20.8,18.2,29.2,25.8,27.4,29.4,32.0
761.0,152.4,197.2,12.4,20.8,18.0,29.2,25.8,27.2,29.4,32.2
762.0,152.4,197.2,12.4,20.8,17.6,29.4,25.8,27.4,29.2,32.2
763.0,152.4,197.0,12.4,20.6,17.6,29.0,25.8,27.4,29.4,32.2
764.0,152.4,196.8,12.2,20.6,17.6,29.2,25.8,27.4,29.2,32.0
765.0,152.2,196.8,12.4,20.6,17.2,29.4,25.6,27.2,29.4,32.0
766.0,151.8,196.6,12.2,20.6,17.2,29.2,25.6,27.0,29.2,32.0
767.0,151.8,196.2,12.4,20.6,17.4,29.2,25.6,27.2,29.2,32.0
768.0,151.8,196.2,12.4,20.6,17.4,29.0,25.6,27.2,29.4,32.0
769.0,151.8,195.0,12.2,20.4,17.4,29.2,25.6,27.2,29.2,32.0
770.0,151.6,195.8,12.2,20.4,17.4,29.0,25.4,27.2,29.0,32.0
771.0,151.2,195.6,12.2,20.4,17.6,28.6,25.4,27.0,29.2,32.0
772.0,151.2,195.4,12.0,20.4,17.4,28.8,25.6,27.0,29.2,31.8
773.0,151.2,195.4,12.2,20.4,17.2,28.8,25.6,26.8,29.0,32.0
774.0,150.8,195.2,12.2,20.2,17.2,28.8,25.4,27.0,29.0,31.8
775.0,150.6,194.8,12.4,20.2,17.2,28.8,25.2,26.6,29.0,31.8
776.0,150.4,194.6,12.4,20.2,17.2,28.8,25.2,26.8,29.2,31.8
777.0,150.4,194.4,12.2,20.2,17.2,28.4,25.2,26.8,29.2,31.6
778.0,150.4,194.6,12.2,20.2,17.0,28.6,25.2,26.8,29.0,31.8
779.0,150.0,194.2,12.2,20.2,17.0,28.6,25.2,26.8,29.0,31.8
780.0,150.0,194.0,12.0,20.2,17.0,28.6,25.2,26.6,29.2,31.8
781.0,149.8,194.0,12.0,20.2,17.0,28.8,25.2,26.6,29.0,31.8
782.0,149.6,193.8,12.0,20.0,17.0,28.6,25.0,26.6,29.0,31.8
783.0,149.8,193.6,11.8,20.0,17.0,28.4,25.0,26.4,29.0,31.6
784.0,149.6,193.4,12.0,20.0,17.0,28.4,25.2,26.2,29.0,31.8
785.0,149.6,193.2,12.0,20.0,17.2,28.4,25.2,26.6,29.0,31.8
786.0,149.6,193.0,12.0,20.0,17.2,28.2,25.0,26.4,29.0,31.6
787.0,149.4,192.8,12.0,20.0,17.0,28.4,25.0,26.6,29.0,31.6
788.0,149.2,192.8,11.8,19.8,16.8,28.2,24.8,26.4,29.0,31.8
789.0,149.0,192.8,11.8,19.8,16.6,28.4,24.8,26.6,29.0,31.8
790.0,148.8,192.6,11.6,19.8,16.4,28.2,24.8,26.4,29.0,31.6
791.0,148.6,192.0,11.6,19.8,16.2,28.0,24.8,26.4,29.0,31.4
792.0,148.2,192.0,11.8,19.8,16.0,28.0,24.8,26.0,28.8,31.4
793.0,148.4,191.8,11.6,19.6,16.0,28.0,24.8,26.2,28.8,31.6
794.0,148.2,191.8,11.8,19.6,15.8,27.8,24.8,26.2,28.8,31.6
795.0,148.2,191.4,11.6,19.6,15.8,28.0,24.8,26.2,28.8,31.6
796.0,148.0,191.4,11.4,19.6,15.8,27.8,24.8,26.0,28.8,31.6
797.0,148.0,191.2,11.6,19.6,15.8,27.8,24.8,26.2,28.8,31.6
798.0,147.8,191.2,11.6,19.6,15.6,28.0,24.8,26.0,28.6,31.6
799.0,147.8,190.8,11.6,19.6,15.4,27.8,24.8,26.2,28.8,31.6
800.0,147.6,190.6,11.2,19.6,15.4,27.8,24.6,26.2,28.6,31.6
801.0,147.6,190.4,11.2,19.4,15.2,27.6,24.8,26.2,28.8,31.4
802.0,147.4,190.4,11.2,19.4,15.0,27.6,24.6,26.0,28.6,31.4
803.0,147.2,190.2,11.4,19.4,15.2,27.8,24.6,26.0,28.6,31.4
804.0,147.2,190.0,11.4,19.4,14.8,27.4,24.6,25.8,28.6,31.4
805.0,147.4,189.8,11.4,19.4,14.6,27.6,24.6,25.8,28.6,31.4
806.0,147.2,189.8,11.4,19.4,14.8,27.6,24.6,26.0,28.6,31.4
807.0,147.0,189.6,11.4,19.2,14.8,27.6,24.6,25.8,28.6,31.2
808.0,146.8,189.4,11.2,19.2,15.0,27.4,24.4,25.8,28.6,31.4
809.0,146.8,189.4,11.2,19.2,15.0,27.4,24.2,25.8,28.4,31.2
810.0,146.6,189.2,11.4,19.2,15.0,27.2,24.4,25.8,28.6,31.4
811.0,146.4,189.0,11.2,19.2,14.4,27.2,24.4,25.6,28.4,31.2
812.0,146.4,189.0,11.2,19.2,13.4,27.0,24.6,25.8,28.4,31.2
813.0,146.2,188.8,11.0,19.2,13.4,27.0,24.4,25.8,28.6,31.2
814.0,146.2,188.8,10.6,19.2,13.4,27.2,24.2,25.8,28.4,31.2
815.0,146.0,188.6,10.6,19.0,13.2,27.2,24.0,25.8,28.4,31.2
816.0,145.8,188.2,10.8,19.0,13.2,,24.4,25.6,28.6,31.0
817.0,146.0,188.2,10.8,19.0,13.0,,24.2,25.6,28.4,31.0
818.0,145.8,188.0,10.6,19.0,13.2,,24.2,25.6,28.4,31.2
819.0,145.6,187.8,10.6,19.0,13.4,,24.2,25.6,28.4,31.2
820.0,145.2,187.6,10.4,19.0,13.0,,24.2,25.4,28.6,31.2
821.0,145.2,187.4,10.6,19.0,13.0,,24.2,25.4,28.4,31.0
822.0,145.4,187.2,10.6,19.0,12.8,,24.2,25.2,28.4,31.0
823.0,145.2,187.0,10.6,19.0,13.0,,24.0,25.6,28.2,31.0
824.0,145.0,187.0,10.6,19.0,13.0,,24.0,25.6,28.2,31.0
825.0,145.0,186.8,10.4,19.0,13.0,,24.0,25.6,28.8,31.0
826.0,144.8,186.8,10.4,18.8,12.8,,24.0,25.2,32.2,30.8
827.0,144.6,186.4,10.6,18.8,13.0,,24.0,25.2,32.6,30.8
828.0,144.4,186.4,10.6,18.8,12.6,,23.8,25.4,32.2,30.8
829.0,144.6,186.4,10.8,18.8,12.6,,24.0,25.2,29.6,30.8
830.0,144.6,186.0,10.6,18.8,12.6,,24.0,25.2,28.2,30.6
831.0,144.6,185.8,10.4,18.8,12.4,,23.8,25.0,26.8,30.6
832.0,144.4,185.6,10.4,18.8,12.2,,23.6,25.0,17.2,30.6
833.0,144.2,185.6,10.2,18.8,12.2,,23.6,25.2,19.2,30.6
834.0,144.2,185.4,10.0,18.8,12.0,,23.6,25.0,9.4,30.8
835.0,144.2,185.2,10.0,18.6,11.8,,23.6,24.8,5.6,30.8
836.0,144.0,185.2,10.2,18.6,11.4,,23.4,24.8,5.6,30.8
837.0,143.8,185.0,10.4,18.6,11.6,,23.4,24.8,1.2,30.8
838.0,143.8,185.0,10.6,18.6,11.8,,23.6,24.8,1.4,30.8
839.0,143.6,184.6,10.4,18.4,11.8,,23.6,24.6,1.4,30.8
840.0,143.6,184.4,10.4,18.4,12.0,,23.4,24.6,1.4,30.6
841.0,143.4,184.2,10.4,18.4,11.8,,23.4,24.6,1.2,30.8
842.0,143.4,184.2,10.6,18.4,12.0,,24.4,24.6,1.2,30.6
843.0,143.2,184.0,10.0,18.4,12.0,,23.6,24.8,1.4,30.6
844.0,143.4,183.6,10.2,18.4,11.8,,23.6,24.6,1.4,30.8
845.0,143.2,183.6,10.2,18.4,11.8,,23.4,24.6,1.6,30.6
846.0,143.2,183.6,10.2,18.4,11.6,,23.4,24.6,1.4,30.6
847.0,143.0,182.4,10.2,18.2,11.8,,23.2,24.6,1.2,30.6
848.0,142.8,183.4,10.2,18.2,11.6,,23.2,24.4,1.4,30.6
849.0,142.6,183.0,10.2,18.2,11.8,,23.2,24.6,1.4,30.4
850.0,142.4,182.8,10.4,18.2,12.0,,23.2,24.4,1.2,30.4
851.0,142.6,182.8,10.2,18.2,12.2,,23.2,24.6,1.4,30.6
852.0,142.4,182.6,10.0,18.2,12.0,,23.0,24.4,1.6,30.6
853.0,142.2,182.6,10.0,18.2,12.0,,23.4,24.4,1.6,30.6
854.0,142.2,182.4,10.0,18.2,12.0,,23.4,24.2,1.4,30.4
855.0,142.0,182.2,10.0,18.2,11.8,,23.2,24.4,1.6,30.4
856.0,142.0,182.0,9.8,18.2,11.6,,23.2,24.4,1.6,30.4
857.0,142.0,181.8,9.8,18.2,11.6,,23.2,24.2,1.6,30.4
858.0,141.8,181.8,9.8,18.2,11.8,,23.2,24.4,,30.4
859.0,141.6,181.4,9.8,18.0,11.6,,23.0,24.2,,30.4
860.0,141.4,181.2,9.4,18.0,11.4,,22.8,24.2,,30.4
861.0,141.6,181.0,9.6,18.0,11.4,,22.8,24.2,,30.2
862.0,141.6,180.8,9.8,18.0,11.0,,22.8,24.2,,30.4
863.0,141.4,180.6,9.8,18.0,11.2,,22.8,24.2,,30.4
864.0,141.2,180.2,9.6,18.0,11.2,,22.8,24.0,,30.2
865.0,141.2,180.2,9.6,18.0,11.0,,23.0,24.2,,30.2
866.0,141.2,180.0,9.8,18.0,11.2,,23.0,24.2,,30.2
867.0,141.0,179.8,9.8,18.0,11.4,,23.0,24.0,,30.2
868.0,141.0,179.6,9.8,18.0,11.2,,22.8,24.2,,30.0
869.0,141.2,179.4,9.8,18.0,11.4,,22.8,24.2,,30.2
870.0,141.0,179.4,9.6,18.0,11.2,,22.8,24.0,,30.2
871.0,140.8,179.4,9.6,18.0,11.0,,22.8,24.0,,30.2
872.0,140.8,179.0,9.4,18.0,11.0,,22.6,24.0,,30.2
873.0,140.8,178.8,9.4,18.0,11.0,,22.6,24.2,,30.0
874.0,140.6,178.6,9.4,17.6,10.8,,22.4,24.0,,30.0
875.0,140.6,178.4,9.0,17.6,10.6,,22.4,23.8,,30.0
876.0,140.4,178.2,9.2,17.6,10.8,,22.6,23.8,,30.0
877.0,140.2,178.0,9.0,17.6,10.6,,22.6,23.8,,30.0
878.0,140.0,178.0,9.0,17.6,10.4,,22.4,23.8,,30.0
879.0,140.2,177.8,9.0,17.6,10.4,,22.4,24.0,,30.0
880.0,140.0,177.8,9.2,17.6,10.2,,22.4,23.8,,30.0
881.0,139.8,177.4,9.0,17.6,10.4,,22.4,23.8,,30.0
882.0,139.8,177.4,9.0,17.6,10.4,,22.6,23.8,,30.0
883.0,139.8,177.2,8.8,17.6,10.2,,22.4,23.8,,29.8
884.0,139.6,177.0,9.0,17.6,10.2,,22.4,23.8,,29.8
885.0,139.6,176.6,9.0,17.6,10.0,,22.4,23.6,,30.0
886.0,139.6,176.8,9.2,17.8,10.0,,22.4,23.8,,30.0
887.0,139.6,176.2,9.2,17.8,10.0,,22.4,23.8,,29.8
888.0,139.4,176.2,9.4,17.6,10.0,,22.4,23.6,,29.8
889.0,139.4,176.0,9.2,17.6,10.0,,22.2,23.6,,29.8
890.0,139.4,175.8,9.0,17.8,10.0,,22.4,23.6,,29.6
891.0,139.2,175.8,9.0,17.8,9.8,,22.2,23.6,,29.6
892.0,139.0,175.6,9.2,17.6,9.8,,22.2,23.6,,29.8
893.0,139.0,175.2,9.2,17.6,9.8,,22.2,23.6,,29.6
894.0,138.8,175.2,9.4,17.6,9.8,,22.0,23.4,,29.6
895.0,138.8,175.0,9.2,17.6,9.8,,22.0,23.4,,29.8
896.0,138.8,174.6,9.2,17.6,9.6,,22.0,23.6,,29.6
897.0,139.0,174.4,9.0,17.6,9.4,,22.0,23.4,,29.6
898.0,138.8,174.2,9.0,17.6,9.6,,21.8,23.4,,29.6
899.0,138.6,174.2,9.0,17.4,9.6,,22.0,23.4,,29.6
900.0,138.4,174.2,9.0,17.4,9.6,,22.0,23.2,,29.6
901.0,138.4,173.8,8.8,17.4,9.6,,21.8,23.2,,29.6
902.0,138.4,173.6,8.6,17.4,9.4,,22.0,23.2,,29.6
903.0,138.2,173.4,8.6,17.4,9.2,,22.0,23.2,,29.6
904.0,138.0,173.2,8.8,17.2,9.2,,21.6,23.2,,29.4
905.0,138.2,173.0,8.8,17.4,9.2,,21.8,23.2,,29.6
906.0,138.2,172.8,8.8,17.4,9.0,,21.8,23.2,,29.6
907.0,138.2,172.6,9.0,17.2,8.8,,21.8,23.2,,29.6
908.0,138.2,172.4,8.8,17.2,8.8,,21.8,23.2,,29.4
909.0,138.0,172.4,8.8,17.2,8.6,,21.8,23.2,,29.4
910.0,138.0,172.4,8.8,17.0,8.6,,22.0,23.0,,29.6
911.0,138.0,172.2,8.6,17.2,8.4,,21.8,23.0,,29.6
912.0,138.0,171.8,8.6,17.0,8.6,,21.6,23.2,,29.4
913.0,138.0,171.6,8.8,17.0,8.6,,21.8,23.0,,29.4
914.0,137.8,171.6,8.6,17.0,8.2,,21.8,23.0,,29.2
915.0,137.6,171.4,8.6,17.0,8.4,,21.6,23.0,,29.4
916.0,137.6,171.2,8.6,17.0,8.4,,21.6,23.0,,29.2
917.0,137.4,171.0,8.6,17.0,8.2,,21.4,23.0,,29.2
918.0,137.4,170.6,8.4,17.0,8.2,,21.4,23.0,,29.4
919.0,137.2,170.6,8.6,17.0,8.0,,21.6,22.8,,29.4
920.0,137.4,170.4,8.6,17.0,8.0,,21.2,23.0,,29.4
921.0,137.4,170.2,8.6,17.0,8.0,,21.6,22.8,,29.2
922.0,137.4,170.2,8.4,16.8,8.0,,21.4,22.8,,29.2
923.0,137.2,170.0,8.6,16.8,8.2,,21.6,23.0,,29.2
924.0,137.2,169.8,8.6,16.8,8.2,,21.6,23.0,,29.2
925.0,137.2,169.6,8.6,16.8,8.2,,21.4,23.0,,29.2
926.0,137.2,169.4,8.4,16.8,8.2,,21.2,22.8,,29.4
927.0,137.0,169.2,8.6,16.8,8.0,,21.2,22.8,,29.2
928.0,137.0,169.0,8.4,16.6,8.2,,21.0,22.8,,29.2
929.0,137.0,168.8,8.4,16.6,8.2,,21.0,22.8,,29.2
930.0,137.0,168.6,8.4,16.4,8.0,,21.2,22.8,,29.2
931.0,136.8,168.4,8.4,16.4,8.2,,21.2,23.0,,29.2
932.0,136.6,168.4,8.4,16.6,7.8,,21.2,22.8,,29.0
933.0,136.6,168.2,8.2,16.6,8.0,,21.2,22.6,,29.0
934.0,136.6,168.0,8.2,16.6,7.6,,21.2,22.6,,29.0
935.0,136.4,167.8,8.2,16.4,7.8,,21.0,22.6,,
936.0,136.4,167.6,8.2,16.4,7.8,,20.8,22.6,,
937.0,136.0,167.4,8.2,16.4,7.8,,21.0,22.6,,
938.0,136.2,167.4,8.2,16.2,7.6,,21.2,22.4,,
939.0,136.0,167.2,8.0,16.2,7.4,,21.0,22.4,,
940.0,136.0,167.0,7.8,16.2,7.6,,21.0,22.6,,
941.0,136.0,166.8,8.0,16.2,7.6,,20.8,22.6,,
942.0,135.0,166.6,8.0,16.2,7.8,,21.0,22.4,,
943.0,135.8,166.4,8.2,16.2,7.8,,20.8,22.6,,
944.0,136.0,166.2,8.0,16.0,7.8,,21.0,22.6,,
945.0,135.8,166.0,8.0,16.0,8.0,,20.8,22.4,,
946.0,135.6,165.8,7.8,16.0,8.0,,20.6,22.4,,
947.0,135.4,165.6,8.0,16.2,7.8,,20.8,22.4,,
948.0,135.4,165.2,7.8,16.2,8.0,,21.0,22.4,,
949.0,135.2,165.4,7.8,16.2,8.2,,20.8,22.2,,
950.0,135.2,165.0,7.8,16.2,7.8,,20.6,22.2,,
951.0,135.2,165.0,7.8,16.2,7.8,,20.6,22.2,,
952.0,135.4,164.8,7.6,16.0,7.6,,20.4,22.0,,
953.0,135.2,164.4,7.4,16.0,7.6,,20.4,22.0,,
954.0,135.2,164.4,7.8,16.0,7.6,,20.4,22.0,,
955.0,135.2,164.0,7.6,16.0,7.6,,20.6,22.0,,
956.0,135.2,164.2,7.4,16.0,7.8,,20.6,22.0,,
957.0,135.0,163.6,7.6,16.0,7.8,,20.6,21.8,,
958.0,135.2,163.4,7.4,16.0,7.8,,20.6,22.0,,
959.0,135.2,163.4,7.2,16.0,7.8,,20.6,22.2,,
960.0,134.8,163.2,7.0,15.8,7.6,,20.6,22.0,,
961.0,135.0,163.0,7.2,16.0,7.8,,20.6,21.8,,
962.0,134.8,163.0,7.2,15.8,7.6,,20.6,22.2,,
963.0,134.6,162.8,7.0,15.8,7.6,,20.4,22.0,,
964.0,134.4,162.4,6.8,15.8,7.6,,20.4,22.0,,
965.0,134.4,162.4,6.8,15.8,7.6,,20.4,22.0,,
966.0,134.4,162.2,6.8,15.8,7.4,,20.2,22.2,,
967.0,134.4,162.0,7.0,15.8,7.4,,20.2,22.2,,
968.0,134.4,161.8,7.2,15.8,7.4,,20.2,22.0,,
969.0,134.4,161.4,7.4,15.8,7.2,,20.2,22.0,,
970.0,134.4,161.2,7.6,15.8,7.2,,20.2,22.0,,
971.0,134.2,161.0,7.6,15.8,7.0,,20.2,21.8,,
972.0,134.0,161.0,7.6,15.8,6.6,,20.2,21.8,,
973.0,134.2,160.6,7.2,15.8,6.4,,20.2,22.0,,
974.0,134.0,160.6,7.4,15.8,6.2,,20.2,22.0,,
975.0,133.8,160.4,7.4,15.8,6.6,,20.2,21.8,,
976.0,133.0,160.2,7.2,15.8,6.6,,20.2,22.0,,
977.0,133.8,160.0,7.2,15.8,6.4,,20.2,22.0,,
978.0,133.6,159.8,7.2,15.6,6.8,,20.0,22.0,,
979.0,133.4,159.6,7.0,15.6,6.6,,20.2,21.8,,
980.0,133.4,159.2,7.0,15.6,6.6,,20.0,21.8,,
981.0,133.6,159.0,7.2,15.6,6.6,,20.0,21.8,,
982.0,133.4,158.8,7.0,15.6,6.6,,20.0,21.6,,
983.0,133.2,158.6,7.2,15.6,6.8,,20.2,21.8,,
984.0,133.2,158.6,7.2,15.6,6.8,,19.8,21.8,,
985.0,133.2,158.2,7.2,15.6,6.8,,19.8,21.8,,
986.0,133.0,158.2,7.2,15.4,6.6,,19.8,21.8,,
987.0,133.0,157.6,7.2,15.4,6.8,,19.8,21.8,,
988.0,133.0,157.6,7.2,15.4,6.6,,19.8,21.6,,
989.0,133.2,157.4,7.2,15.4,6.4,,19.8,21.6,,
990.0,132.8,157.2,7.0,15.4,6.4,,19.6,21.8,,
991.0,132.8,157.0,6.8,15.4,6.2,,19.8,21.8,,
992.0,132.8,156.8,6.8,15.4,6.2,,19.8,21.6,,
993.0,132.8,156.4,6.8,15.4,6.0,,19.8,21.6,,
994.0,132.8,156.4,6.6,15.4,6.2,,19.8,21.6,,
995.0,132.8,156.4,6.8,15.4,6.0,,19.6,21.6,,
996.0,132.6,156.2,6.8,15.4,6.2,,19.6,21.6,,
997.0,132.4,156.0,6.8,15.4,6.2,,19.6,21.6,,
998.0,132.4,155.8,7.8,15.4,6.0,,19.6,21.4,,
999.0,132.4,155.6,7.8,15.4,6.0,,19.6,21.6,,
1000.0,132.4,155.4,8.0,15.4,6.0,,19.6,21.4,,
1001.0,132.2,155.2,7.8,15.4,5.8,,19.6,21.4,,
1002.0,132.2,155.8,7.8,15.4,6.0,,19.4,21.6,,
1003.0,132.0,154.8,7.4,15.2,5.8,,19.4,21.4,,
1004.0,131.8,154.8,7.2,15.2,5.8,,19.4,21.4,,
1005.0,131.8,154.4,7.2,15.2,5.6,,19.4,21.6,,
1006.0,132.0,154.6,7.4,15.2,5.6,,19.2,21.4,,
1007.0,132.0,154.4,7.6,15.2,5.6,,19.2,21.4,,
1008.0,131.6,154.0,7.6,15.2,5.8,,19.2,21.4,,
1009.0,131.8,153.8,7.6,15.2,5.8,,19.2,21.4,,
1010.0,131.6,153.8,7.4,15.2,6.0,,19.2,21.4,,
1011.0,131.8,153.4,7.4,15.2,5.8,,19.0,21.4,,
1012.0,131.6,153.4,7.4,15.2,5.8,,19.0,21.0,,
1013.0,131.4,153.2,7.6,15.2,5.8,,19.2,21.2,,
1014.0,131.4,153.0,7.6,15.2,5.8,,19.0,21.2,,
1015.0,131.4,152.8,7.4,15.2,5.6,,19.0,21.2,,
1016.0,131.6,153.6,7.4,15.2,5.4,,19.0,21.2,,
1017.0,131.4,153.6,7.4,15.2,5.6,,19.0,21.2,,
1018.0,131.4,152.2,7.2,15.2,5.6,,19.0,21.2,,
1019.0,131.4,152.0,7.2,15.2,5.4,,19.0,21.2,,
1020.0,131.4,151.8,7.4,15.0,5.6,,19.0,21.0,,
1021.0,131.6,151.6,7.2,15.0,5.4,,19.0,21.0,,
1022.0,131.6,151.4,7.2,15.0,5.4,,19.0,21.0,,
1023.0,131.6,151.4,7.6,15.0,5.2,,19.0,21.2,,
1024.0,131.6,151.2,7.4,15.0,5.4,,18.8,21.0,,
1025.0,131.6,151.0,7.4,15.0,5.2,,19.0,21.2,,
1026.0,131.6,150.8,7.6,15.0,5.0,,19.0,21.2,,
1027.0,131.4,150.6,7.2,15.0,4.8,,19.0,21.0,,
1028.0,131.4,150.6,7.2,15.0,4.8,,18.8,21.0,,
1029.0,131.2,150.6,7.2,14.8,5.0,,19.0,21.0,,
1030.0,131.2,150.4,7.4,14.8,5.0,,18.8,21.0,,
1031.0,131.2,150.2,7.0,14.8,5.0,,18.8,21.0,,
1032.0,131.2,150.0,6.8,14.8,5.0,,18.8,21.0,,
1033.0,131.2,150.0,6.4,14.8,5.0,,19.0,21.0,,
1034.0,131.0,149.8,6.6,14.8,4.8,,18.8,21.0,,
1035.0,131.0,149.6,6.8,14.8,5.0,,18.8,21.0,,
1036.0,130.8,149.6,7.0,14.8,4.6,,19.0,21.0,,
1037.0,130.8,149.4,7.0,14.8,4.6,,18.8,20.8,,
1038.0,130.6,149.2,7.0,14.8,4.8,,18.8,20.8,,
1039.0,130.4,149.0,7.2,14.8,4.8,,19.6,20.6,,
1040.0,130.6,149.2,7.2,14.8,4.6,,19.6,20.8,,
1041.0,130.4,149.2,7.2,14.8,4.6,,18.8,20.6,,
1042.0,130.4,148.8,7.2,14.8,4.6,,18.8,20.6,,
1043.0,130.4,148.6,7.0,14.8,4.8,,18.8,20.8,,
1044.0,130.4,148.4,7.0,14.8,5.0,,18.8,21.0,,
1045.0,130.2,148.4,7.0,14.6,4.8,,18.6,20.6,,
1046.0,130.0,148.0,7.0,14.6,4.8,,18.8,20.6,,
1047.0,130.0,148.2,7.2,14.6,4.6,,18.6,20.6,,
1048.0,130.2,148.0,7.4,14.6,4.2,,18.6,20.8,,
1049.0,130.2,147.8,7.2,14.6,4.0,,18.6,20.8,,
1050.0,130.4,147.8,7.2,14.6,4.0,,18.6,20.6,,
1051.0,130.2,147.6,7.2,14.6,4.0,,18.6,20.6,,
1052.0,130.0,147.4,7.0,14.6,4.0,,18.6,20.6,,
1053.0,130.0,147.4,7.0,14.6,4.0,,18.4,20.6,,
1054.0,130.0,147.4,7.0,14.6,4.0,,18.6,20.6,,
1055.0,130.0,147.2,7.0,14.6,4.4,,18.4,20.8,,
1056.0,130.0,147.2,7.0,14.6,4.6,,18.6,20.8,,
1057.0,129.8,147.2,7.0,14.6,4.6,,18.4,21.0,,
1058.0,129.4,146.8,6.8,14.6,4.6,,18.6,20.8,,
1059.0,129.4,146.8,7.0,14.6,4.4,,18.6,20.8,,
1060.0,129.0,146.8,7.0,14.4,4.4,,18.6,20.6,,
1061.0,129.4,146.8,7.2,14.4,4.2,,18.4,20.6,,
1062.0,129.8,146.6,6.8,14.4,4.2,,18.4,20.6,,
1063.0,129.6,146.4,7.0,14.4,4.4,,18.4,20.4,,
1064.0,129.8,146.2,6.8,14.4,4.0,,18.4,20.6,,
1065.0,129.4,146.2,7.0,14.4,3.8,,18.4,20.6,,
1066.0,129.4,146.2,6.8,14.4,3.6,,18.4,20.6,,
1067.0,129.4,146.0,7.0,14.4,3.8,,18.4,20.6,,
1068.0,129.4,145.8,6.8,14.4,3.8,,18.2,20.6,,
1069.0,129.2,145.8,6.8,14.4,3.8,,18.4,20.6,,
1070.0,129.4,145.6,7.0,14.4,4.2,,18.4,20.6,,
1071.0,129.6,145.6,6.6,14.4,4.2,,18.4,20.4,,
1072.0,129.4,145.8,6.8,14.4,4.0,,18.4,20.4,,
1073.0,129.4,145.4,6.8,14.4,4.2,,18.2,20.4,,
1074.0,129.4,145.4,6.8,14.4,4.2,,18.2,20.4,,
1075.0,129.2,145.0,6.6,14.2,4.0,,18.0,20.2,,
1076.0,129.2,145.0,6.8,14.2,4.2,,18.0,20.4,,
1077.0,129.0,145.2,6.8,14.2,4.0,,18.0,20.4,,
1078.0,128.8,145.0,6.6,14.2,3.8,,18.2,20.4,,
1079.0,128.8,144.8,6.4,14.2,3.6,,18.2,20.4,,
1080.0,129.0,145.0,6.4,14.2,3.8,,18.0,20.4,,
1081.0,129.0,144.8,6.6,14.2,3.4,,18.2,20.4,,
1082.0,128.8,144.6,6.4,14.0,3.6,,18.0,20.2,,
1083.0,128.6,144.6,6.4,14.0,3.6,,18.2,20.2,,
1084.0,128.8,144.4,6.4,14.0,3.6,,18.0,20.2,,
1085.0,128.8,144.2,6.6,14.0,3.6,,18.2,20.2,,
1086.0,128.6,144.0,6.6,14.0,3.6,,18.0,20.2,,
1087.0,128.8,144.2,6.4,14.0,3.6,,18.0,20.2,,
1088.0,128.8,144.0,6.4,14.0,3.6,,18.0,20.2,,
1089.0,128.6,143.8,6.4,13.8,3.6,,18.2,20.2,,
1090.0,128.6,143.8,6.4,13.8,3.8,,18.0,20.4,,
1091.0,128.6,143.8,6.6,13.8,3.8,,18.0,20.2,,
1092.0,128.4,143.8,6.6,13.8,3.6,,18.0,20.4,,
1093.0,128.4,143.6,6.4,13.8,3.8,,17.8,20.4,,
1094.0,128.4,143.4,6.4,13.8,3.8,,18.0,20.2,,
1095.0,128.6,143.4,6.4,13.8,3.8,,18.0,20.2,,
1096.0,128.4,143.4,6.4,13.8,3.8,,18.0,20.2,,
1097.0,128.4,143.2,6.4,13.8,3.4,,18.0,20.2,,
1098.0,128.4,143.0,6.2,13.8,3.2,,18.0,20.2,,
1099.0,128.4,143.0,6.2,13.8,3.2,,17.8,20.4,,
1100.0,128.4,142.8,6.2,13.8,3.4,,17.8,20.2,,
1101.0,128.2,142.8,6.2,13.8,3.2,,17.6,20.0,,
1102.0,128.2,142.6,6.6,13.8,3.2,,17.8,20.2,,
1103.0,128.2,142.6,6.4,13.8,3.0,,17.8,20.0,,
1104.0,128.0,142.4,6.4,13.8,3.0,,17.8,20.0,,
1105.0,128.0,142.4,6.2,13.8,3.2,,17.6,20.0,,
1106.0,128.2,142.4,6.2,13.6,3.2,,18.0,20.0,,
1107.0,128.0,142.4,6.4,13.6,3.4,,17.8,20.0,,
1108.0,128.0,142.2,6.4,13.6,3.2,,17.8,19.8,,
1109.0,128.0,142.2,6.2,13.6,3.2,,17.8,20.0,,
1110.0,128.2,142.2,6.2,13.6,3.0,,17.8,20.0,,
1111.0,128.0,142.0,6.2,13.6,3.0,,18.0,20.0,,
1112.0,128.0,142.0,6.2,13.6,3.0,,17.8,19.8,,
1113.0,128.0,142.0,6.2,13.6,2.8,,17.8,19.8,,
1114.0,128.0,141.8,6.2,13.6,2.4,,17.8,19.8,,
1115.0,128.0,141.8,6.2,13.6,3.0,,17.8,20.0,,
1116.0,127.8,141.6,6.2,13.6,3.2,,17.6,20.0,,
1117.0,127.6,141.6,6.2,13.6,3.0,,17.6,20.0,,
1118.0,127.6,141.6,6.2,13.6,3.0,,17.6,20.0,,
1119.0,127.8,141.6,6.2,13.4,2.8,,17.6,19.8,,
1120.0,127.4,141.6,6.0,13.4,2.4,,17.6,19.8,,
1121.0,127.4,141.4,6.2,13.4,2.4,,17.6,20.0,,
1122.0,127.4,141.2,6.2,13.4,2.6,,17.6,20.0,,
1123.0,127.4,141.2,6.2,13.4,3.0,,17.6,20.0,,
1124.0,127.6,141.4,6.0,13.4,3.0,,17.6,19.8,,
1125.0,127.6,141.2,6.2,13.4,3.0,,17.4,19.8,,
1126.0,127.4,141.0,6.0,13.4,3.2,,17.6,19.8,,
1127.0,127.4,141.0,6.0,13.4,3.0,,17.4,19.8,,
1128.0,127.4,141.0,6.0,13.2,2.6,,17.6,19.8,,
1129.0,127.4,141.0,6.0,13.2,2.4,,17.4,19.8,,
1130.0,127.4,140.8,6.0,13.2,2.2,,17.6,19.6,,
1131.0,127.4,140.8,6.0,13.2,2.2,,17.4,19.6,,
1132.0,127.4,140.8,6.0,13.2,2.2,,17.4,19.6,,
1133.0,127.4,140.6,5.8,13.2,2.4,,17.4,19.6,,
1134.0,127.4,140.4,5.8,13.2,2.8,,17.6,19.6,,
1135.0,127.2,140.4,6.0,13.2,2.6,,17.4,19.6,,
1136.0,127.2,140.2,6.0,13.2,2.6,,17.4,19.6,,
1137.0,127.2,140.2,5.8,13.2,2.4,,17.6,19.6,,
1138.0,127.2,139.8,5.8,13.0,2.6,,17.4,19.4,,
1139.0,127.2,140.0,6.0,13.0,2.6,,17.4,19.6,,
1140.0,127.0,140.2,5.8,13.0,2.6,,17.4,19.4,,
1141.0,127.0,140.0,5.8,13.0,2.4,,17.4,19.6,,
1142.0,127.0,139.8,6.0,13.0,2.4,,17.4,19.4,,
1143.0,127.2,139.8,5.8,13.0,2.6,,17.2,19.4,,
1144.0,127.0,139.8,5.8,13.0,2.4,,17.2,19.6,,
1145.0,127.2,139.6,5.8,12.8,2.2,,17.4,19.4,,
1146.0,127.0,139.6,5.6,12.8,2.2,,17.4,19.6,,
1147.0,127.0,139.6,5.6,12.8,2.2,,17.2,19.6,,
1148.0,127.0,139.6,5.8,12.8,2.2,,17.4,19.6,,
1149.0,127.0,139.2,5.8,12.8,2.2,,17.4,19.6,,
1150.0,126.8,139.2,5.8,12.8,2.2,,17.2,19.4,,
1151.0,126.8,139.2,5.8,12.8,2.0,,17.4,19.4,,
1152.0,126.8,139.2,5.6,12.8,2.2,,17.4,19.4,,
1153.0,126.8,139.0,5.6,12.8,2.2,,17.2,19.4,,
1154.0,126.8,139.0,5.6,12.8,2.2,,17.2,19.2,,
1155.0,126.8,139.0,5.6,12.8,2.2,,17.2,19.2,,
1156.0,126.8,139.0,5.8,12.8,2.2,,17.0,19.2,,
1157.0,126.8,139.0,5.6,12.8,2.0,,17.2,19.2,,
1158.0,126.8,138.8,5.8,12.8,2.2,,17.2,19.2,,
1159.0,126.8,138.8,5.6,,2.0,,17.2,19.4,,
1160.0,126.8,138.6,5.6,,2.0,,17.2,19.4,,
1161.0,126.6,138.6,5.6,,2.0,,17.2,19.2,,
1162.0,126.8,138.6,5.6,,2.2,,17.0,19.2,,
1163.0,126.8,138.4,5.6,,2.4,,17.0,19.2,,
1164.0,126.6,138.4,5.6,,2.2,,17.0,19.2,,
1165.0,126.6,138.4,5.4,,2.2,,17.2,19.2,,
1166.0,126.6,138.4,5.6,,2.2,,17.0,19.2,,
1167.0,126.6,138.4,5.6,,2.0,,17.0,19.2,,
1168.0,126.2,138.0,5.6,,2.2,,17.0,19.2,,
1169.0,126.0,138.0,5.4,,2.0,,17.0,19.2,,
1170.0,126.0,138.0,5.4,,2.0,,17.2,19.4,,
1171.0,126.0,137.8,5.4,,2.0,,17.2,19.2,,
1172.0,126.2,137.8,5.4,,1.8,,17.0,19.2,,
1173.0,126.2,137.8,5.4,,1.6,,17.0,19.2,,
1174.0,126.2,137.8,5.4,,1.6,,17.0,19.2,,
1175.0,126.2,137.8,5.6,,1.6,,17.0,19.2,,
1176.0,126.4,137.6,5.4,,1.8,,17.0,19.2,,
1177.0,126.2,137.6,5.6,,1.8,,17.0,19.2,,
1178.0,126.2,137.4,5.4,,1.8,,17.0,19.2,,
1179.0,126.2,137.4,5.4,,1.6,,17.0,19.0,,
1180.0,126.2,137.4,5.4,,1.6,,17.0,19.2,,
1181.0,126.0,137.4,5.4,,1.4,,16.8,19.0,,
1182.0,126.0,137.4,5.4,,1.4,,16.8,19.0,,
1183.0,126.0,137.2,5.4,,1.4,,17.0,19.0,,
1184.0,125.8,137.2,5.2,,1.4,,16.8,19.0,,
1185.0,125.8,137.0,5.2,,1.4,,16.8,19.0,,
1186.0,125.8,137.0,5.2,,1.2,,16.8,19.0,,
1187.0,125.8,136.8,5.2,,1.2,,16.6,18.8,,
1188.0,126.0,136.8,5.2,,1.4,,16.6,18.8,,
1189.0,126.0,137.0,5.2,,1.4,,16.8,18.8,,
1190.0,126.0,136.8,5.2,,1.4,,16.8,19.0,,
1191.0,126.0,136.8,5.2,,1.2,,16.6,18.8,,
1192.0,126.0,136.6,5.2,,1.2,,16.6,18.8,,
1193.0,125.8,136.4,5.2,,1.4,,16.6,18.8,,
1194.0,125.8,136.6,5.2,,1.2,,16.6,18.8,,
1195.0,126.0,135.4,5.2,,1.2,,16.6,18.6,,
1196.0,126.0,136.2,5.2,,1.4,,16.6,18.6,,
1197.0,125.8,136.2,5.0,,1.4,,16.6,18.8,,
1198.0,126.0,136.2,5.0,,1.4,,16.6,18.8,,
1199.0,125.8,136.2,5.0,,1.4,,16.6,18.8,,
1200.0,125.8,136.2,5.2,,1.4,,16.4,18.6,,
1201.0,125.8,136.2,5.0,,1.2,,16.4,18.6,,
1202.0,125.8,136.2,5.0,,1.4,,16.6,18.6,,
1203.0,125.8,136.0,5.0,,1.0,,16.6,18.6,,
1204.0,125.6,136.0,4.8,,1.0,,16.6,18.6,,
1205.0,125.6,135.8,5.0,,1.2,,16.6,18.6,,
1206.0,125.6,135.8,5.0,,1.2,,16.4,18.6,,
1207.0,125.6,135.6,5.0,,1.2,,16.4,18.6,,
1208.0,125.8,135.8,5.2,,1.2,,16.4,18.4,,
1209.0,125.8,135.6,5.2,,1.4,,16.6,18.2,,
1210.0,125.8,135.6,5.0,,1.2,,16.4,18.4,,
1211.0,125.6,135.6,5.0,,1.2,,16.6,18.4,,
1212.0,125.6,135.6,5.0,,1.2,,16.6,18.4,,
1213.0,125.6,135.4,5.0,,1.2,,16.4,18.4,,
1214.0,125.6,135.4,5.0,,1.4,,16.4,18.4,,
1215.0,125.6,135.6,5.0,,1.4,,16.4,18.4,,
1216.0,125.6,135.2,5.0,,1.4,,16.6,18.4,,
1217.0,125.6,135.4,5.0,,1.4,,16.4,18.2,,
1218.0,125.6,135.2,5.0,,1.0,,16.4,18.2,,
1219.0,125.6,135.0,5.0,,0.8,,16.4,18.4,,
1220.0,125.4,135.0,5.0,,0.8,,16.4,18.2,,
1221.0,125.4,134.8,5.0,,0.8,,16.4,18.2,,
1222.0,125.4,134.8,5.0,,0.6,,16.2,18.2,,
1223.0,125.4,134.8,5.0,,0.6,,16.4,18.2,,
1224.0,125.4,134.4,4.8,,0.8,,16.4,18.0,,
1225.0,125.2,134.6,4.8,,0.8,,16.4,18.2,,
1226.0,125.2,134.4,5.0,,0.8,,16.4,18.2,,
1227.0,125.4,134.4,5.0,,0.8,,16.4,18.2,,
1228.0,125.2,134.8,4.8,,1.0,,16.4,18.2,,
1229.0,125.2,134.6,5.0,,0.8,,16.4,18.2,,
1230.0,125.2,134.4,5.0,,0.6,,16.4,18.2,,
1231.0,125.2,134.2,5.0,,0.8,,16.4,18.2,,
1232.0,125.4,134.2,5.0,,1.0,,16.4,18.2,,
1233.0,125.4,134.4,5.0,,1.0,,16.4,18.0,,
1234.0,125.2,134.2,5.0,,1.0,,16.2,18.2,,
1235.0,125.2,134.2,5.0,,1.0,,16.4,18.2,,
1236.0,125.2,134.2,4.8,,1.0,,16.4,18.2,,
1237.0,125.2,134.0,4.8,,1.0,,16.2,18.2,,
1238.0,125.2,134.0,5.0,,0.8,,16.4,18.0,,
1239.0,125.0,134.0,4.8,,0.8,,16.4,18.0,,
1240.0,125.2,133.8,4.8,,0.6,,16.4,18.0,,
1241.0,125.0,133.8,4.8,,0.6,,16.2,18.0,,
1242.0,125.0,133.8,5.0,,0.6,,16.2,17.8,,
1243.0,125.0,133.8,4.8,,0.6,,16.2,17.8,,
1244.0,124.8,133.8,4.8,,0.4,,16.2,17.8,,
1245.0,125.0,133.8,4.8,,0.6,,16.2,17.8,,
1246.0,125.0,133.6,4.6,,0.8,,16.2,17.8,,
1247.0,125.0,133.6,4.6,,1.0,,16.0,17.6,,
1248.0,125.0,133.6,4.6,,1.0,,16.0,18.0,,
1249.0,124.8,133.6,4.6,,1.0,,16.0,18.0,,
1250.0,125.0,133.4,4.6,,1.0,,16.0,17.8,,
1251.0,124.8,133.4,4.6,,0.8,,15.8,17.8,,
1252.0,124.8,133.4,4.6,,0.8,,15.8,17.8,,
1253.0,124.8,133.2,4.6,,1.0,,15.8,17.8,,
1254.0,125.0,133.2,4.8,,0.6,,16.0,17.8,,
1255.0,125.0,133.2,4.6,,0.4,,16.0,17.8,,
1256.0,125.0,133.2,4.8,,0.4,,16.0,17.6,,
1257.0,124.8,133.2,4.8,,0.4,,16.0,17.6,,
1258.0,124.8,133.2,4.8,,0.4,,16.0,17.6,,
1259.0,124.8,133.0,4.6,,0.2,,15.8,17.6,,
1260.0,124.6,133.0,4.6,,0.4,,15.8,17.6,,
1261.0,124.6,133.0,4.4,,0.4,,15.6,17.6,,
1262.0,124.8,133.0,4.6,,0.6,,15.8,17.4,,
1263.0,124.8,132.8,4.6,,0.8,,16.0,17.4,,
1264.0,124.8,132.8,4.4,,0.6,,15.8,17.6,,
1265.0,124.8,132.8,4.4,,0.6,,16.0,17.8,,
1266.0,124.6,132.8,4.6,,0.8,,15.8,17.6,,
1267.0,124.6,132.6,4.6,,0.8,,15.8,17.6,,
1268.0,124.6,132.6,4.6,,0.6,,16.0,17.6,,
1269.0,124.8,132.6,4.6,,0.6,,16.0,17.6,,
1270.0,124.6,132.4,4.6,,0.4,,15.8,17.6,,
1271.0,124.6,132.4,4.6,,0.2,,15.8,17.6,,
1272.0,124.6,132.4,4.6,,0.0,,15.6,17.6,,
1273.0,124.6,132.4,4.4,,0.0,,15.6,17.4,,
1274.0,124.4,132.6,4.6,,0.2,,15.8,17.6,,
1275.0,124.4,132.6,4.6,,0.2,,15.8,17.6,,
1276.0,124.6,132.4,4.6,,0.4,,15.6,17.4,,
1277.0,124.4,132.4,4.6,,0.4,,15.6,17.4,,
1278.0,124.4,132.4,4.6,,0.4,,15.6,17.2,,
1279.0,124.4,132.4,4.6,,0.2,,15.6,17.2,,
1280.0,124.4,132.2,4.2,,0.2,,15.6,17.4,,
1281.0,124.6,132.2,4.2,,0.0,,15.6,17.4,,
1282.0,124.4,132.2,4.2,,0.0,,15.6,17.4,,
1283.0,124.6,132.2,4.4,,-0.2,,15.6,17.4,,
1284.0,124.4,132.2,4.4,,-0.4,,15.4,17.4,,
1285.0,124.4,132.0,4.4,,-0.2,,15.4,17.4,,
1286.0,124.4,132.0,4.4,,-0.4,,15.6,17.2,,
1287.0,124.4,132.0,4.4,,-0.6,,15.6,17.2,,
1288.0,124.4,132.0,4.2,,-0.4,,15.6,17.2,,
1289.0,124.2,132.0,4.4,,-0.2,,15.6,17.2,,
1290.0,124.4,131.8,4.4,,-0.2,,15.4,17.4,,
1291.0,124.4,131.8,4.4,,-0.4,,15.6,17.4,,
1292.0,124.4,131.8,4.2,,-0.2,,15.6,17.4,,
1293.0,124.4,131.8,4.4,,-0.2,,15.4,17.4,,
1294.0,124.2,131.8,4.4,,-0.2,,15.4,17.4,,
1295.0,124.2,131.8,4.4,,0.0,,15.4,17.4,,
1296.0,124.2,131.6,4.4,,0.2,,15.4,17.4,,
1297.0,124.2,131.6,4.4,,0.2,,15.4,17.4,,
1298.0,124.2,131.6,4.4,,0.2,,15.4,17.2,,
1299.0,124.2,131.6,4.4,,0.2,,15.4,17.0,,
1300.0,124.2,131.4,4.4,,0.2,,15.2,17.0,,
1301.0,124.4,131.4,4.4,,0.2,,15.4,17.0,,
1302.0,124.2,131.4,4.4,,0.2,,15.2,17.0,,
1303.0,124.2,131.4,4.4,,0.0,,15.2,17.0,,
1304.0,124.2,131.4,4.4,,0.2,,15.2,17.0,,
1305.0,124.2,131.4,4.4,,-0.2,,15.0,17.0,,
1306.0,124.0,131.2,4.4,,-0.2,,15.0,17.0,,
1307.0,124.2,131.2,4.4,,-0.2,,15.2,17.0,,
1308.0,124.2,131.2,4.4,,-0.2,,15.2,17.0,,
1309.0,124.0,131.0,4.4,,-0.2,,15.2,16.8,,
1310.0,124.0,131.0,4.4,,-0.2,,15.2,16.8,,
1311.0,124.0,131.0,4.4,,-0.2,,15.2,16.8,,
1312.0,124.0,131.0,4.2,,-0.2,,15.2,16.6,,
1313.0,124.0,131.0,4.2,,-0.2,,15.2,16.8,,
1314.0,124.0,131.0,4.2,,-0.2,,15.2,16.8,,
1315.0,124.0,131.0,4.2,,-0.2,,15.2,16.6,,
1316.0,123.8,131.0,4.2,,-0.2,,15.2,16.6,,
1317.0,124.0,131.0,4.2,,-0.2,,15.0,16.6,,
1318.0,124.0,130.8,4.2,,-0.2,,15.2,16.4,,
1319.0,124.0,130.8,4.2,,-0.2,,15.2,16.4,,
1320.0,123.8,130.8,4.2,,-0.2,,15.2,16.4,,
1321.0,124.0,130.6,4.2,,-0.2,,15.2,16.6,,
1322.0,124.0,130.6,4.2,,-0.2,,15.0,16.6,,
1323.0,123.8,130.6,4.2,,-0.2,,15.0,16.8,,
1324.0,123.8,130.6,4.2,,-0.2,,15.0,16.6,,
1325.0,123.8,130.6,4.2,,-0.2,,15.0,16.4,,
1326.0,123.8,130.6,4.2,,-0.4,,15.0,16.4,,
1327.0,123.8,130.6,4.0,,-0.4,,14.8,16.4,,
1328.0,123.8,130.4,4.0,,-0.6,,14.8,16.4,,
1329.0,123.8,130.4,4.0,,-0.8,,14.8,16.4,,
1330.0,123.8,130.4,4.0,,-0.4,,15.0,16.4,,
1331.0,123.8,130.4,4.0,,-0.2,,15.0,16.4,,
1332.0,123.6,130.4,4.0,,-0.4,,14.8,16.4,,
1333.0,123.8,130.4,4.0,,-0.2,,14.8,16.4,,
1334.0,123.8,130.2,4.0,,-0.2,,15.0,16.6,,
1335.0,123.8,130.2,4.0,,-0.4,,14.8,16.2,,
1336.0,123.8,130.2,4.0,,-0.4,,14.8,16.4,,
1337.0,123.8,130.2,4.0,,-0.2,,14.8,16.4,,
1338.0,123.8,130.2,4.0,,-0.2,,14.6,16.4,,
1339.0,123.6,130.2,4.0,,-0.2,,14.8,16.4,,
1340.0,123.6,130.2,4.0,,-0.2,,14.6,16.4,,
1341.0,123.6,130.2,4.0,,-0.4,,14.8,16.2,,
1342.0,123.6,130.2,4.0,,-0.4,,14.6,16.4,,
1343.0,123.6,130.2,4.0,,-0.4,,14.6,16.2,,
1344.0,123.6,130.2,4.0,,-0.2,,14.6,16.4,,
1345.0,123.6,130.0,3.8,,-0.4,,14.6,16.2,,
1346.0,123.6,130.0,3.8,,-0.6,,14.6,16.2,,
1347.0,123.6,130.0,3.8,,-0.6,,14.6,16.2,,
1348.0,123.6,130.0,3.8,,-0.4,,14.6,16.0,,
1349.0,123.6,130.0,3.8,,-0.6,,14.8,16.2,,
1350.0,123.6,130.0,3.8,,-0.8,,14.6,16.2,,
1351.0,123.6,130.0,3.8,,-1.0,,14.4,16.2,,
1352.0,123.4,129.8,3.8,,-1.2,,14.6,16.2,,
1353.0,123.4,129.8,3.8,,-1.4,,14.4,16.2,,
1354.0,123.4,129.8,3.8,,-1.0,,14.2,16.0,,
1355.0,123.6,129.8,,,-1.0,,14.4,16.0,,
1356.0,123.4,129.8,,,-0.8,,14.6,16.0,,
1357.0,123.2,129.8,,,-0.6,,14.4,16.0,,
1358.0,123.4,129.8,,,-0.4,,14.4,16.0,,
1359.0,123.4,129.8,,,-0.6,,14.4,16.2,,
1360.0,123.4,129.8,,,-0.6,,14.6,16.0,,
1361.0,123.4,129.8,,,-0.6,,14.6,16.2,,
1362.0,123.4,129.8,,,-0.6,,14.4,16.0,,
1363.0,123.4,129.6,,,-0.8,,14.2,16.0,,
1364.0,123.4,129.6,,,-0.8,,14.4,16.0,,
1365.0,123.4,129.6,,,-0.8,,14.4,16.0,,
1366.0,123.2,129.6,,,-0.6,,14.2,16.0,,
1367.0,123.2,129.6,,,-0.8,,14.2,16.0,,
1368.0,123.4,129.4,,,-1.0,,14.4,16.0,,
1369.0,123.2,129.4,,,-0.8,,14.4,16.0,,
1370.0,123.4,129.4,,,-1.0,,14.2,15.8,,
1371.0,123.4,129.4,,,-1.2,,14.2,15.8,,
1372.0,123.4,129.4,,,-1.2,,14.4,15.8,,
1373.0,123.2,129.4,,,-1.2,,14.4,15.8,,
1374.0,123.2,129.4,,,-1.4,,14.2,15.6,,
1375.0,123.2,129.4,,,-1.2,,14.2,15.8,,
1376.0,123.2,129.4,,,-1.2,,14.2,16.0,,
1377.0,123.4,129.2,,,-1.2,,14.2,15.8,,
1378.0,123.2,129.2,,,-1.0,,14.2,15.8,,
1379.0,123.2,129.2,,,-0.8,,14.0,15.8,,
1380.0,123.0,129.2,,,-0.8,,14.0,15.8,,
1381.0,123.0,129.0,,,-0.8,,14.0,15.8,,
1382.0,123.0,129.0,,,-0.8,,14.0,15.8,,
1383.0,123.0,129.0,,,-1.0,,14.0,15.6,,
1384.0,123.0,129.0,,,-1.0,,13.8,15.6,,
1385.0,123.0,129.0,,,-0.8,,13.8,15.6,,
1386.0,123.0,129.0,,,-0.8,,,15.6,,
1387.0,123.0,129.0,,,-0.8,,,15.6,,
1388.0,123.0,129.0,,,-1.0,,,15.6,,
1389.0,123.0,129.0,,,-1.2,,,15.6,,
1390.0,123.0,129.0,,,-1.4,,,15.6,,
1391.0,123.0,129.0,,,-1.4,,,15.6,,
1392.0,123.0,129.0,,,-1.2,,,15.6,,
1393.0,123.0,129.0,,,-1.0,,,15.6,,
1394.0,123.0,129.0,,,-1.0,,,15.6,,
1395.0,123.0,129.0,,,-1.0,,,15.4,,
1396.0,123.0,129.0,,,-1.0,,,15.4,,
1397.0,123.0,129.0,,,-1.2,,,15.4,,
1398.0,123.0,129.0,,,-1.0,,,15.4,,
1399.0,123.0,129.0,,,-1.2,,,15.4,,
1400.0,122.8,129.0,,,-1.2,,,15.4,,
1401.0,122.8,128.8,,,-1.0,,,15.4,,
1402.0,122.8,128.8,,,-1.2,,,15.4,,
1403.0,122.8,128.8,,,-1.2,,,15.4,,
1404.0,122.8,128.8,,,-1.2,,,15.6,,
1405.0,122.8,128.6,,,-1.2,,,15.4,,
1406.0,122.8,128.6,,,-1.2,,,15.4,,
1407.0,122.8,128.6,,,-1.2,,,15.4,,
1408.0,122.8,128.6,,,-1.4,,,15.4,,
1409.0,122.8,128.6,,,-1.6,,,15.4,,
1410.0,122.6,128.6,,,-1.8,,,15.4,,
1411.0,122.8,128.6,,,-2.0,,,15.4,,
1412.0,122.8,128.6,,,-1.6,,,15.4,,
1413.0,122.8,128.6,,,-1.6,,,15.4,,
1414.0,122.8,128.6,,,-1.6,,,15.4,,
1415.0,122.8,128.6,,,-1.6,,,15.4,,
1416.0,122.8,128.6,,,-1.4,,,15.4,,
1417.0,122.6,128.6,,,-1.2,,,15.4,,
1418.0,122.6,128.4,,,-1.2,,,15.4,,
1419.0,122.8,128.4,,,,,,15.4,,
1420.0,122.6,128.4,,,,,,15.2,,
1421.0,122.8,128.4,,,,,,15.2,,
1422.0,122.6,128.4,,,,,,15.2,,
1423.0,122.8,128.4,,,,,,15.2,,
1424.0,122.6,128.4,,,,,,15.0,,
1425.0,122.6,128.4,,,,,,15.2,,
1426.0,122.6,128.2,,,,,,15.2,,
1427.0,122.6,128.2,,,,,,15.0,,
1428.0,122.6,128.2,,,,,,15.0,,
1429.0,122.6,128.2,,,,,,15.2,,
1430.0,122.6,128.2,,,,,,15.0,,
1431.0,122.4,128.2,,,,,,15.0,,
1432.0,122.6,128.2,,,,,,15.0,,
1433.0,122.6,128.2,,,,,,14.8,,
1434.0,122.6,128.2,,,,,,14.8,,
1435.0,122.4,128.2,,,,,,15.0,,
1436.0,122.6,128.2,,,,,,15.0,,
1437.0,122.6,128.2,,,,,,15.0,,
1438.0,122.6,128.2,,,,,,15.0,,
1439.0,122.6,128.2,,,,,,14.8,,
1440.0,122.4,128.0,,,,,,14.8,,
1441.0,122.4,128.0,,,,,,15.0,,
1442.0,122.4,128.0,,,,,,14.8,,
1443.0,122.4,128.0,,,,,,14.8,,
1444.0,122.4,128.0,,,,,,14.8,,
1445.0,122.4,128.0,,,,,,14.6,,
1446.0,122.6,128.0,,,,,,14.8,,
1447.0,122.4,128.0,,,,,,14.8,,
1448.0,122.4,128.0,,,,,,15.0,,
1449.0,122.4,128.0,,,,,,15.0,,
1450.0,122.4,128.0,,,,,,14.8,,
1451.0,122.4,128.0,,,,,,14.8,,
1452.0,122.4,127.8,,,,,,14.6,,
1453.0,122.4,127.8,,,,,,14.8,,
1454.0,122.4,127.8,,,,,,14.8,,
1455.0,122.4,127.8,,,,,,14.8,,
1456.0,122.4,127.8,,,,,,14.8,,
1457.0,122.4,127.8,,,,,,14.8,,
1458.0,122.2,127.8,,,,,,14.8,,
1459.0,122.4,127.8,,,,,,14.8,,
1460.0,122.4,127.8,,,,,,14.8,,
1461.0,122.2,127.8,,,,,,14.6,,
1462.0,122.2,127.8,,,,,,14.4,,
1463.0,122.2,127.6,,,,,,14.4,,
1464.0,122.2,127.6,,,,,,14.6,,
1465.0,122.2,127.6,,,,,,14.6,,
1466.0,122.2,127.6,,,,,,14.6,,
1467.0,122.2,127.6,,,,,,14.6,,
1468.0,122.2,127.6,,,,,,14.6,,
1469.0,122.2,127.6,,,,,,14.6,,
1470.0,122.0,127.6,,,,,,14.6,,
1471.0,122.0,127.6,,,,,,14.4,,
1472.0,122.0,127.6,,,,,,14.8,,
1473.0,122.0,127.6,,,,,,14.6,,
1474.0,122.0,127.6,,,,,,14.6,,
1475.0,122.0,127.6,,,,,,14.6,,
1476.0,122.0,127.6,,,,,,14.4,,
1477.0,122.2,127.6,,,,,,14.4,,
1478.0,122.2,127.6,,,,,,14.4,,
1479.0,122.2,127.4,,,,,,14.4,,
1480.0,122.2,127.4,,,,,,14.6,,
1481.0,122.2,127.4,,,,,,14.6,,
1482.0,122.0,127.4,,,,,,14.4,,
1483.0,122.0,127.4,,,,,,14.4,,
1484.0,121.8,127.4,,,,,,14.6,,
1485.0,121.8,127.4,,,,,,14.4,,
1486.0,122.0,127.4,,,,,,14.4,,
1487.0,121.8,127.4,,,,,,14.2,,
1488.0,121.8,127.4,,,,,,14.4,,
1489.0,121.8,127.2,,,,,,14.2,,
1490.0,121.8,127.2,,,,,,14.4,,
1491.0,121.8,127.2,,,,,,14.2,,
1492.0,122.0,127.2,,,,,,14.4,,
1493.0,121.8,127.2,,,,,,14.2,,
1494.0,121.8,127.2,,,,,,14.2,,
1495.0,121.8,127.2,,,,,,14.2,,
1496.0,122.0,127.2,,,,,,14.2,,
1497.0,122.0,127.2,,,,,,14.2,,
1498.0,121.8,127.2,,,,,,14.0,,
1499.0,121.8,127.2,,,,,,14.2,,
1500.0,121.8,127.2,,,,,,14.2,,
1501.0,121.8,127.2,,,,,,14.2,,
1502.0,122.0,127.2,,,,,,14.2,,
1503.0,122.0,127.2,,,,,,14.2,,
1504.0,122.0,127.2,,,,,,14.2,,
1505.0,121.8,127.2,,,,,,14.2,,
1506.0,122.0,127.2,,,,,,14.2,,
1507.0,121.8,127.2,,,,,,14.0,,
1508.0,121.8,127.2,,,,,,14.0,,
1509.0,121.8,127.2,,,,,,14.0,,
1510.0,121.8,127.2,,,,,,14.0,,
1511.0,121.8,127.0,,,,,,14.0,,
1512.0,121.8,127.0,,,,,,14.0,,
1513.0,122.0,127.0,,,,,,14.0,,
1514.0,121.8,127.0,,,,,,13.8,,
1515.0,121.8,127.0,,,,,,13.8,,
1516.0,121.8,127.0,,,,,,13.8,,
1517.0,121.8,127.0,,,,,,14.0,,
1518.0,121.8,126.8,,,,,,14.0,,
1519.0,121.8,126.8,,,,,,14.2,,
1520.0,121.8,126.8,,,,,,14.0,,
1521.0,121.6,126.8,,,,,,14.0,,
1522.0,121.6,126.8,,,,,,13.8,,
1523.0,121.8,126.8,,,,,,13.6,,
1524.0,121.6,126.8,,,,,,14.0,,
1525.0,121.6,126.8,,,,,,14.0,,
1526.0,121.8,126.8,,,,,,14.0,,
1527.0,121.6,126.8,,,,,,13.8,,
1528.0,121.6,126.8,,,,,,14.0,,
1529.0,121.6,126.8,,,,,,13.8,,
1530.0,121.6,126.8,,,,,,13.8,,
1531.0,121.6,126.8,,,,,,13.8,,
1532.0,121.6,126.8,,,,,,13.8,,
1533.0,,126.8,,,,,,13.8,,
1534.0,,126.6,,,,,,13.6,,
1535.0,,126.6,,,,,,13.8,,
1536.0,,126.6,,,,,,13.8,,
1537.0,,126.6,,,,,,13.6,,
1538.0,,126.6,,,,,,13.8,,
1539.0,,126.6,,,,,,13.6,,
1540.0,,126.6,,,,,,13.6,,
1541.0,,126.6,,,,,,13.6,,
1542.0,,126.6,,,,,,13.4,,
1543.0,,126.6,,,,,,13.6,,
1544.0,,126.6,,,,,,13.6,,
1545.0,,126.6,,,,,,13.6,,
1546.0,,126.6,,,,,,13.6,,
1547.0,,126.4,,,,,,13.6,,
1548.0,,126.4,,,,,,13.6,,
1549.0,,126.4,,,,,,13.4,,
1550.0,,126.4,,,,,,13.4,,
1551.0,,126.4,,,,,,13.6,,
1552.0,,126.4,,,,,,13.4,,
1553.0,,126.4,,,,,,13.4,,
1554.0,,126.4,,,,,,13.4,,
1555.0,,126.4,,,,,,13.4,,
1556.0,,126.4,,,,,,13.4,,
1557.0,,126.4,,,,,,13.4,,
1558.0,,126.4,,,,,,13.4,,
1559.0,,126.4,,,,,,13.2,,
1560.0,,126.4,,,,,,13.2,,
1561.0,,126.4,,,,,,13.4,,
1562.0,,126.4,,,,,,13.4,,
1563.0,,126.4,,,,,,13.4,,
1564.0,,126.4,,,,,,13.2,,
1565.0,,126.2,,,,,,13.4,,
1566.0,,126.2,,,,,,13.4,,
1567.0,,126.2,,,,,,13.2,,
1568.0,,126.2,,,,,,13.2,,
1569.0,,126.2,,,,,,13.2,,
1570.0,,126.2,,,,,,13.2,,
1571.0,,126.2,,,,,,13.4,,
1572.0,,126.2,,,,,,13.2,,
1573.0,,126.2,,,,,,13.2,,
1574.0,,126.2,,,,,,13.4,,
1575.0,,126.2,,,,,,13.2,,
1576.0,,126.2,,,,,,13.2,,
1577.0,,126.2,,,,,,13.4,,
1578.0,,126.2,,,,,,13.2,,
1579.0,,126.2,,,,,,13.2,,
1580.0,,126.2,,,,,,13.2,,
1581.0,,126.2,,,,,,13.0,,
1582.0,,126.2,,,,,,13.2,,
1583.0,,126.2,,,,,,13.2,,
1584.0,,126.0,,,,,,13.0,,
1585.0,,126.0,,,,,,13.0,,
1586.0,,126.0,,,,,,13.2,,
1587.0,,126.0,,,,,,13.2,,
1588.0,,126.0,,,,,,13.0,,
1589.0,,126.0,,,,,,13.2,,
1590.0,,126.0,,,,,,13.2,,
1591.0,,126.0,,,,,,13.2,,
1592.0,,126.0,,,,,,13.2,,
1593.0,,126.0,,,,,,13.2,,
1594.0,,126.0,,,,,,13.0,,
1595.0,,126.0,,,,,,13.2,,
1596.0,,126.0,,,,,,13.0,,
1597.0,,126.0,,,,,,13.2,,
1598.0,,126.0,,,,,,13.0,,
1599.0,,126.0,,,,,,13.0,,
1600.0,,126.0,,,,,,13.0,,
1601.0,,126.0,,,,,,13.0,,
1602.0,,126.0,,,,,,13.0,,
1603.0,,126.0,,,,,,13.0,,
1604.0,,125.8,,,,,,13.2,,
1605.0,,125.8,,,,,,12.8,,
1606.0,,125.8,,,,,,13.0,,
1607.0,,125.8,,,,,,12.8,,
1608.0,,125.8,,,,,,12.8,,
1609.0,,125.8,,,,,,13.0,,
1610.0,,125.8,,,,,,13.0,,
1611.0,,125.8,,,,,,13.0,,
1612.0,,125.8,,,,,,13.0,,
1613.0,,125.8,,,,,,13.0,,
1614.0,,125.8,,,,,,13.0,,
1615.0,,125.8,,,,,,13.0,,
1616.0,,125.8,,,,,,12.8,,
1617.0,,125.8,,,,,,12.8,,
1618.0,,125.8,,,,,,12.8,,
1619.0,,125.8,,,,,,12.6,,
1620.0,,125.8,,,,,,12.8,,
1621.0,,125.8,,,,,,12.8,,
1622.0,,125.8,,,,,,12.8,,
1623.0,,125.8,,,,,,12.8,,
1624.0,,125.8,,,,,,12.8,,
1625.0,,125.6,,,,,,12.6,,
1626.0,,125.6,,,,,,13.0,,
1627.0,,125.6,,,,,,12.8,,
1628.0,,125.6,,,,,,12.6,,
1629.0,,125.6,,,,,,12.6,,
1630.0,,125.6,,,,,,12.8,,
1631.0,,125.6,,,,,,12.8,,
1632.0,,125.6,,,,,,12.8,,
1633.0,,125.6,,,,,,12.8,,
1634.0,,125.6,,,,,,12.8,,
1635.0,,125.6,,,,,,12.8,,
1636.0,,125.6,,,,,,12.6,,
1637.0,,125.6,,,,,,12.6,,
1638.0,,125.6,,,,,,12.8,,
1639.0,,125.6,,,,,,12.6,,
1640.0,,125.6,,,,,,12.6,,
1641.0,,125.6,,,,,,12.8,,
1642.0,,125.4,,,,,,12.6,,
1643.0,,125.4,,,,,,12.6,,
1644.0,,125.4,,,,,,12.4,,
1645.0,,125.4,,,,,,12.6,,
1646.0,,125.4,,,,,,12.8,,
1647.0,,125.4,,,,,,12.8,,
1648.0,,125.4,,,,,,12.8,,
1649.0,,125.4,,,,,,12.6,,
1650.0,,125.4,,,,,,12.4,,
1651.0,,125.4,,,,,,12.4,,
1652.0,,125.4,,,,,,12.6,,
1653.0,,125.4,,,,,,12.4,,
1654.0,,125.4,,,,,,12.4,,
1655.0,,125.4,,,,,,12.4,,
1656.0,,125.4,,,,,,12.6,,
1657.0,,125.4,,,,,,12.6,,
1658.0,,125.4,,,,,,12.6,,
1659.0,,125.4,,,,,,12.4,,
1660.0,,125.4,,,,,,12.4,,
1661.0,,125.4,,,,,,12.4,,
1662.0,,125.4,,,,,,12.6,,
1663.0,,125.4,,,,,,12.4,,
1664.0,,125.4,,,,,,12.6,,
1665.0,,125.4,,,,,,12.6,,
1666.0,,125.4,,,,,,12.6,,
1667.0,,125.2,,,,,,12.6,,
1668.0,,125.2,,,,,,12.4,,
1669.0,,125.2,,,,,,12.4,,
1670.0,,125.2,,,,,,12.4,,
1671.0,,125.2,,,,,,12.4,,
1672.0,,125.2,,,,,,12.4,,
1673.0,,125.2,,,,,,12.4,,
1674.0,,125.2,,,,,,12.2,,
1675.0,,125.2,,,,,,12.0,,
1676.0,,125.2,,,,,,12.2,,
1677.0,,125.2,,,,,,12.2,,
1678.0,,125.2,,,,,,12.2,,
1679.0,,125.2,,,,,,12.2,,
1680.0,,125.2,,,,,,12.2,,
1681.0,,125.0,,,,,,12.2,,
1682.0,,125.0,,,,,,12.2,,
1683.0,,125.0,,,,,,12.2,,
1684.0,,125.0,,,,,,12.2,,
1685.0,,125.0,,,,,,12.2,,
1686.0,,125.0,,,,,,12.2,,
1687.0,,125.0,,,,,,12.2,,
1688.0,,125.0,,,,,,12.2,,
1689.0,,125.0,,,,,,12.2,,
1690.0,,125.0,,,,,,12.2,,
1691.0,,125.0,,,,,,12.2,,
1692.0,,125.0,,,,,,12.2,,
1693.0,,125.0,,,,,,12.2,,
1694.0,,125.0,,,,,,12.2,,
1695.0,,125.0,,,,,,12.0,,
1696.0,,125.0,,,,,,12.0,,
1697.0,,125.0,,,,,,12.2,,
1698.0,,125.0,,,,,,12.2,,
1699.0,,125.0,,,,,,12.2,,
1700.0,,125.0,,,,,,12.2,,
1701.0,,125.0,,,,,,12.0,,
1702.0,,125.0,,,,,,12.0,,
1703.0,,125.0,,,,,,12.0,,
1704.0,,125.0,,,,,,12.0,,
1705.0,,125.0,,,,,,12.0,,
1706.0,,125.0,,,,,,12.0,,
1707.0,,125.0,,,,,,12.0,,
1708.0,,125.0,,,,,,12.0,,
1709.0,,125.0,,,,,,12.0,,
1710.0,,125.0,,,,,,12.0,,
1711.0,,125.0,,,,,,12.0,,
1712.0,,125.0,,,,,,12.0,,
1713.0,,125.0,,,,,,12.0,,
1714.0,,125.0,,,,,,12.0,,
1715.0,,125.0,,,,,,12.0,,
1716.0,,125.0,,,,,,12.0,,
1717.0,,124.8,,,,,,12.0,,
1718.0,,124.8,,,,,,12.0,,
1719.0,,124.8,,,,,,12.0,,
1720.0,,124.8,,,,,,12.0,,
1721.0,,124.8,,,,,,12.0,,
1722.0,,124.8,,,,,,12.0,,
1723.0,,124.8,,,,,,12.0,,
1724.0,,124.8,,,,,,11.8,,
1725.0,,124.8,,,,,,12.0,,
1726.0,,124.8,,,,,,12.0,,
1727.0,,124.8,,,,,,12.0,,
1728.0,,124.8,,,,,,11.8,,
1729.0,,124.8,,,,,,11.8,,
1730.0,,124.8,,,,,,11.8,,
1731.0,,124.8,,,,,,11.8,,
1732.0,,124.8,,,,,,11.8,,
1733.0,,124.6,,,,,,11.8,,
1734.0,,124.6,,,,,,11.8,,
1735.0,,124.6,,,,,,11.8,,
1736.0,,124.6,,,,,,11.8,,
1737.0,,124.6,,,,,,11.8,,
1738.0,,124.6,,,,,,11.8,,
1739.0,,124.6,,,,,,11.8,,
1740.0,,124.6,,,,,,11.8,,
1741.0,,124.6,,,,,,11.8,,
1742.0,,124.6,,,,,,11.6,,
1743.0,,124.6,,,,,,11.6,,
1744.0,,124.4,,,,,,11.6,,
1745.0,,124.4,,,,,,11.6,,
1746.0,,124.4,,,,,,11.6,,
1747.0,,124.4,,,,,,11.6,,
1748.0,,124.4,,,,,,11.6,,
1749.0,,124.4,,,,,,11.6,,
1750.0,,124.4,,,,,,11.6,,
1751.0,,124.4,,,,,,11.6,,
1752.0,,124.4,,,,,,11.6,,
1753.0,,124.4,,,,,,11.6,,
1754.0,,124.4,,,,,,11.6,,
1755.0,,124.4,,,,,,11.6,,
1756.0,,124.4,,,,,,11.6,,
1757.0,,124.4,,,,,,11.6,,
1758.0,,124.4,,,,,,11.6,,
1759.0,,124.4,,,,,,11.6,,
1760.0,,124.4,,,,,,11.6,,
1761.0,,124.4,,,,,,11.6,,
1762.0,,124.4,,,,,,11.6,,
1763.0,,124.4,,,,,,11.6,,
1764.0,,124.4,,,,,,11.6,,
1765.0,,124.4,,,,,,11.4,,
1766.0,,124.4,,,,,,11.4,,
1767.0,,124.4,,,,,,11.4,,
1768.0,,124.4,,,,,,11.4,,
1769.0,,124.4,,,,,,11.4,,
1770.0,,124.4,,,,,,11.4,,
1771.0,,124.4,,,,,,11.4,,
1772.0,,124.4,,,,,,11.4,,
1773.0,,124.4,,,,,,,,
