Time(hh:mm:ss),Elapsed Time,Voltage1,Voltage2,Alarm,,Comment: OMEGA OM-DAQPRO-5300,Serial number: 7014521
"06-Jun-16,18:59:03",1,-0.001,-0.003,,,,
"06-Jun-16,18:59:04",2,0,0.003,,,,
"06-Jun-16,18:59:05",3,0.004,-0.003,,,,
"06-Jun-16,18:59:06",4,0,-0.004,,,,
"06-Jun-16,18:59:07",5,-0.006,0.003,,,,
"06-Jun-16,18:59:08",6,0,-0.001,,,,
"06-Jun-16,18:59:09",7,0,-0.001,,,,
"06-Jun-16,18:59:10",8,0.001,0.003,,,,
"06-Jun-16,18:59:11",9,0,0,,,,
"06-Jun-16,18:59:12",10,0,-0.001,,,,
"06-Jun-16,18:59:13",11,0,-0.006,,,,
"06-Jun-16,18:59:14",12,-0.003,-0.003,,,,
"06-Jun-16,18:59:15",13,0,-0.001,,,,
"06-Jun-16,18:59:16",14,-0.006,-0.003,,,,
"06-Jun-16,18:59:17",15,-0.003,-0.006,,,,
"06-Jun-16,18:59:18",16,0,0.003,,,,
"06-Jun-16,18:59:19",17,-0.006,0.003,,,,
"06-Jun-16,18:59:20",18,-0.003,0.013,,,,
"06-Jun-16,18:59:21",19,-0.003,0.007,,,,
"06-Jun-16,18:59:22",20,2.459,0.003,,,,
"06-Jun-16,18:59:23",21,2.459,0.004,,,,
"06-Jun-16,18:59:24",22,0.347,0.006,,,,
"06-Jun-16,18:59:25",23,0.134,0.004,,,,
"06-Jun-16,18:59:26",24,0.051,0.004,,,,
"06-Jun-16,18:59:27",25,0.014,0.003,,,,
"06-Jun-16,18:59:28",26,0.008,0.003,,,,
"06-Jun-16,18:59:29",27,0.01,2,,,,
"06-Jun-16,18:59:30",28,0.006,1.879,,,,
"06-Jun-16,18:59:31",29,0.003,1.879,,,,
"06-Jun-16,18:59:32",30,0.004,0.289,,,,
"06-Jun-16,18:59:33",31,0.004,0.118,,,,
"06-Jun-16,18:59:34",32,-0.001,0.045,,,,
"06-Jun-16,18:59:35",33,0,0.02,,,,
"06-Jun-16,18:59:36",34,0.001,0.011,,,,
"06-Jun-16,18:59:37",35,0.003,0.006,,,,
"06-Jun-16,18:59:38",36,0.001,0.013,,,,
"06-Jun-16,18:59:39",37,0,0.011,,,,
"06-Jun-16,18:59:40",38,0,0.011,,,,
"06-Jun-16,18:59:41",39,0.001,0.008,,,,
"06-Jun-16,18:59:42",40,0,0.006,,,,
"06-Jun-16,18:59:43",41,-0.006,0.004,,,,
"06-Jun-16,18:59:44",42,-0.003,-0.004,,,,
"06-Jun-16,18:59:45",43,-0.006,0,,,,
"06-Jun-16,18:59:46",44,-0.006,0.001,,,,
"06-Jun-16,18:59:47",45,-0.006,0,,,,
"06-Jun-16,18:59:48",46,-0.001,-0.003,,,,
"06-Jun-16,18:59:49",47,0,0.001,,,,
"06-Jun-16,18:59:50",48,0,0.004,,,,
"06-Jun-16,18:59:51",49,-0.003,0.003,,,,
"06-Jun-16,18:59:52",50,-0.001,0.008,,,,
"06-Jun-16,18:59:53",51,-0.003,0.006,,,,
"06-Jun-16,18:59:54",52,-0.001,-0.001,,,,
"06-Jun-16,18:59:55",53,0.004,-0.007,,,,
"06-Jun-16,18:59:56",54,0,-0.007,,,,
"06-Jun-16,18:59:57",55,0.004,-0.008,,,,
"06-Jun-16,18:59:58",56,0.001,-0.006,,,,
"06-Jun-16,18:59:59",57,0.003,0.001,,,,
"06-Jun-16,19:00:00",58,0.001,0,,,,
"06-Jun-16,19:00:01",59,-0.001,0.003,,,,
"06-Jun-16,19:00:02",60,0.003,-0.001,,,,
"06-Jun-16,19:00:03",61,0.004,0,,,,
"06-Jun-16,19:00:04",62,0,0,,,,
"06-Jun-16,19:00:05",63,0.003,-0.001,,,,
"06-Jun-16,19:00:06",64,0.001,-0.008,,,,
"06-Jun-16,19:00:07",65,0.003,-0.004,,,,
"06-Jun-16,19:00:08",66,0,-0.001,,,,
"06-Jun-16,19:00:09",67,-0.003,-0.007,,,,
"06-Jun-16,19:00:10",68,-0.003,-0.003,,,,
"06-Jun-16,19:00:11",69,-0.003,0,,,,
"06-Jun-16,19:00:12",70,-0.003,-0.006,,,,
"06-Jun-16,19:00:13",71,-0.004,-0.001,,,,
"06-Jun-16,19:00:14",72,-0.004,-0.006,,,,
"06-Jun-16,19:00:15",73,-0.008,-0.01,,,,
"06-Jun-16,19:00:16",74,-0.006,-0.01,,,,
"06-Jun-16,19:00:17",75,-0.006,-0.006,,,,
"06-Jun-16,19:00:18",76,-0.006,-0.011,,,,
"06-Jun-16,19:00:19",77,-0.003,-0.01,,,,
"06-Jun-16,19:00:20",78,-0.007,-0.011,,,,
"06-Jun-16,19:00:21",79,-0.006,-0.008,,,,
"06-Jun-16,19:00:22",80,-0.01,-0.01,,,,
"06-Jun-16,19:00:23",81,-0.006,-0.011,,,,
"06-Jun-16,19:00:24",82,-0.008,-0.008,,,,
"06-Jun-16,19:00:25",83,-0.008,-0.004,,,,
"06-Jun-16,19:00:26",84,-0.008,-0.018,,,,
"06-Jun-16,19:00:27",85,-0.008,-0.016,,,,
"06-Jun-16,19:00:28",86,-0.011,-0.013,,,,
"06-Jun-16,19:00:29",87,-0.008,-0.014,,,,
"06-Jun-16,19:00:30",88,-0.014,-0.014,,,,
"06-Jun-16,19:00:31",89,-0.013,-0.011,,,,
"06-Jun-16,19:00:32",90,-0.008,-0.011,,,,
"06-Jun-16,19:00:33",91,-0.013,-0.013,,,,
"06-Jun-16,19:00:34",92,-0.008,-0.007,,,,
"06-Jun-16,19:00:35",93,-0.003,-0.003,,,,
"06-Jun-16,19:00:36",94,-0.003,-0.006,,,,
"06-Jun-16,19:00:37",95,-0.004,-0.003,,,,
"06-Jun-16,19:00:38",96,-0.006,-0.007,,,,
"06-Jun-16,19:00:39",97,-0.007,-0.013,,,,
"06-Jun-16,19:00:40",98,-0.006,-0.01,,,,
"06-Jun-16,19:00:41",99,-0.003,-0.007,,,,
"06-Jun-16,19:00:42",100,-0.008,-0.01,,,,
"06-Jun-16,19:00:43",101,-0.008,-0.01,,,,
"06-Jun-16,19:00:44",102,-0.007,-0.007,,,,
"06-Jun-16,19:00:45",103,-0.008,-0.006,,,,
"06-Jun-16,19:00:46",104,-0.007,-0.007,,,,
"06-Jun-16,19:00:47",105,-0.006,-0.006,,,,
"06-Jun-16,19:00:48",106,-0.007,-0.011,,,,
"06-Jun-16,19:00:49",107,-0.006,-0.01,,,,
"06-Jun-16,19:00:50",108,-0.007,-0.008,,,,
"06-Jun-16,19:00:51",109,-0.001,-0.008,,,,
"06-Jun-16,19:00:52",110,-0.008,-0.008,,,,
"06-Jun-16,19:00:53",111,-0.006,-0.007,,,,
"06-Jun-16,19:00:54",112,-0.013,-0.01,,,,
"06-Jun-16,19:00:55",113,-0.008,-0.011,,,,
"06-Jun-16,19:00:56",114,-0.003,-0.004,,,,
"06-Jun-16,19:00:57",115,-0.004,-0.007,,,,
"06-Jun-16,19:00:58",116,-0.007,-0.018,,,,
"06-Jun-16,19:00:59",117,-0.003,-0.017,,,,
"06-Jun-16,19:01:00",118,-0.011,-0.008,,,,
"06-Jun-16,19:01:01",119,-0.008,-0.011,,,,
"06-Jun-16,19:01:02",120,-0.01,-0.016,,,,
"06-Jun-16,19:01:03",121,-0.008,-0.013,,,,
"06-Jun-16,19:01:04",122,-0.004,-0.011,,,,
"06-Jun-16,19:01:05",123,-0.007,-0.006,,,,
"06-Jun-16,19:01:06",124,-0.007,-0.014,,,,
"06-Jun-16,19:01:07",125,-0.006,-0.011,,,,
"06-Jun-16,19:01:08",126,-0.004,-0.014,,,,
"06-Jun-16,19:01:09",127,-0.008,-0.011,,,,
"06-Jun-16,19:01:10",128,-0.004,-0.013,,,,
"06-Jun-16,19:01:11",129,-0.013,-0.011,,,,
"06-Jun-16,19:01:12",130,-0.013,-0.014,,,,
"06-Jun-16,19:01:13",131,-0.013,-0.016,,,,
"06-Jun-16,19:01:14",132,-0.007,-0.011,,,,
"06-Jun-16,19:01:15",133,-0.01,-0.011,,,,
"06-Jun-16,19:01:16",134,-0.008,-0.008,,,,
"06-Jun-16,19:01:17",135,-0.007,-0.013,,,,
"06-Jun-16,19:01:18",136,-0.01,0,,,,
"06-Jun-16,19:01:19",137,-0.01,-0.004,,,,
"06-Jun-16,19:01:20",138,-0.006,-0.008,,,,
"06-Jun-16,19:01:21",139,-0.003,-0.007,,,,
"06-Jun-16,19:01:22",140,-0.004,0,,,,
"06-Jun-16,19:01:23",141,-0.01,0.003,,,,
"06-Jun-16,19:01:24",142,-0.01,-0.004,,,,
"06-Jun-16,19:01:25",143,-0.011,-0.011,,,,
"06-Jun-16,19:01:26",144,-0.006,-0.013,,,,
"06-Jun-16,19:01:27",145,-0.008,-0.014,,,,
"06-Jun-16,19:01:28",146,-0.007,-0.016,,,,
"06-Jun-16,19:01:29",147,-0.006,-0.018,,,,
"06-Jun-16,19:01:30",148,-0.007,-0.018,,,,
"06-Jun-16,19:01:31",149,-0.006,-0.016,,,,
"06-Jun-16,19:01:32",150,-0.007,-0.017,,,,
"06-Jun-16,19:01:33",151,-0.006,-0.014,,,,
"06-Jun-16,19:01:34",152,-0.01,-0.016,,,,
"06-Jun-16,19:01:35",153,-0.01,-0.017,,,,
"06-Jun-16,19:01:36",154,-0.008,-0.016,,,,
"06-Jun-16,19:01:37",155,-0.014,-0.014,,,,
"06-Jun-16,19:01:38",156,-0.007,-0.017,,,,
"06-Jun-16,19:01:39",157,-0.007,-0.008,,,,
"06-Jun-16,19:01:40",158,-0.007,-0.014,,,,
"06-Jun-16,19:01:41",159,-0.008,-0.02,,,,
"06-Jun-16,19:01:42",160,-0.007,-0.017,,,,
"06-Jun-16,19:01:43",161,-0.01,-0.016,,,,
"06-Jun-16,19:01:44",162,-0.013,-0.018,,,,
"06-Jun-16,19:01:45",163,-0.007,-0.017,,,,
"06-Jun-16,19:01:46",164,-0.011,-0.016,,,,
"06-Jun-16,19:01:47",165,-0.014,-0.018,,,,
"06-Jun-16,19:01:48",166,-0.01,-0.017,,,,
"06-Jun-16,19:01:49",167,-0.008,-0.021,,,,
"06-Jun-16,19:01:50",168,-0.014,-0.014,,,,
"06-Jun-16,19:01:51",169,-0.011,-0.018,,,,
"06-Jun-16,19:01:52",170,-0.01,-0.016,,,,
"06-Jun-16,19:01:53",171,-0.01,-0.017,,,,
"06-Jun-16,19:01:54",172,-0.004,-0.017,,,,
"06-Jun-16,19:01:55",173,-0.011,-0.017,,,,
"06-Jun-16,19:01:56",174,-0.008,-0.018,,,,
"06-Jun-16,19:01:57",175,-0.006,-0.017,,,,
"06-Jun-16,19:01:58",176,-0.008,-0.013,,,,
"06-Jun-16,19:01:59",177,-0.006,-0.021,,,,
"06-Jun-16,19:02:00",178,-0.011,-0.016,,,,
"06-Jun-16,19:02:01",179,-0.004,-0.017,,,,
"06-Jun-16,19:02:02",180,-0.006,-0.014,,,,
"06-Jun-16,19:02:03",181,-0.008,-0.014,,,,
"06-Jun-16,19:02:04",182,-0.01,-0.013,,,,
"06-Jun-16,19:02:05",183,-0.01,-0.008,,,,
"06-Jun-16,19:02:06",184,-0.006,-0.008,,,,
"06-Jun-16,19:02:07",185,-0.01,-0.01,,,,
"06-Jun-16,19:02:08",186,-0.013,-0.01,,,,
"06-Jun-16,19:02:09",187,-0.013,-0.016,,,,
"06-Jun-16,19:02:10",188,-0.008,-0.01,,,,
"06-Jun-16,19:02:11",189,-0.011,-0.007,,,,
"06-Jun-16,19:02:12",190,-0.011,-0.013,,,,
"06-Jun-16,19:02:13",191,-0.01,-0.011,,,,
"06-Jun-16,19:02:14",192,-0.011,-0.007,,,,
"06-Jun-16,19:02:15",193,-0.011,-0.011,,,,
"06-Jun-16,19:02:16",194,-0.008,-0.013,,,,
"06-Jun-16,19:02:17",195,-0.013,-0.014,,,,
"06-Jun-16,19:02:18",196,-0.007,-0.017,,,,
"06-Jun-16,19:02:19",197,-0.007,-0.017,,,,
"06-Jun-16,19:02:20",198,-0.011,-0.021,,,,
"06-Jun-16,19:02:21",199,-0.01,-0.014,,,,
"06-Jun-16,19:02:22",200,-0.013,-0.013,,,,
"06-Jun-16,19:02:23",201,-0.013,-0.011,,,,
"06-Jun-16,19:02:24",202,-0.014,-0.006,,,,
"06-Jun-16,19:02:25",203,-0.016,-0.006,,,,
"06-Jun-16,19:02:26",204,-0.016,-0.011,,,,
"06-Jun-16,19:02:27",205,-0.013,-0.014,,,,
"06-Jun-16,19:02:28",206,-0.014,-0.011,,,,
"06-Jun-16,19:02:29",207,-0.013,-0.013,,,,
"06-Jun-16,19:02:30",208,-0.007,-0.014,,,,
"06-Jun-16,19:02:31",209,-0.011,-0.013,,,,
"06-Jun-16,19:02:32",210,-0.013,-0.017,,,,
"06-Jun-16,19:02:33",211,-0.007,-0.016,,,,
"06-Jun-16,19:02:34",212,-0.011,-0.018,,,,
"06-Jun-16,19:02:35",213,-0.01,-0.014,,,,
"06-Jun-16,19:02:36",214,-0.014,-0.014,,,,
"06-Jun-16,19:02:37",215,-0.017,-0.014,,,,
"06-Jun-16,19:02:38",216,-0.013,-0.011,,,,
"06-Jun-16,19:02:39",217,-0.014,-0.016,,,,
"06-Jun-16,19:02:40",218,-0.013,-0.014,,,,
"06-Jun-16,19:02:41",219,-0.016,-0.013,,,,
"06-Jun-16,19:02:42",220,-0.014,-0.018,,,,
"06-Jun-16,19:02:43",221,-0.016,-0.011,,,,
"06-Jun-16,19:02:44",222,-0.014,-0.014,,,,
"06-Jun-16,19:02:45",223,-0.014,-0.011,,,,
"06-Jun-16,19:02:46",224,-0.013,-0.017,,,,
"06-Jun-16,19:02:47",225,-0.013,-0.018,,,,
"06-Jun-16,19:02:48",226,-0.01,-0.016,,,,
"06-Jun-16,19:02:49",227,-0.014,-0.013,,,,
"06-Jun-16,19:02:50",228,-0.011,-0.013,,,,
"06-Jun-16,19:02:51",229,-0.013,-0.017,,,,
"06-Jun-16,19:02:52",230,-0.013,-0.02,,,,
"06-Jun-16,19:02:53",231,-0.01,-0.02,,,,
"06-Jun-16,19:02:54",232,-0.008,-0.02,,,,
"06-Jun-16,19:02:55",233,-0.006,-0.017,,,,
"06-Jun-16,19:02:56",234,-0.01,-0.017,,,,
"06-Jun-16,19:02:57",235,-0.008,-0.014,,,,
"06-Jun-16,19:02:58",236,-0.01,-0.008,,,,
"06-Jun-16,19:02:59",237,-0.011,-0.008,,,,
"06-Jun-16,19:03:00",238,-0.011,-0.011,,,,
"06-Jun-16,19:03:01",239,-0.011,-0.011,,,,
"06-Jun-16,19:03:02",240,-0.008,-0.01,,,,
"06-Jun-16,19:03:03",241,-0.007,-0.014,,,,
"06-Jun-16,19:03:04",242,-0.013,-0.018,,,,
"06-Jun-16,19:03:05",243,-0.01,-0.021,,,,
"06-Jun-16,19:03:06",244,-0.011,-0.024,,,,
"06-Jun-16,19:03:07",245,-0.01,-0.021,,,,
"06-Jun-16,19:03:08",246,-0.008,-0.017,,,,
"06-Jun-16,19:03:09",247,-0.007,-0.016,,,,
"06-Jun-16,19:03:10",248,-0.01,-0.018,,,,
"06-Jun-16,19:03:11",249,-0.004,-0.016,,,,
"06-Jun-16,19:03:12",250,-0.008,-0.018,,,,
"06-Jun-16,19:03:13",251,-0.013,-0.02,,,,
"06-Jun-16,19:03:14",252,-0.008,-0.017,,,,
"06-Jun-16,19:03:15",253,0.01,-0.016,,,,
"06-Jun-16,19:03:16",254,-0.016,-0.014,,,,
"06-Jun-16,19:03:17",255,-0.003,-0.007,,,,
"06-Jun-16,19:03:18",256,0.006,-0.004,,,,
"06-Jun-16,19:03:19",257,0.007,-0.003,,,,
"06-Jun-16,19:03:20",258,0.001,-0.01,,,,
"06-Jun-16,19:03:21",259,0.011,-0.004,,,,
"06-Jun-16,19:03:22",260,0.075,-0.007,,,,
"06-Jun-16,19:03:23",261,0.083,-0.008,,,,
"06-Jun-16,19:03:24",262,0.018,-0.01,,,,
"06-Jun-16,19:03:25",263,0.003,-0.016,,,,
"06-Jun-16,19:03:26",264,-0.01,-0.016,,,,
"06-Jun-16,19:03:27",265,-0.011,-0.011,,,,
"06-Jun-16,19:03:28",266,-0.013,-0.016,,,,
"06-Jun-16,19:03:29",267,-0.018,-0.01,,,,
"06-Jun-16,19:03:30",268,-0.021,-0.011,,,,
"06-Jun-16,19:03:31",269,-0.02,-0.016,,,,
"06-Jun-16,19:03:32",270,-0.016,-0.017,,,,
"06-Jun-16,19:03:33",271,-0.013,-0.016,,,,
"06-Jun-16,19:03:34",272,-0.011,-0.02,,,,
"06-Jun-16,19:03:35",273,-0.014,-0.016,,,,
"06-Jun-16,19:03:36",274,-0.014,-0.01,,,,
"06-Jun-16,19:03:37",275,-0.007,-0.013,,,,
"06-Jun-16,19:03:38",276,-0.008,-0.011,,,,
"06-Jun-16,19:03:39",277,-0.01,-0.011,,,,
"06-Jun-16,19:03:40",278,-0.008,-0.016,,,,
"06-Jun-16,19:03:41",279,-0.01,-0.016,,,,
"06-Jun-16,19:03:42",280,-0.006,-0.016,,,,
"06-Jun-16,19:03:43",281,-0.01,-0.013,,,,
"06-Jun-16,19:03:44",282,-0.007,-0.017,,,,
"06-Jun-16,19:03:45",283,-0.006,-0.017,,,,
"06-Jun-16,19:03:46",284,-0.01,-0.023,,,,
"06-Jun-16,19:03:47",285,-0.01,-0.02,,,,
"06-Jun-16,19:03:48",286,-0.007,-0.02,,,,
"06-Jun-16,19:03:49",287,-0.01,-0.021,,,,
"06-Jun-16,19:03:50",288,-0.008,-0.016,,,,
"06-Jun-16,19:03:51",289,-0.01,-0.017,,,,
"06-Jun-16,19:03:52",290,-0.01,-0.016,,,,
"06-Jun-16,19:03:53",291,-0.013,-0.023,,,,
"06-Jun-16,19:03:54",292,-0.01,-0.021,,,,
"06-Jun-16,19:03:55",293,-0.008,-0.02,,,,
"06-Jun-16,19:03:56",294,-0.01,-0.013,,,,
"06-Jun-16,19:03:57",295,-0.008,0.006,,,,
"06-Jun-16,19:03:58",296,-0.01,-0.01,,,,
"06-Jun-16,19:03:59",297,-0.006,-0.01,,,,
"06-Jun-16,19:04:00",298,-0.004,-0.013,,,,
"06-Jun-16,19:04:01",299,-0.007,-0.017,,,,
"06-Jun-16,19:04:02",300,-0.004,-0.014,,,,
"06-Jun-16,19:04:03",301,-0.003,-0.014,,,,
"06-Jun-16,19:04:04",302,-0.004,-0.017,,,,
"06-Jun-16,19:04:05",303,-0.004,-0.021,,,,
"06-Jun-16,19:04:06",304,-0.006,-0.018,,,,
"06-Jun-16,19:04:07",305,-0.007,-0.018,,,,
"06-Jun-16,19:04:08",306,-0.01,-0.021,,,,
"06-Jun-16,19:04:09",307,-0.008,-0.017,,,,
"06-Jun-16,19:04:10",308,-0.014,-0.018,,,,
"06-Jun-16,19:04:11",309,-0.01,-0.018,,,,
"06-Jun-16,19:04:12",310,-0.006,-0.013,,,,
"06-Jun-16,19:04:13",311,-0.013,-0.014,,,,
"06-Jun-16,19:04:14",312,-0.017,-0.014,,,,
"06-Jun-16,19:04:15",313,-0.006,-0.014,,,,
"06-Jun-16,19:04:16",314,-0.008,-0.011,,,,
"06-Jun-16,19:04:17",315,-0.01,-0.007,,,,
"06-Jun-16,19:04:18",316,-0.004,-0.013,,,,
"06-Jun-16,19:04:19",317,-0.008,-0.011,,,,
"06-Jun-16,19:04:20",318,-0.007,-0.018,,,,
"06-Jun-16,19:04:21",319,-0.003,-0.018,,,,
"06-Jun-16,19:04:22",320,-0.007,-0.014,,,,
"06-Jun-16,19:04:23",321,-0.01,-0.016,,,,
"06-Jun-16,19:04:24",322,-0.008,-0.02,,,,
"06-Jun-16,19:04:25",323,-0.014,-0.016,,,,
"06-Jun-16,19:04:26",324,-0.014,-0.016,,,,
"06-Jun-16,19:04:27",325,-0.011,-0.017,,,,
"06-Jun-16,19:04:28",326,-0.011,-0.014,,,,
"06-Jun-16,19:04:29",327,-0.014,-0.017,,,,
"06-Jun-16,19:04:30",328,-0.011,-0.011,,,,
"06-Jun-16,19:04:31",329,-0.01,-0.013,,,,
"06-Jun-16,19:04:32",330,-0.013,-0.011,,,,
"06-Jun-16,19:04:33",331,-0.014,-0.008,,,,
"06-Jun-16,19:04:34",332,-0.01,-0.011,,,,
"06-Jun-16,19:04:35",333,-0.014,-0.014,,,,
"06-Jun-16,19:04:36",334,-0.016,-0.013,,,,
"06-Jun-16,19:04:37",335,-0.013,-0.014,,,,
"06-Jun-16,19:04:38",336,-0.01,-0.017,,,,
"06-Jun-16,19:04:39",337,-0.011,-0.017,,,,
"06-Jun-16,19:04:40",338,-0.014,-0.014,,,,
"06-Jun-16,19:04:41",339,-0.014,-0.014,,,,
"06-Jun-16,19:04:42",340,-0.013,-0.01,,,,
"06-Jun-16,19:04:43",341,-0.008,-0.011,,,,
"06-Jun-16,19:04:44",342,-0.014,-0.011,,,,
"06-Jun-16,19:04:45",343,-0.011,-0.011,,,,
"06-Jun-16,19:04:46",344,-0.008,-0.011,,,,
"06-Jun-16,19:04:47",345,-0.01,-0.013,,,,
"06-Jun-16,19:04:48",346,-0.007,-0.01,,,,
"06-Jun-16,19:04:49",347,0,-0.01,,,,
"06-Jun-16,19:04:50",348,0.001,-0.016,,,,
"06-Jun-16,19:04:51",349,-0.003,-0.008,,,,
"06-Jun-16,19:04:52",350,-0.007,-0.01,,,,
"06-Jun-16,19:04:53",351,-0.004,-0.007,,,,
"06-Jun-16,19:04:54",352,-0.007,-0.007,,,,
"06-Jun-16,19:04:55",353,-0.01,-0.013,,,,
"06-Jun-16,19:04:56",354,-0.001,-0.014,,,,
"06-Jun-16,19:04:57",355,-0.004,-0.018,,,,
"06-Jun-16,19:04:58",356,-0.004,-0.013,,,,
"06-Jun-16,19:04:59",357,-0.006,-0.008,,,,
"06-Jun-16,19:05:00",358,-0.007,-0.006,,,,
"06-Jun-16,19:05:01",359,-0.006,-0.01,,,,
"06-Jun-16,19:05:02",360,-0.008,-0.008,,,,
"06-Jun-16,19:05:03",361,-0.007,-0.014,,,,
"06-Jun-16,19:05:04",362,-0.008,-0.014,,,,
"06-Jun-16,19:05:05",363,-0.003,-0.014,,,,
"06-Jun-16,19:05:06",364,-0.007,-0.011,,,,
"06-Jun-16,19:05:07",365,-0.008,-0.01,,,,
"06-Jun-16,19:05:08",366,-0.006,-0.014,,,,
"06-Jun-16,19:05:09",367,-0.01,-0.01,,,,
"06-Jun-16,19:05:10",368,-0.01,-0.01,,,,
"06-Jun-16,19:05:11",369,-0.011,-0.013,,,,
"06-Jun-16,19:05:12",370,-0.008,-0.014,,,,
"06-Jun-16,19:05:13",371,-0.01,-0.014,,,,
"06-Jun-16,19:05:14",372,-0.011,-0.01,,,,
"06-Jun-16,19:05:15",373,-0.011,-0.014,,,,
"06-Jun-16,19:05:16",374,-0.008,-0.016,,,,
"06-Jun-16,19:05:17",375,-0.011,-0.013,,,,
"06-Jun-16,19:05:18",376,-0.007,-0.013,,,,
"06-Jun-16,19:05:19",377,-0.013,-0.01,,,,
"06-Jun-16,19:05:20",378,-0.008,-0.01,,,,
"06-Jun-16,19:05:21",379,-0.006,-0.008,,,,
"06-Jun-16,19:05:22",380,-0.011,-0.008,,,,
"06-Jun-16,19:05:23",381,-0.007,-0.01,,,,
"06-Jun-16,19:05:24",382,-0.011,-0.014,,,,
"06-Jun-16,19:05:25",383,-0.008,-0.014,,,,
"06-Jun-16,19:05:26",384,-0.008,-0.014,,,,
"06-Jun-16,19:05:27",385,-0.013,-0.013,,,,
"06-Jun-16,19:05:28",386,-0.007,-0.003,,,,
"06-Jun-16,19:05:29",387,-0.007,-0.007,,,,
"06-Jun-16,19:05:30",388,-0.004,-0.004,,,,
"06-Jun-16,19:05:31",389,-0.007,-0.001,,,,
"06-Jun-16,19:05:32",390,-0.006,-0.004,,,,
"06-Jun-16,19:05:33",391,-0.006,-0.006,,,,
"06-Jun-16,19:05:34",392,-0.01,-0.01,,,,
"06-Jun-16,19:05:35",393,-0.008,-0.013,,,,
"06-Jun-16,19:05:36",394,-0.008,-0.014,,,,
"06-Jun-16,19:05:37",395,-0.006,-0.013,,,,
"06-Jun-16,19:05:38",396,-0.008,-0.013,,,,
"06-Jun-16,19:05:39",397,-0.004,-0.008,,,,
"06-Jun-16,19:05:40",398,-0.01,-0.014,,,,
"06-Jun-16,19:05:41",399,-0.006,-0.011,,,,
"06-Jun-16,19:05:42",400,-0.01,-0.011,,,,
"06-Jun-16,19:05:43",401,-0.011,-0.01,,,,
"06-Jun-16,19:05:44",402,-0.008,-0.008,,,,
"06-Jun-16,19:05:45",403,-0.008,-0.013,,,,
"06-Jun-16,19:05:46",404,-0.013,-0.01,,,,
"06-Jun-16,19:05:47",405,-0.006,-0.008,,,,
"06-Jun-16,19:05:48",406,-0.006,-0.013,,,,
"06-Jun-16,19:05:49",407,-0.004,-0.01,,,,
"06-Jun-16,19:05:50",408,0.001,-0.01,,,,
"06-Jun-16,19:05:51",409,-0.007,-0.01,,,,
"06-Jun-16,19:05:52",410,-0.008,-0.011,,,,
"06-Jun-16,19:05:53",411,-0.008,-0.01,,,,
"06-Jun-16,19:05:54",412,-0.007,-0.01,,,,
"06-Jun-16,19:05:55",413,-0.011,-0.01,,,,
"06-Jun-16,19:05:56",414,-0.008,-0.01,,,,
"06-Jun-16,19:05:57",415,-0.01,-0.011,,,,
"06-Jun-16,19:05:58",416,-0.011,-0.014,,,,
"06-Jun-16,19:05:59",417,-0.011,-0.008,,,,
"06-Jun-16,19:06:00",418,-0.011,-0.01,,,,
"06-Jun-16,19:06:01",419,-0.01,-0.01,,,,
"06-Jun-16,19:06:02",420,-0.007,-0.011,,,,
"06-Jun-16,19:06:03",421,-0.004,-0.011,,,,
"06-Jun-16,19:06:04",422,-0.007,-0.014,,,,
"06-Jun-16,19:06:05",423,-0.008,-0.008,,,,
"06-Jun-16,19:06:06",424,-0.004,-0.013,,,,
"06-Jun-16,19:06:07",425,-0.008,-0.013,,,,
"06-Jun-16,19:06:08",426,-0.004,-0.011,,,,
"06-Jun-16,19:06:09",427,-0.006,-0.016,,,,
"06-Jun-16,19:06:10",428,-0.006,-0.013,,,,
"06-Jun-16,19:06:11",429,-0.007,-0.007,,,,
"06-Jun-16,19:06:12",430,-0.004,-0.008,,,,
"06-Jun-16,19:06:13",431,-0.01,-0.014,,,,
"06-Jun-16,19:06:14",432,-0.004,-0.011,,,,
"06-Jun-16,19:06:15",433,-0.004,-0.011,,,,
"06-Jun-16,19:06:16",434,-0.01,-0.01,,,,
"06-Jun-16,19:06:17",435,-0.008,-0.011,,,,
"06-Jun-16,19:06:18",436,-0.013,-0.008,,,,
"06-Jun-16,19:06:19",437,-0.008,-0.011,,,,
"06-Jun-16,19:06:20",438,-0.01,-0.01,,,,
"06-Jun-16,19:06:21",439,-0.007,-0.008,,,,
"06-Jun-16,19:06:22",440,-0.006,-0.007,,,,
"06-Jun-16,19:06:23",441,-0.003,-0.007,,,,
"06-Jun-16,19:06:24",442,-0.003,-0.006,,,,
"06-Jun-16,19:06:25",443,-0.006,-0.007,,,,
"06-Jun-16,19:06:26",444,-0.01,-0.007,,,,
"06-Jun-16,19:06:27",445,-0.008,-0.011,,,,
"06-Jun-16,19:06:28",446,-0.01,-0.007,,,,
"06-Jun-16,19:06:29",447,-0.008,-0.004,,,,
"06-Jun-16,19:06:30",448,-0.003,-0.006,,,,
"06-Jun-16,19:06:31",449,-0.006,-0.006,,,,
"06-Jun-16,19:06:32",450,-0.008,-0.013,,,,
"06-Jun-16,19:06:33",451,-0.008,-0.006,,,,
"06-Jun-16,19:06:34",452,-0.004,-0.006,,,,
"06-Jun-16,19:06:35",453,-0.006,-0.006,,,,
"06-Jun-16,19:06:36",454,-0.007,4.404,,,,
"06-Jun-16,19:06:37",455,-0.013,4.404,,,,
"06-Jun-16,19:06:38",456,-0.013,4.152,,,,
"06-Jun-16,19:06:39",457,-0.006,4.152,,,,
"06-Jun-16,19:06:40",458,-0.01,4.086,,,,
"06-Jun-16,19:06:41",459,-0.011,4.086,,,,
"06-Jun-16,19:06:42",460,-0.01,0.754,,,,
"06-Jun-16,19:06:43",461,-0.007,0.382,,,,
"06-Jun-16,19:06:44",462,0.024,0.213,,,,
"06-Jun-16,19:06:45",463,0.01,0.137,,,,
"06-Jun-16,19:06:46",464,0.01,0.092,,,,
"06-Jun-16,19:06:47",465,0.134,0.076,,,,
"06-Jun-16,19:06:48",466,0.041,0.059,,,,
"06-Jun-16,19:06:49",467,0.004,0.052,,,,
"06-Jun-16,19:06:50",468,-0.004,0.041,,,,
"06-Jun-16,19:06:51",469,-0.008,0.041,,,,
"06-Jun-16,19:06:52",470,-0.006,0.027,,,,
"06-Jun-16,19:06:53",471,-0.013,0.014,,,,
"06-Jun-16,19:06:54",472,0.004,0.023,,,,
"06-Jun-16,19:06:55",473,0.004,0.158,,,,
"06-Jun-16,19:06:56",474,3.963,0.034,,,,
"06-Jun-16,19:06:57",475,3.963,0.025,,,,
"06-Jun-16,19:06:58",476,4.824,0.03,,,,
"06-Jun-16,19:06:59",477,4.824,0.034,,,,
"06-Jun-16,19:07:00",478,0.863,0.032,,,,
"06-Jun-16,19:07:01",479,0.863,0.023,,,,
"06-Jun-16,19:07:02",480,0.199,0.021,,,,
"06-Jun-16,19:07:03",481,0.125,0.006,,,,
"06-Jun-16,19:07:04",482,0.086,0.004,,,,
"06-Jun-16,19:07:05",483,0.062,-0.003,,,,
"06-Jun-16,19:07:06",484,0.054,-0.001,,,,
"06-Jun-16,19:07:07",485,0.034,-0.004,,,,
"06-Jun-16,19:07:08",486,0.037,-0.004,,,,
"06-Jun-16,19:07:09",487,0.039,0,,,,
"06-Jun-16,19:07:10",488,0.042,-0.001,,,,
"06-Jun-16,19:07:11",489,0.037,-0.006,,,,
"06-Jun-16,19:07:12",490,0.028,0.001,,,,
"06-Jun-16,19:07:13",491,0.025,-0.008,,,,
"06-Jun-16,19:07:14",492,0.03,0.001,,,,
"06-Jun-16,19:07:15",493,0.018,-0.001,,,,
"06-Jun-16,19:07:16",494,0.011,-0.003,,,,
"06-Jun-16,19:07:17",495,0.013,-0.008,,,,
"06-Jun-16,19:07:18",496,0.007,-0.01,,,,
"06-Jun-16,19:07:19",497,0.006,-0.017,,,,
"06-Jun-16,19:07:20",498,0.007,-0.024,,,,
"06-Jun-16,19:07:21",499,-0.006,-0.018,,,,
"06-Jun-16,19:07:22",500,0.008,-0.01,,,,
"06-Jun-16,19:07:23",501,0.008,-0.013,,,,
"06-Jun-16,19:07:24",502,0.007,-0.024,,,,
"06-Jun-16,19:07:25",503,0.01,-0.024,,,,
"06-Jun-16,19:07:26",504,0.011,-0.025,,,,
"06-Jun-16,19:07:27",505,0.008,-0.021,,,,
"06-Jun-16,19:07:28",506,0.004,-0.016,,,,
"06-Jun-16,19:07:29",507,-0.001,-0.014,,,,
"06-Jun-16,19:07:30",508,-0.003,-0.014,,,,
"06-Jun-16,19:07:31",509,-0.004,-0.017,,,,
"06-Jun-16,19:07:32",510,-0.004,-0.014,,,,
"06-Jun-16,19:07:33",511,-0.007,-0.021,,,,
"06-Jun-16,19:07:34",512,-0.006,-0.018,,,,
"06-Jun-16,19:07:35",513,-0.007,-0.023,,,,
"06-Jun-16,19:07:36",514,-0.01,-0.02,,,,
"06-Jun-16,19:07:37",515,-0.011,-0.017,,,,
"06-Jun-16,19:07:38",516,-0.008,-0.017,,,,
"06-Jun-16,19:07:39",517,-0.011,-0.018,,,,
"06-Jun-16,19:07:40",518,-0.017,-0.017,,,,
"06-Jun-16,19:07:41",519,-0.014,-0.018,,,,
"06-Jun-16,19:07:42",520,-0.011,-0.02,,,,
"06-Jun-16,19:07:43",521,-0.016,-0.014,,,,
"06-Jun-16,19:07:44",522,-0.016,-0.013,,,,
"06-Jun-16,19:07:45",523,-0.011,-0.014,,,,
"06-Jun-16,19:07:46",524,-0.011,-0.01,,,,
"06-Jun-16,19:07:47",525,-0.007,-0.017,,,,
"06-Jun-16,19:07:48",526,-0.01,-0.013,,,,
"06-Jun-16,19:07:49",527,-0.004,-0.017,,,,
"06-Jun-16,19:07:50",528,-0.01,-0.014,,,,
"06-Jun-16,19:07:51",529,-0.006,-0.014,,,,
"06-Jun-16,19:07:52",530,-0.006,-0.014,,,,
"06-Jun-16,19:07:53",531,-0.003,-0.01,,,,
"06-Jun-16,19:07:54",532,-0.006,-0.007,,,,
"06-Jun-16,19:07:55",533,-0.001,-0.008,,,,
"06-Jun-16,19:07:56",534,0.004,-0.007,,,,
"06-Jun-16,19:07:57",535,0.001,-0.006,,,,
"06-Jun-16,19:07:58",536,-0.001,-0.001,,,,
"06-Jun-16,19:07:59",537,-0.001,-0.011,,,,
"06-Jun-16,19:08:00",538,-0.001,-0.008,,,,
"06-Jun-16,19:08:01",539,-0.001,-0.008,,,,
"06-Jun-16,19:08:02",540,-0.004,-0.008,,,,
"06-Jun-16,19:08:03",541,-0.001,2.345,,,,
"06-Jun-16,19:08:04",542,-0.001,2.345,,,,
"06-Jun-16,19:08:05",543,0,0.373,,,,
"06-Jun-16,19:08:06",544,0,0.178,,,,
"06-Jun-16,19:08:07",545,0.003,0.066,,,,
"06-Jun-16,19:08:08",546,-0.001,0.021,,,,
"06-Jun-16,19:08:09",547,0.003,0.011,,,,
"06-Jun-16,19:08:10",548,0,0,,,,
"06-Jun-16,19:08:11",549,0.016,-0.017,,,,
"06-Jun-16,19:08:12",550,0.001,-0.02,,,,
"06-Jun-16,19:08:13",551,-0.003,-0.013,,,,
"06-Jun-16,19:08:14",552,-0.003,-0.016,,,,
"06-Jun-16,19:08:15",553,3.915,-0.014,,,,
"06-Jun-16,19:08:16",554,3.915,-0.011,,,,
"06-Jun-16,19:08:17",555,0.333,-0.021,,,,
"06-Jun-16,19:08:18",556,0.142,-0.039,,,,
"06-Jun-16,19:08:19",557,0.055,-0.028,,,,
"06-Jun-16,19:08:20",558,0.018,-0.028,,,,
"06-Jun-16,19:08:21",559,0.003,-0.035,,,,
"06-Jun-16,19:08:22",560,0.001,-0.045,,,,
"06-Jun-16,19:08:23",561,0.007,-0.049,,,,
"06-Jun-16,19:08:24",562,0.001,-0.058,,,,
"06-Jun-16,19:08:25",563,-0.001,-0.045,,,,
"06-Jun-16,19:08:26",564,-0.014,-0.035,,,,
"06-Jun-16,19:08:27",565,-0.027,-0.031,,,,
"06-Jun-16,19:08:28",566,-0.037,-0.024,,,,
"06-Jun-16,19:08:29",567,-0.038,-0.025,,,,
"06-Jun-16,19:08:30",568,-0.041,-0.041,,,,
"06-Jun-16,19:08:31",569,-0.035,-0.032,,,,
"06-Jun-16,19:08:32",570,-0.037,-0.027,,,,
"06-Jun-16,19:08:33",571,-0.048,-0.031,,,,
"06-Jun-16,19:08:34",572,-0.037,-0.03,,,,
"06-Jun-16,19:08:35",573,-0.038,-0.032,,,,
"06-Jun-16,19:08:36",574,-0.035,-0.021,,,,
"06-Jun-16,19:08:37",575,-0.037,-0.014,,,,
"06-Jun-16,19:08:38",576,-0.035,-0.016,,,,
"06-Jun-16,19:08:39",577,-0.037,-0.02,,,,
"06-Jun-16,19:08:40",578,-0.037,-0.02,,,,
"06-Jun-16,19:08:41",579,-0.035,-0.017,,,,
"06-Jun-16,19:08:42",580,-0.037,-0.016,,,,
"06-Jun-16,19:08:43",581,-0.034,-0.017,,,,
"06-Jun-16,19:08:44",582,-0.034,-0.013,,,,
"06-Jun-16,19:08:45",583,-0.032,-0.016,,,,
"06-Jun-16,19:08:46",584,-0.035,-0.02,,,,
"06-Jun-16,19:08:47",585,-0.039,-0.023,,,,
"06-Jun-16,19:08:48",586,-0.039,-0.016,,,,
"06-Jun-16,19:08:49",587,-0.044,-0.018,,,,
"06-Jun-16,19:08:50",588,-0.039,-0.016,,,,
"06-Jun-16,19:08:51",589,-0.03,-0.013,,,,
"06-Jun-16,19:08:52",590,-0.032,-0.018,,,,
"06-Jun-16,19:08:53",591,-0.041,-0.014,,,,
"06-Jun-16,19:08:54",592,-0.039,-0.011,,,,
"06-Jun-16,19:08:55",593,-0.031,-0.011,,,,
"06-Jun-16,19:08:56",594,-0.021,-0.014,,,,
"06-Jun-16,19:08:57",595,-0.02,-0.016,,,,
"06-Jun-16,19:08:58",596,-0.03,-0.003,,,,
"06-Jun-16,19:08:59",597,-0.042,-0.008,,,,
"06-Jun-16,19:09:00",598,-0.044,-0.014,,,,
"06-Jun-16,19:09:01",599,-0.045,-0.013,,,,
"06-Jun-16,19:09:02",600,-0.042,-0.008,,,,
"06-Jun-16,19:09:03",601,-0.047,-0.007,,,,
"06-Jun-16,19:09:04",602,-0.056,-0.003,,,,
"06-Jun-16,19:09:05",603,-0.062,-0.003,,,,
"06-Jun-16,19:09:06",604,-0.063,10.074,,,,
"06-Jun-16,19:09:07",605,-0.066,10.074,,,,
"06-Jun-16,19:09:08",606,-0.085,1.409,,,,
"06-Jun-16,19:09:09",607,-0.072,1.409,,,,
"06-Jun-16,19:09:10",608,-0.068,0.379,,,,
"06-Jun-16,19:09:11",609,-0.059,0.266,,,,
"06-Jun-16,19:09:12",610,-0.066,0.206,,,,
"06-Jun-16,19:09:13",611,-0.08,0.199,,,,
"06-Jun-16,19:09:14",612,-0.078,0.163,,,,
"06-Jun-16,19:09:15",613,-0.078,0.099,,,,
"06-Jun-16,19:09:16",614,11.971,0.104,,,,
"06-Jun-16,19:09:17",615,11.971,0.076,,,,
"06-Jun-16,19:09:18",616,2.025,0.085,,,,
"06-Jun-16,19:09:19",617,2.025,0.062,,,,
"06-Jun-16,19:09:20",618,0.378,0.073,,,,
"06-Jun-16,19:09:21",619,0.128,0.076,,,,
"06-Jun-16,19:09:22",620,0.049,0.052,,,,
"06-Jun-16,19:09:23",621,-0.007,0.051,,,,
"06-Jun-16,19:09:24",622,-0.047,-0.003,,,,
"06-Jun-16,19:09:25",623,-0.055,-0.031,,,,
"06-Jun-16,19:09:26",624,-0.004,-0.032,,,,
"06-Jun-16,19:09:27",625,-0.024,-0.003,,,,
"06-Jun-16,19:09:28",626,-0.028,0.001,,,,
"06-Jun-16,19:09:29",627,-0.025,-0.007,,,,
"06-Jun-16,19:09:30",628,-0.03,-0.007,,,,
"06-Jun-16,19:09:31",629,0.031,-0.016,,,,
"06-Jun-16,19:09:32",630,-0.014,-0.011,,,,
"06-Jun-16,19:09:33",631,-0.02,-0.004,,,,
"06-Jun-16,19:09:34",632,-0.027,-0.007,,,,
"06-Jun-16,19:09:35",633,-0.037,0.004,,,,
"06-Jun-16,19:09:36",634,-0.099,0.01,,,,
"06-Jun-16,19:09:37",635,-0.09,0.013,,,,
"06-Jun-16,19:09:38",636,-0.116,0.004,,,,
"06-Jun-16,19:09:39",637,-0.094,-0.017,,,,
"06-Jun-16,19:09:40",638,-0.124,-0.003,,,,
"06-Jun-16,19:09:41",639,-0.141,-0.006,,,,
"06-Jun-16,19:09:42",640,-0.127,-0.006,,,,
"06-Jun-16,19:09:43",641,-0.1,0.007,,,,
"06-Jun-16,19:09:44",642,-0.096,0.003,,,,
"06-Jun-16,19:09:45",643,-0.072,-0.006,,,,
"06-Jun-16,19:09:46",644,-0.065,-0.008,,,,
"06-Jun-16,19:09:47",645,-0.042,-0.014,,,,
"06-Jun-16,19:09:48",646,-0.054,-0.003,,,,
"06-Jun-16,19:09:49",647,-0.056,-0.004,,,,
"06-Jun-16,19:09:50",648,-0.059,-0.006,,,,
"06-Jun-16,19:09:51",649,-0.039,-0.007,,,,
"06-Jun-16,19:09:52",650,-0.073,-0.008,,,,
"06-Jun-16,19:09:53",651,-0.1,-0.007,,,,
"06-Jun-16,19:09:54",652,-0.087,0.006,,,,
"06-Jun-16,19:09:55",653,-0.099,0.021,,,,
"06-Jun-16,19:09:56",654,-0.093,0.006,,,,
"06-Jun-16,19:09:57",655,-0.093,-0.003,,,,
"06-Jun-16,19:09:58",656,-0.117,-0.001,,,,
"06-Jun-16,19:09:59",657,-0.082,0.007,,,,
"06-Jun-16,19:10:00",658,-0.097,0.006,,,,
"06-Jun-16,19:10:01",659,-0.089,0,,,,
"06-Jun-16,19:10:02",660,-0.116,0.004,,,,
"06-Jun-16,19:10:03",661,-0.087,0,,,,
"06-Jun-16,19:10:04",662,-0.066,-0.006,,,,
"06-Jun-16,19:10:05",663,-0.075,0,,,,
"06-Jun-16,19:10:06",664,-0.076,0.003,,,,
"06-Jun-16,19:10:07",665,-0.087,-0.004,,,,
"06-Jun-16,19:10:08",666,-0.092,-0.001,,,,
"06-Jun-16,19:10:09",667,-0.104,-0.008,,,,
"06-Jun-16,19:10:10",668,-0.096,-0.004,,,,
"06-Jun-16,19:10:11",669,-0.08,-0.008,,,,
"06-Jun-16,19:10:12",670,-0.075,-0.016,,,,
"06-Jun-16,19:10:13",671,-0.072,-0.016,,,,
"06-Jun-16,19:10:14",672,-0.07,-0.014,,,,
"06-Jun-16,19:10:15",673,-0.061,-0.018,,,,
"06-Jun-16,19:10:16",674,-0.07,-0.011,,,,
"06-Jun-16,19:10:17",675,-0.07,-0.013,,,,
"06-Jun-16,19:10:18",676,-0.066,-0.008,,,,
"06-Jun-16,19:10:19",677,-0.054,-0.007,,,,
"06-Jun-16,19:10:20",678,-0.051,-0.007,,,,
"06-Jun-16,19:10:21",679,-0.054,-0.011,,,,
"06-Jun-16,19:10:22",680,-0.055,-0.006,,,,
"06-Jun-16,19:10:23",681,-0.065,-0.004,,,,
"06-Jun-16,19:10:24",682,-0.052,-0.011,,,,
"06-Jun-16,19:10:25",683,-0.044,-0.011,,,,
"06-Jun-16,19:10:26",684,-0.048,-0.013,,,,
"06-Jun-16,19:10:27",685,-0.056,-0.014,,,,
"06-Jun-16,19:10:28",686,-0.047,-0.008,,,,
"06-Jun-16,19:10:29",687,-0.042,-0.014,,,,
"06-Jun-16,19:10:30",688,-0.041,-0.017,,,,
"06-Jun-16,19:10:31",689,-0.044,-0.013,,,,
"06-Jun-16,19:10:32",690,-0.042,-0.014,,,,
"06-Jun-16,19:10:33",691,-0.042,-0.016,,,,
"06-Jun-16,19:10:34",692,-0.055,-0.014,,,,
"06-Jun-16,19:10:35",693,-0.047,-0.018,,,,
"06-Jun-16,19:10:36",694,-0.047,-0.014,,,,
"06-Jun-16,19:10:37",695,-0.047,-0.014,,,,
"06-Jun-16,19:10:38",696,-0.045,-0.013,,,,
"06-Jun-16,19:10:39",697,-0.034,-0.013,,,,
"06-Jun-16,19:10:40",698,-0.039,-0.011,,,,
"06-Jun-16,19:10:41",699,-0.047,-0.011,,,,
"06-Jun-16,19:10:42",700,-0.049,-0.006,,,,
"06-Jun-16,19:10:43",701,-0.051,-0.01,,,,
"06-Jun-16,19:10:44",702,-0.055,-0.013,,,,
"06-Jun-16,19:10:45",703,-0.055,-0.018,,,,
"06-Jun-16,19:10:46",704,-0.052,-0.018,,,,
"06-Jun-16,19:10:47",705,-0.052,-0.014,,,,
"06-Jun-16,19:10:48",706,-0.049,-0.016,,,,
"06-Jun-16,19:10:49",707,-0.056,-0.01,,,,
"06-Jun-16,19:10:50",708,-0.062,-0.014,,,,
"06-Jun-16,19:10:51",709,-0.054,-0.008,,,,
"06-Jun-16,19:10:52",710,-0.058,-0.01,,,,
"06-Jun-16,19:10:53",711,-0.059,-0.008,,,,
"06-Jun-16,19:10:54",712,-0.065,-0.008,,,,
"06-Jun-16,19:10:55",713,-0.07,-0.016,,,,
"06-Jun-16,19:10:56",714,-0.069,-0.017,,,,
"06-Jun-16,19:10:57",715,-0.063,-0.016,,,,
"06-Jun-16,19:10:58",716,-0.065,-0.008,,,,
"06-Jun-16,19:10:59",717,-0.055,-0.008,,,,
"06-Jun-16,19:11:00",718,-0.059,-0.011,,,,
"06-Jun-16,19:11:01",719,-0.052,-0.01,,,,
"06-Jun-16,19:11:02",720,-0.051,-0.011,,,,
"06-Jun-16,19:11:03",721,-0.039,-0.014,,,,
"06-Jun-16,19:11:04",722,-0.028,-0.011,,,,
"06-Jun-16,19:11:05",723,-0.021,-0.011,,,,
"06-Jun-16,19:11:06",724,-0.028,-0.011,,,,
"06-Jun-16,19:11:07",725,-0.027,-0.014,,,,
"06-Jun-16,19:11:08",726,-0.03,-0.013,,,,
"06-Jun-16,19:11:09",727,-0.031,-0.01,,,,
"06-Jun-16,19:11:10",728,-0.021,-0.011,,,,
"06-Jun-16,19:11:11",729,-0.027,-0.011,,,,
"06-Jun-16,19:11:12",730,-0.027,-0.007,,,,
"06-Jun-16,19:11:13",731,-0.03,-0.004,,,,
"06-Jun-16,19:11:14",732,-0.028,-0.011,,,,
"06-Jun-16,19:11:15",733,-0.025,-0.013,,,,
"06-Jun-16,19:11:16",734,-0.02,-0.014,,,,
"06-Jun-16,19:11:17",735,-0.017,-0.013,,,,
"06-Jun-16,19:11:18",736,-0.021,-0.008,,,,
"06-Jun-16,19:11:19",737,-0.024,-0.01,,,,
"06-Jun-16,19:11:20",738,-0.02,-0.011,,,,
"06-Jun-16,19:11:21",739,-0.02,-0.008,,,,
"06-Jun-16,19:11:22",740,-0.016,-0.008,,,,
"06-Jun-16,19:11:23",741,-0.008,-0.008,,,,
"06-Jun-16,19:11:24",742,-0.013,-0.01,,,,
"06-Jun-16,19:11:25",743,-0.017,-0.017,,,,
"06-Jun-16,19:11:26",744,-0.013,-0.014,,,,
"06-Jun-16,19:11:27",745,-0.014,-0.01,,,,
"06-Jun-16,19:11:28",746,-0.02,-0.014,,,,
"06-Jun-16,19:11:29",747,-0.01,-0.013,,,,
"06-Jun-16,19:11:30",748,-0.01,-0.014,,,,
"06-Jun-16,19:11:31",749,-0.016,-0.016,,,,
"06-Jun-16,19:11:32",750,-0.013,-0.014,,,,
"06-Jun-16,19:11:33",751,-0.017,-0.008,,,,
"06-Jun-16,19:11:34",752,-0.007,-0.014,,,,
"06-Jun-16,19:11:35",753,-0.013,-0.013,,,,
"06-Jun-16,19:11:36",754,-0.013,-0.01,,,,
"06-Jun-16,19:11:37",755,-0.01,-0.011,,,,
"06-Jun-16,19:11:38",756,-0.016,-0.01,,,,
"06-Jun-16,19:11:39",757,-0.01,-0.017,,,,
"06-Jun-16,19:11:40",758,-0.004,-0.016,,,,
"06-Jun-16,19:11:41",759,-0.006,-0.011,,,,
"06-Jun-16,19:11:42",760,-0.007,-0.014,,,,
"06-Jun-16,19:11:43",761,-0.003,-0.011,,,,
"06-Jun-16,19:11:44",762,-0.011,-0.014,,,,
"06-Jun-16,19:11:45",763,-0.013,-0.013,,,,
"06-Jun-16,19:11:46",764,-0.014,-0.003,,,,
"06-Jun-16,19:11:47",765,-0.011,-0.003,,,,
"06-Jun-16,19:11:48",766,-0.013,-0.006,,,,
"06-Jun-16,19:11:49",767,-0.007,0.013,,,,
"06-Jun-16,19:11:50",768,-0.006,0.01,,,,
"06-Jun-16,19:11:51",769,-0.003,-0.001,,,,
"06-Jun-16,19:11:52",770,-0.004,-0.001,,,,
"06-Jun-16,19:11:53",771,0.003,13.903,,,,
"06-Jun-16,19:11:54",772,0.003,13.903,,,,
"06-Jun-16,19:11:55",773,-0.001,6.15,,,,
"06-Jun-16,19:11:56",774,0.001,6.15,,,,
"06-Jun-16,19:11:57",775,0,2.349,,,,
"06-Jun-16,19:11:58",776,0.017,2.349,,,,
"06-Jun-16,19:11:59",777,0.017,1.13,,,,
"06-Jun-16,19:12:00",778,9.135,0.865,,,,
"06-Jun-16,19:12:01",779,9.135,0.682,,,,
"06-Jun-16,19:12:02",780,2.727,0.544,,,,
"06-Jun-16,19:12:03",781,2.727,0.454,,,,
"06-Jun-16,19:12:04",782,1.368,0.389,,,,
"06-Jun-16,19:12:05",783,0.988,0.352,,,,
"06-Jun-16,19:12:06",784,0.7,0.302,,,,
"06-Jun-16,19:12:07",785,0.34,0.265,,,,
"06-Jun-16,19:12:08",786,0.248,0.214,,,,
"06-Jun-16,19:12:09",787,0.255,0.192,,,,
"06-Jun-16,19:12:10",788,0.257,0.194,,,,
"06-Jun-16,19:12:11",789,0.29,0.175,,,,
"06-Jun-16,19:12:12",790,0.293,0.156,,,,
"06-Jun-16,19:12:13",791,0.32,0.145,,,,
"06-Jun-16,19:12:14",792,0.307,0.131,,,,
"06-Jun-16,19:12:15",793,0.3,0.121,,,,
"06-Jun-16,19:12:16",794,0.278,0.11,,,,
"06-Jun-16,19:12:17",795,0.234,0.507,,,,
"06-Jun-16,19:12:18",796,0.187,0.204,,,,
"06-Jun-16,19:12:19",797,0.19,0.124,,,,
"06-Jun-16,19:12:20",798,0.189,0.089,,,,
"06-Jun-16,19:12:21",799,0.168,0.076,,,,
"06-Jun-16,19:12:22",800,0.163,0.083,,,,
"06-Jun-16,19:12:23",801,0.185,0.072,,,,
"06-Jun-16,19:12:24",802,0.178,0.073,,,,
"06-Jun-16,19:12:25",803,0.175,0.063,,,,
"06-Jun-16,19:12:26",804,0.163,0.054,,,,
"06-Jun-16,19:12:27",805,0.145,0.055,,,,
"06-Jun-16,19:12:28",806,0.131,0.061,,,,
"06-Jun-16,19:12:29",807,0.132,0.061,,,,
"06-Jun-16,19:12:30",808,0.137,0.041,,,,
"06-Jun-16,19:12:31",809,0.124,0.045,,,,
"06-Jun-16,19:12:32",810,0.128,0.03,,,,
"06-Jun-16,19:12:33",811,0.113,0.021,,,,
"06-Jun-16,19:12:34",812,0.109,0.025,,,,
"06-Jun-16,19:12:35",813,0.106,0.02,,,,
"06-Jun-16,19:12:36",814,0.109,0.02,,,,
"06-Jun-16,19:12:37",815,0.107,0.014,,,,
"06-Jun-16,19:12:38",816,0.1,0.014,,,,
"06-Jun-16,19:12:39",817,0.097,0.013,,,,
"06-Jun-16,19:12:40",818,0.089,0.01,,,,
"06-Jun-16,19:12:41",819,0.085,0.004,,,,
"06-Jun-16,19:12:42",820,0.072,0.006,,,,
"06-Jun-16,19:12:43",821,0.072,0.007,,,,
"06-Jun-16,19:12:44",822,0.07,0.013,,,,
"06-Jun-16,19:12:45",823,0.069,0.01,,,,
"06-Jun-16,19:12:46",824,0.066,0.007,,,,
"06-Jun-16,19:12:47",825,0.063,0.007,,,,
"06-Jun-16,19:12:48",826,0.061,0.011,,,,
"06-Jun-16,19:12:49",827,0.056,0.018,,,,
"06-Jun-16,19:12:50",828,0.056,0.021,,,,
"06-Jun-16,19:12:51",829,0.061,0.011,,,,
"06-Jun-16,19:12:52",830,0.055,0.004,,,,
"06-Jun-16,19:12:53",831,0.054,0.004,,,,
"06-Jun-16,19:12:54",832,0.051,0.017,,,,
"06-Jun-16,19:12:55",833,0.041,0.003,,,,
"06-Jun-16,19:12:56",834,0.044,-0.001,,,,
"06-Jun-16,19:12:57",835,0.042,0.003,,,,
"06-Jun-16,19:12:58",836,0.041,0.001,,,,
"06-Jun-16,19:12:59",837,0.042,-0.001,,,,
"06-Jun-16,19:13:00",838,0.037,-0.003,,,,
"06-Jun-16,19:13:01",839,0.039,0,,,,
"06-Jun-16,19:13:02",840,0.037,0,,,,
"06-Jun-16,19:13:03",841,0.035,0.001,,,,
"06-Jun-16,19:13:04",842,0.038,0,,,,
"06-Jun-16,19:13:05",843,0.039,0.014,,,,
"06-Jun-16,19:13:06",844,0.044,0.011,,,,
"06-Jun-16,19:13:07",845,0.045,0.001,,,,
"06-Jun-16,19:13:08",846,0.039,0.007,,,,
"06-Jun-16,19:13:09",847,0.028,-0.003,,,,
"06-Jun-16,19:13:10",848,0.035,0,,,,
"06-Jun-16,19:13:11",849,0.025,0.007,,,,
"06-Jun-16,19:13:12",850,0.032,-0.001,,,,
"06-Jun-16,19:13:13",851,0.031,0,,,,
"06-Jun-16,19:13:14",852,0.03,0.004,,,,
"06-Jun-16,19:13:15",853,0.025,0.003,,,,
"06-Jun-16,19:13:16",854,0.023,0.006,,,,
"06-Jun-16,19:13:17",855,0.021,0.013,,,,
"06-Jun-16,19:13:18",856,0.023,0.008,,,,
"06-Jun-16,19:13:19",857,0.023,-0.004,,,,
"06-Jun-16,19:13:20",858,0.016,-0.007,,,,
"06-Jun-16,19:13:21",859,0.016,0.054,,,,
"06-Jun-16,19:13:22",860,0.024,0.054,,,,
"06-Jun-16,19:13:23",861,0.023,0.324,,,,
"06-Jun-16,19:13:24",862,0.017,0.109,,,,
"06-Jun-16,19:13:25",863,0.016,0.027,,,,
"06-Jun-16,19:13:26",864,0.014,-0.027,,,,
"06-Jun-16,19:13:27",865,0.013,-0.037,,,,
"06-Jun-16,19:13:28",866,0.014,-0.037,,,,
"06-Jun-16,19:13:29",867,0.008,-0.038,,,,
"06-Jun-16,19:13:30",868,0.011,-0.042,,,,
"06-Jun-16,19:13:31",869,0.008,-0.072,,,,
"06-Jun-16,19:13:32",870,0.011,-0.076,,,,
"06-Jun-16,19:13:33",871,0.008,-0.08,,,,
"06-Jun-16,19:13:34",872,0.01,-0.068,,,,
"06-Jun-16,19:13:35",873,0.013,-0.086,,,,
"06-Jun-16,19:13:36",874,0.016,-0.073,,,,
"06-Jun-16,19:13:37",875,0.017,-0.062,,,,
"06-Jun-16,19:13:38",876,0.011,-0.044,,,,
"06-Jun-16,19:13:39",877,0.014,-0.039,,,,
"06-Jun-16,19:13:40",878,0.008,-0.044,,,,
"06-Jun-16,19:13:41",879,0.008,-0.014,,,,
"06-Jun-16,19:13:42",880,0.006,-0.03,,,,
"06-Jun-16,19:13:43",881,0.007,-0.014,,,,
"06-Jun-16,19:13:44",882,0.01,-0.023,,,,
"06-Jun-16,19:13:45",883,0.004,-0.023,,,,
"06-Jun-16,19:13:46",884,0.006,16.198,,,,
"06-Jun-16,19:13:47",885,0.006,16.198,,,,
"06-Jun-16,19:13:48",886,0.006,26.444,,,,
"06-Jun-16,19:13:49",887,0.007,26.444,,,,
"06-Jun-16,19:13:50",888,0.008,31.343,,,,
"06-Jun-16,19:13:51",889,0.011,31.343,,,,
"06-Jun-16,19:13:52",890,0.008,36.418,,,,
"06-Jun-16,19:13:53",891,0.011,36.418,,,,
"06-Jun-16,19:13:54",892,0.008,34.202,,,,
"06-Jun-16,19:13:55",893,0.01,34.202,,,,
"06-Jun-16,19:13:56",894,0.006,30.696,,,,
"06-Jun-16,19:13:57",895,0.007,30.696,,,,
"06-Jun-16,19:13:58",896,0.011,30.642,,,,
"06-Jun-16,19:13:59",897,0.007,30.642,,,,
"06-Jun-16,19:14:00",898,0.01,30.562,,,,
"06-Jun-16,19:14:01",899,0.008,30.562,,,,
"06-Jun-16,19:14:02",900,0.01,31.661,,,,
"06-Jun-16,19:14:03",901,0.001,31.661,,,,
"06-Jun-16,19:14:04",902,0.004,31.894,,,,
"06-Jun-16,19:14:05",903,0.007,31.894,,,,
"06-Jun-16,19:14:06",904,0.007,10.93,,,,
"06-Jun-16,19:14:07",905,0.001,10.93,,,,
"06-Jun-16,19:14:08",906,0.001,2.507,,,,
"06-Jun-16,19:14:09",907,-0.004,2.507,,,,
"06-Jun-16,19:14:10",908,-0.004,0.847,,,,
"06-Jun-16,19:14:11",909,-0.007,0.589,,,,
"06-Jun-16,19:14:12",910,-0.006,0.44,,,,
"06-Jun-16,19:14:13",911,-0.004,0.342,,,,
"06-Jun-16,19:14:14",912,-0.003,0.293,,,,
"06-Jun-16,19:14:15",913,-0.003,0.244,,,,
"06-Jun-16,19:14:16",914,-0.001,0.207,,,,
"06-Jun-16,19:14:17",915,-0.004,0.185,,,,
"06-Jun-16,19:14:18",916,-0.006,0.158,,,,
"06-Jun-16,19:14:19",917,-0.004,0.134,,,,
"06-Jun-16,19:14:20",918,-0.006,0.121,,,,
"06-Jun-16,19:14:21",919,-0.008,0.106,,,,
"06-Jun-16,19:14:22",920,-0.003,0.094,,,,
"06-Jun-16,19:14:23",921,-0.004,0.086,,,,
"06-Jun-16,19:14:24",922,-0.007,0.076,,,,
"06-Jun-16,19:14:25",923,-0.014,0.069,,,,
"06-Jun-16,19:14:26",924,-0.01,0.059,,,,
"06-Jun-16,19:14:27",925,-0.011,0.052,,,,
"06-Jun-16,19:14:28",926,-0.014,0.039,,,,
"06-Jun-16,19:14:29",927,-0.01,0.044,,,,
"06-Jun-16,19:14:30",928,-0.011,0.044,,,,
"06-Jun-16,19:14:31",929,-0.011,0.044,,,,
"06-Jun-16,19:14:32",930,-0.007,0.035,,,,
"06-Jun-16,19:14:33",931,-0.01,0.037,,,,
"06-Jun-16,19:14:34",932,-0.008,0.031,,,,
"06-Jun-16,19:14:35",933,-0.01,0.021,,,,
"06-Jun-16,19:14:36",934,-0.007,0.017,,,,
"06-Jun-16,19:14:37",935,-0.013,0.023,,,,
"06-Jun-16,19:14:38",936,-0.013,0.017,,,,
"06-Jun-16,19:14:39",937,-0.013,0.013,,,,
"06-Jun-16,19:14:40",938,-0.011,0.008,,,,
"06-Jun-16,19:14:41",939,-0.008,0.013,,,,
"06-Jun-16,19:14:42",940,-0.007,0.017,,,,
"06-Jun-16,19:14:43",941,-0.008,0.007,,,,
"06-Jun-16,19:14:44",942,-0.003,-0.001,,,,
"06-Jun-16,19:14:45",943,-0.004,0,,,,
"06-Jun-16,19:14:46",944,-0.006,0.003,,,,
"06-Jun-16,19:14:47",945,-0.006,0.001,,,,
"06-Jun-16,19:14:48",946,-0.003,-0.004,,,,
"06-Jun-16,19:14:49",947,-0.006,0.004,,,,
"06-Jun-16,19:14:50",948,-0.001,-0.01,,,,
"06-Jun-16,19:14:51",949,-0.006,-0.006,,,,
"06-Jun-16,19:14:52",950,0.003,0,,,,
"06-Jun-16,19:14:53",951,-0.003,0,,,,
"06-Jun-16,19:14:54",952,-0.004,-0.001,,,,
"06-Jun-16,19:14:55",953,-0.004,-0.007,,,,
"06-Jun-16,19:14:56",954,-0.004,0.011,,,,
"06-Jun-16,19:14:57",955,0.003,0.01,,,,
"06-Jun-16,19:14:58",956,-0.004,-0.004,,,,
"06-Jun-16,19:14:59",957,-0.006,-0.016,,,,
"06-Jun-16,19:15:00",958,-0.011,-0.013,,,,
"06-Jun-16,19:15:01",959,-0.011,-0.007,,,,
"06-Jun-16,19:15:02",960,-0.01,-0.011,,,,
"06-Jun-16,19:15:03",961,-0.011,-0.007,,,,
"06-Jun-16,19:15:04",962,-0.011,-0.008,,,,
"06-Jun-16,19:15:05",963,-0.004,-0.01,,,,
"06-Jun-16,19:15:06",964,-0.007,-0.006,,,,
"06-Jun-16,19:15:07",965,-0.008,-0.013,,,,
"06-Jun-16,19:15:08",966,-0.011,-0.011,,,,
"06-Jun-16,19:15:09",967,-0.007,-0.011,,,,
"06-Jun-16,19:15:10",968,-0.008,-0.008,,,,
"06-Jun-16,19:15:11",969,-0.007,-0.01,,,,
"06-Jun-16,19:15:12",970,-0.008,-0.01,,,,
"06-Jun-16,19:15:13",971,-0.003,-0.011,,,,
"06-Jun-16,19:15:14",972,-0.008,-0.011,,,,
"06-Jun-16,19:15:15",973,-0.008,-0.01,,,,
"06-Jun-16,19:15:16",974,-0.008,-0.01,,,,
"06-Jun-16,19:15:17",975,-0.008,-0.007,,,,
"06-Jun-16,19:15:18",976,-0.007,0.003,,,,
"06-Jun-16,19:15:19",977,-0.007,0.003,,,,
"06-Jun-16,19:15:20",978,-0.006,7.26,,,,
"06-Jun-16,19:15:21",979,-0.006,7.26,,,,
"06-Jun-16,19:15:22",980,-0.011,11.485,,,,
"06-Jun-16,19:15:23",981,-0.011,11.485,,,,
"06-Jun-16,19:15:24",982,-0.007,12.071,,,,
"06-Jun-16,19:15:25",983,-0.008,11.939,,,,
"06-Jun-16,19:15:26",984,-0.01,11.939,,,,
"06-Jun-16,19:15:27",985,-0.011,12.474,,,,
"06-Jun-16,19:15:28",986,-0.003,12.474,,,,
"06-Jun-16,19:15:29",987,-0.007,13.97,,,,
"06-Jun-16,19:15:30",988,-0.006,13.97,,,,
"06-Jun-16,19:15:31",989,-0.007,9.33,,,,
"06-Jun-16,19:15:32",990,-0.007,9.33,,,,
"06-Jun-16,19:15:33",991,-0.008,7.417,,,,
"06-Jun-16,19:15:34",992,-0.011,7.577,,,,
"06-Jun-16,19:15:35",993,-0.011,7.577,,,,
"06-Jun-16,19:15:36",994,-0.011,9.53,,,,
"06-Jun-16,19:15:37",995,-0.016,9.53,,,,
"06-Jun-16,19:15:38",996,-0.004,11.114,,,,
"06-Jun-16,19:15:39",997,-0.01,11.114,,,,
"06-Jun-16,19:15:40",998,-0.008,8.972,,,,
"06-Jun-16,19:15:41",999,-0.01,9.137,,,,
"06-Jun-16,19:15:42",1000,-0.008,9.137,,,,
