Time,HF from Skin Temp Vic 1,HF from Skin Temp Vic 3,"Vic 1, surface necrosis","Vic 3, surface necrosis","Vic 1, 2 mm necrosis","Vic 3, 2 mm Necrosis","Vic 1, 10 mm necrosis","Vic 3, 10 mm necrosis",Vic 1 necrosis depth,Vic 3 necrosis depth
-5.016666666666667,0,0,1.379761677906515e-07,1.379761677906515e-07,1.379761677906672e-07,1.379761677906672e-07,1.3797616779067115e-07,1.3797616779067115e-07,0.0,0
-4.983333333333333,0,0,2.7620413665593826e-07,2.7620413665593826e-07,2.762482956993776e-07,2.762482956993776e-07,2.762484405336017e-07,2.762484405336017e-07,0.0,0
-4.95,0,0,4.147054417152311e-07,4.147054417152311e-07,4.1481590103937206e-07,4.1481590103937206e-07,4.1481667585806345e-07,4.1481667585806345e-07,0.0,0
-4.916666666666667,0,0,5.534857335929898e-07,5.534857335929898e-07,5.536783712854938e-07,5.536783712854938e-07,5.536807298163182e-07,5.536807298163182e-07,0.0,0
-4.883333333333334,0,0,6.925477149589597e-07,6.925477149589597e-07,6.928350583114674e-07,6.928350583114674e-07,6.92840456890309e-07,6.92840456890309e-07,0.0,0
-4.8500000000000005,0,0,8.318930126725052e-07,8.318930126725052e-07,8.32285345101048e-07,8.32285345101048e-07,8.322957099983603e-07,8.322957099983603e-07,0.0,0
-4.816666666666667,0,0,9.715227194476716e-07,9.715227194476716e-07,9.72028677554352e-07,9.72028677554352e-07,9.720463405018451e-07,9.720463405018451e-07,0.0,0
-4.783333333333334,0,0,1.1114376167580034e-06,1.1114376167580034e-06,1.1120645722908145e-06,1.1120645722908145e-06,1.112092198211852e-06,1.112092198211852e-06,0.0,0
-4.750000000000001,0,0,1.251638285757218e-06,1.251638285757218e-06,1.2523926120949007e-06,1.2523926120949007e-06,1.2524331313958095e-06,1.2524331313958095e-06,0.0,0
-4.716666666666668,0,0,1.3921251695230768e-06,1.3921251695230768e-06,1.3930124365929682e-06,1.3930124365929682e-06,1.3930689867840696e-06,1.3930689867840696e-06,0.0,0
-4.6833333333333345,0,0,1.5328986110433877e-06,1.5328986110433877e-06,1.5339237321057406e-06,1.5339237321057406e-06,1.5339996095763125e-06,1.5339996095763125e-06,0.0,0
-4.650000000000001,0,0,1.6739588778866944e-06,1.6739588778866944e-06,1.6751262223792381e-06,1.6751262223792381e-06,1.6752248434478014e-06,1.6752248434478014e-06,0.0,0
-4.616666666666668,0,0,1.8153061790150843e-06,1.8153061790150843e-06,1.816619660742329e-06,1.816619660742329e-06,1.8167445305553898e-06,1.8167445305553898e-06,0.0,0
-4.583333333333335,0,0,1.956940676690278e-06,1.956940676690278e-06,1.9584038237188597e-06,1.9584038237188597e-06,1.9585585115431655e-06,1.9585585115431655e-06,0.0,0
-4.550000000000002,0,0,2.0988624951735337e-06,2.0988624951735337e-06,2.1004785059236457e-06,2.1004785059236457e-06,2.1006666255477203e-06,2.1006666255477203e-06,0.0,0
-4.516666666666668,0,0,2.2410717272509768e-06,2.2410717272509768e-06,2.242843516021315e-06,2.242843516021315e-06,2.2430687102028754e-06,2.2430687102028754e-06,0.0,0
-4.483333333333335,0,0,2.3835684392372373e-06,2.3835684392372373e-06,2.385498673537429e-06,2.385498673537429e-06,2.3857646016439173e-06,2.3857646016439173e-06,0.0,0
-4.450000000000002,0,0,2.526352674885711e-06,2.526352674885711e-06,2.5284438063420536e-06,2.5284438063420536e-06,2.5287541345111773e-06,2.5287541345111773e-06,0.0,0
-4.416666666666669,0,0,2.669424458494969e-06,2.669424458494969e-06,2.671678748660221e-06,2.671678748660221e-06,2.672037141953014e-06,2.672037141953014e-06,0.0,0
-4.3833333333333355,0,0,2.8127837974123547e-06,2.8127837974123547e-06,2.8152033394941485e-06,2.8152033394941485e-06,2.8156134556281634e-06,2.8156134556281634e-06,0.0,0
-4.350000000000002,0,0,2.956430684077656e-06,2.956430684077656e-06,2.959017421367534e-06,2.959017421367534e-06,2.9594829057074664e-06,2.9594829057074664e-06,0.0,0
-4.316666666666669,0,0,3.1003650977103535e-06,3.1003650977103535e-06,3.1031208393224624e-06,3.1031208393224624e-06,3.103645320875081e-06,3.103645320875081e-06,0.0,0
-4.283333333333336,0,0,3.244587005716691e-06,3.244587005716691e-06,3.2475134401151167e-06,3.2475134401151167e-06,3.2481005283292177e-06,3.2481005283292177e-06,0.0,0
-4.250000000000003,0,0,3.3890963648741217e-06,3.3890963648741217e-06,3.3921950715685958e-06,3.3921950715685958e-06,3.3928483537824597e-06,3.3928483537824597e-06,0.0,0
-4.2166666666666694,0,0,3.53389312233649e-06,3.53389312233649e-06,3.537165582050496e-06,3.537165582050496e-06,3.537888621461809e-06,3.537888621461809e-06,0.0,0
-4.183333333333336,0,0,3.6789772164936455e-06,3.6789772164936455e-06,3.6824248200500384e-06,3.6824248200500384e-06,3.6832211541085325e-06,3.6832211541085325e-06,0.0,0
-4.150000000000003,0,0,3.824348577711686e-06,3.824348577711686e-06,3.827972633834948e-06,3.827972633834948e-06,3.82884577297799e-06,3.82884577297799e-06,0.0,0
-4.11666666666667,0,0,3.970007128974464e-06,3.970007128974464e-06,3.97380887117246e-06,3.97380887117246e-06,3.974762297839481e-06,3.974762297839481e-06,0.0,0
-4.083333333333337,0,0,4.115952786442839e-06,4.115952786442839e-06,4.119933379102323e-06,4.119933379102323e-06,4.120970546976197e-06,4.120970546976197e-06,0.0,0
-4.050000000000003,0,0,4.262185459944849e-06,4.262185459944849e-06,4.266346003751873e-06,4.266346003751873e-06,4.267470337185497e-06,4.267470337185497e-06,0.0,0
-4.01666666666667,0,0,4.40870505340762e-06,4.40870505340762e-06,4.41304659018549e-06,4.41304659018549e-06,4.414261483779476e-06,4.414261483779476e-06,0.0,0
-3.983333333333337,0,0,4.5555114652395556e-06,4.5555114652395556e-06,4.560034982282116e-06,4.560034982282116e-06,4.5613438005859184e-06,4.5613438005859184e-06,0.0,0
-3.9500000000000037,0,0,4.7026045886702595e-06,4.7026045886702595e-06,4.707311022635891e-06,4.707311022635891e-06,4.708717099949797e-06,4.708717099949797e-06,0.0,0
-3.9166666666666705,0,0,4.8499843120539196e-06,4.8499843120539196e-06,4.8548745524757495e-06,4.8548745524757495e-06,4.8563811927352315e-06,4.8563811927352315e-06,0.0,0
-3.8833333333333373,0,0,4.9976505191412845e-06,4.9976505191412845e-06,5.002725411600692e-06,5.002725411600692e-06,5.004335888328044e-06,5.004335888328044e-06,0.0,0
-3.850000000000004,0,0,5.145603089324376e-06,5.145603089324376e-06,5.150863438328034e-06,5.150863438328034e-06,5.152580994638893e-06,5.152580994638893e-06,0.0,0
-3.816666666666671,0,0,5.293841897857249e-06,5.293841897857249e-06,5.299288469452494e-06,5.299288469452494e-06,5.301116318106978e-06,5.301116318106978e-06,0.0,0
-3.7833333333333377,0,0,5.442366816056076e-06,5.442366816056076e-06,5.44800034021422e-06,5.44800034021422e-06,5.449941663704427e-06,5.449941663704427e-06,0.0,0
-3.7500000000000044,0,0,5.591177711480888e-06,5.591177711480888e-06,5.596998884274251e-06,5.596998884274251e-06,5.599056834941211e-06,5.599056834941211e-06,0.0,0
-3.7166666666666712,0,0,5.740274448101197e-06,5.740274448101197e-06,5.7462839336962835e-06,5.7462839336962835e-06,5.748461633870662e-06,5.748461633870662e-06,0.0,0
-3.683333333333338,0,0,5.889656886447316e-06,5.889656886447316e-06,5.895855318933607e-06,5.895855318933607e-06,5.898155861095598e-06,5.898155861095598e-06,0.0,0
-3.650000000000005,0,0,6.039324883749048e-06,6.039324883749048e-06,6.045712868820404e-06,6.045712868820404e-06,6.048139315774932e-06,6.048139315774932e-06,0.0,0
-3.6166666666666716,0,0,6.189278294063093e-06,6.189278294063093e-06,6.195856410566728e-06,6.195856410566728e-06,6.198411795630859e-06,6.198411795630859e-06,0.0,0
-3.5833333333333384,0,0,6.339516968390393e-06,6.339516968390393e-06,6.346285769756524e-06,6.346285769756524e-06,6.348973096956475e-06,6.348973096956475e-06,0.0,0
-3.550000000000005,0,0,6.490040754784432e-06,6.490040754784432e-06,6.49700077034815e-06,6.49700077034815e-06,6.499823014623895e-06,6.499823014623895e-06,0.0,0
-3.516666666666672,0,0,6.640849498451504e-06,6.640849498451504e-06,6.648001234677131e-06,6.648001234677131e-06,6.6509613420927316e-06,6.6509613420927316e-06,0.0,0
-3.4833333333333387,0,0,6.7919430418436074e-06,6.7919430418436074e-06,6.799286983460637e-06,6.799286983460637e-06,6.802387871418968e-06,6.802387871418968e-06,0.0,0
-3.4500000000000055,0,0,6.943321224744853e-06,6.943321224744853e-06,6.950857835803473e-06,6.950857835803473e-06,6.954102393264195e-06,6.954102393264195e-06,0.0,0
-3.4166666666666723,0,0,7.094983884351863e-06,7.094983884351863e-06,7.102713609205319e-06,7.102713609205319e-06,7.106104696905133e-06,7.106104696905133e-06,0.0,0
-3.383333333333339,0,0,7.246930855348785e-06,7.246930855348785e-06,7.254854119568962e-06,7.254854119568962e-06,7.258394570243417e-06,7.258394570243417e-06,0.0,0
-3.350000000000006,0,0,7.399161969977469e-06,7.399161969977469e-06,7.407279181209422e-06,7.407279181209422e-06,7.4109717998156e-06,7.4109717998156e-06,0.0,0
-3.3166666666666726,0,0,7.551677058103135e-06,7.551677058103135e-06,7.559988606863737e-06,7.559988606863737e-06,7.563836170803408e-06,7.563836170803408e-06,0.0,0
-3.2833333333333394,0,0,7.704475947275987e-06,7.704475947275987e-06,7.712982207701357e-06,7.712982207701357e-06,7.716987467044125e-06,7.716987467044125e-06,0.0,0
-3.250000000000006,0,0,7.857558462789139e-06,7.857558462789139e-06,7.86625979333495e-06,7.86625979333495e-06,7.87042547104106e-06,7.87042547104106e-06,0.0,0
-3.216666666666673,0,0,8.01092442773313e-06,8.01092442773313e-06,8.019821171831623e-06,8.019821171831623e-06,8.024149963974276e-06,8.024149963974276e-06,0.0,0
-3.18333333333334,0,0,8.164573663047314e-06,8.164573663047314e-06,8.173666149724417e-06,8.173666149724417e-06,8.178160725711244e-06,8.178160725711244e-06,0.0,0
-3.1500000000000066,0,0,8.318505987568399e-06,8.318505987568399e-06,8.327794532024005e-06,8.327794532024005e-06,8.332457534817668e-06,8.332457534817668e-06,0.0,0
-3.1166666666666734,0,0,8.472721218076327e-06,8.472721218076327e-06,8.482206122230567e-06,8.482206122230567e-06,8.48704016856828e-06,8.48704016856828e-06,0.0,0
-3.08333333333334,0,0,8.62721916933782e-06,8.62721916933782e-06,8.636900722345818e-06,8.636900722345818e-06,8.64190840295769e-06,8.64190840295769e-06,0.0,0
-3.050000000000007,0,0,8.781999654147586e-06,8.781999654147586e-06,8.791878132885035e-06,8.791878132885035e-06,8.797062012711198e-06,8.797062012711198e-06,0.0,0
-3.0166666666666737,0,0,8.93706248336752e-06,8.93706248336752e-06,8.94713815288921e-06,8.94713815288921e-06,8.952500771295655e-06,8.952500771295655e-06,0.0,0
-2.9833333333333405,0,0,9.092407465963938e-06,9.092407465963938e-06,9.102680579937195e-06,9.102680579937195e-06,9.108224450930208e-06,9.108224450930208e-06,0.0,0
-2.9500000000000073,0,0,9.248034409043118e-06,9.248034409043118e-06,9.258505210157775e-06,9.258505210157775e-06,9.26423282259706e-06,9.26423282259706e-06,0.0,0
-2.916666666666674,0,0,9.403943117885107e-06,9.403943117885107e-06,9.41461183824181e-06,9.41461183824181e-06,9.420525656052141e-06,9.420525656052141e-06,0.0,0
-2.883333333333341,0,0,9.560133395976084e-06,9.560133395976084e-06,9.571000257454242e-06,9.571000257454242e-06,9.57710271983574e-06,9.57710271983574e-06,0.0,0
-2.8500000000000076,0,0,9.716605045039247e-06,9.716605045039247e-06,9.727670259646108e-06,9.727670259646108e-06,9.733963781283013e-06,9.733963781283013e-06,0.0,0
-2.8166666666666744,0,0,9.873357865064425e-06,9.873357865064425e-06,9.884621635266429e-06,9.884621635266429e-06,9.891108606534462e-06,9.891108606534462e-06,0.0,0
-2.783333333333341,0,0,1.0030391654336404e-05,1.0030391654336404e-05,1.0041854173374058e-05,1.0041854173374058e-05,1.004853696054623e-05,1.004853696054623e-05,0.0,0
-2.750000000000008,0,0,1.0187706209462136e-05,1.0187706209462136e-05,1.019936766164937e-05,1.019936766164937e-05,1.0206248607100413e-05,1.0206248607100413e-05,0.0,0
-2.716666666666675,0,0,1.0345301325396851e-05,1.0345301325396851e-05,1.0357161886405944e-05,1.0357161886405944e-05,1.036424330881519e-05,1.036424330881519e-05,0.0,0
-2.6833333333333416,0,0,1.0503176795469187e-05,1.0503176795469187e-05,1.0515236632602105e-05,1.0515236632602105e-05,1.0522520827154859e-05,1.0522520827154859e-05,0.0,0
-2.6500000000000083,0,0,1.0661332411405378e-05,1.0661332411405378e-05,1.0673591683852322e-05,1.0673591683852322e-05,1.0681080922439788e-05,1.0681080922439788e-05,0.0,0
-2.616666666666675,0,0,1.0819767963352547e-05,1.0819767963352547e-05,1.0832226822438531e-05,1.0832226822438531e-05,1.0839923353856234e-05,1.0839923353856234e-05,0.0,0
-2.583333333333342,0,0,1.0978483239901176e-05,1.0978483239901176e-05,1.0991141829321374e-05,1.0991141829321374e-05,1.0999047879466018e-05,1.0999047879466018e-05,0.0,0
-2.5500000000000087,0,0,1.1137478028106796e-05,1.1137478028106796e-05,1.1150336484151272e-05,1.1150336484151272e-05,1.1158454256216134e-05,1.1158454256216134e-05,0.0,0
-2.5166666666666755,0,0,1.1296752113510935e-05,1.1296752113510935e-05,1.1309810565279418e-05,1.1309810565279418e-05,1.1318142239948204e-05,1.1318142239948204e-05,0.0,0
-2.4833333333333423,0,0,1.1456305280161429e-05,1.1456305280161429e-05,1.146956384976867e-05,1.146956384976867e-05,1.1478111585407858e-05,1.1478111585407858e-05,0.0,0
-2.450000000000009,0,0,1.1616137310632018e-05,1.1616137310632018e-05,1.1629596113404281e-05,1.1629596113404281e-05,1.1638362046253958e-05,1.1638362046253958e-05,0.0,0
-2.416666666666676,0,0,1.1776247986041368e-05,1.1776247986041368e-05,1.178990713070456e-05,1.178990713070456e-05,1.179889337506773e-05,1.179889337506773e-05,0.0,0
-2.3833333333333426,0,0,1.1936637086071527e-05,1.1936637086071527e-05,1.195049667493143e-05,1.195049667493143e-05,1.1959705323361743e-05,1.1959705323361743e-05,0.0,0
-2.3500000000000094,0,0,1.20973043889858e-05,1.20973043889858e-05,1.2111364518100813e-05,1.2111364518100813e-05,1.21207976415888e-05,1.21207976415888e-05,0.0,0
-2.316666666666676,0,0,1.2258249671646166e-05,1.2258249671646166e-05,1.2272510430992976e-05,1.2272510430992976e-05,1.2282170079150767e-05,1.2282170079150767e-05,0.0,0
-2.283333333333343,0,0,1.2419472709530156e-05,1.2419472709530156e-05,1.2433934183162736e-05,1.2433934183162736e-05,1.2443822384407182e-05,1.2443822384407182e-05,0.0,0
-2.2500000000000098,0,0,1.2580973276747305e-05,1.2580973276747305e-05,1.2595635542949553e-05,1.2595635542949553e-05,1.260575430468386e-05,1.260575430468386e-05,0.0,0
-2.2166666666666766,0,0,1.2742751146055154e-05,1.2742751146055154e-05,1.2757614277487556e-05,1.2757614277487556e-05,1.2767965586281316e-05,1.2767965586281316e-05,0.0,0
-2.1833333333333433,0,0,1.2904806088874842e-05,1.2904806088874842e-05,1.2919870152715422e-05,1.2919870152715422e-05,1.293045597448312e-05,1.293045597448312e-05,0.0,0
-2.15000000000001,0,0,1.306713787530633e-05,1.306713787530633e-05,1.3082402933386182e-05,1.3082402933386182e-05,1.3093225213564155e-05,1.3093225213564155e-05,0.0,0
-2.116666666666677,0,0,1.3229746274143197e-05,1.3229746274143197e-05,1.3245212383076921e-05,1.3245212383076921e-05,1.3256273046798775e-05,1.3256273046798775e-05,0.0,0
-2.0833333333333437,0,0,1.3392631052887171e-05,1.3392631052887171e-05,1.34082982641984e-05,1.34082982641984e-05,1.3419599216468831e-05,1.3419599216468831e-05,0.0,0
-2.0500000000000105,0,0,1.3555791977762227e-05,1.3555791977762227e-05,1.3571660338004526e-05,1.3571660338004526e-05,1.3583203463871628e-05,1.3583203463871628e-05,0.0,0
-2.0166666666666773,0,0,1.371922881372847e-05,1.371922881372847e-05,1.3735298364601797e-05,1.3735298364601797e-05,1.3747085529327785e-05,1.3747085529327785e-05,0.0,0
-1.9833333333333438,0,0,1.3882941324495575e-05,1.3882941324495575e-05,1.3899212102958622e-05,1.3899212102958622e-05,1.3911245152189047e-05,1.3911245152189047e-05,0.0,0
-1.9500000000000104,0,0,1.4046929272536107e-05,1.4046929272536107e-05,1.4063401310914576e-05,1.4063401310914576e-05,1.4075682070845921e-05,1.4075682070845921e-05,0.0,0
-1.916666666666677,0,0,1.4211192419098465e-05,1.4211192419098465e-05,1.422786574518952e-05,1.422786574518952e-05,1.42403960227353e-05,1.42403960227353e-05,0.0,0
-1.8833333333333435,0,0,1.4375730524219535e-05,1.4375730524219535e-05,1.4392605161392711e-05,1.4392605161392711e-05,1.440538674434799e-05,1.440538674434799e-05,0.0,0
-1.85000000000001,0,0,1.4540543346737172e-05,1.4540543346737172e-05,1.4557619314031758e-05,1.4557619314031758e-05,1.4570653971236132e-05,1.4570653971236132e-05,0.0,0
-1.8166666666666766,0,0,1.4705630644302412e-05,1.4705630644302412e-05,1.4722907956521526e-05,1.4722907956521526e-05,1.4736197438020584e-05,1.4736197438020584e-05,0.0,0
-1.7833333333333432,0,0,1.4870992173391443e-05,1.4870992173391443e-05,1.4888470841192966e-05,1.4888470841192966e-05,1.4902016878398187e-05,1.4902016878398187e-05,0.0,0
-1.7500000000000098,0,0,1.5036627689317354e-05,1.5036627689317354e-05,1.5054307719301895e-05,1.5054307719301895e-05,1.5068112025148998e-05,1.5068112025148998e-05,0.0,0
-1.7166666666666763,0,0,1.520253694624173e-05,1.520253694624173e-05,1.5220418341037637e-05,1.5220418341037637e-05,1.5234482610143414e-05,1.5234482610143414e-05,0.0,0
-1.683333333333343,0,0,1.5368719697185957e-05,1.5368719697185957e-05,1.5386802455531614e-05,1.5386802455531614e-05,1.5401128364349275e-05,1.5401128364349275e-05,0.0,0
-1.6500000000000095,0,0,1.553517569404242e-05,1.553517569404242e-05,1.5553459810865905e-05,1.5553459810865905e-05,1.5568049017838868e-05,1.5568049017838868e-05,0.0,0
-1.616666666666676,0,0,1.5701904687585457e-05,1.5701904687585457e-05,1.5720390154081702e-05,1.5720390154081702e-05,1.5735244299795865e-05,1.5735244299795865e-05,0.0,0
-1.5833333333333426,0,0,1.5868906427482166e-05,1.5868906427482166e-05,1.5887593231187666e-05,1.5887593231187666e-05,1.5902713938522224e-05,1.5902713938522224e-05,0.0,0
-1.5500000000000091,0,0,1.6036180662303036e-05,1.6036180662303036e-05,1.6055068787168298e-05,1.6055068787168298e-05,1.6070457661445013e-05,1.6070457661445013e-05,0.0,0
-1.5166666666666757,0,0,1.620372713953244e-05,1.620372713953244e-05,1.6222816565992142e-05,1.6222816565992142e-05,1.623847519512317e-05,1.623847519512317e-05,0.0,0
-1.4833333333333423,0,0,1.6371545605578945e-05,1.6371545605578945e-05,1.6390836310620034e-05,1.6390836310620034e-05,1.640676626525424e-05,1.640676626525424e-05,0.0,0
-1.4500000000000088,0,0,1.653963580578542e-05,1.653963580578542e-05,1.6559127763013194e-05,1.6559127763013194e-05,1.6575330596681015e-05,1.6575330596681015e-05,0.0,0
-1.4166666666666754,0,0,1.6707997484439124e-05,1.6707997484439124e-05,1.6727690664141304e-05,1.6727690664141304e-05,1.674416791339815e-05,1.674416791339815e-05,0.0,0
-1.383333333333342,0,0,1.6876630384781568e-05,1.6876630384781568e-05,1.689652475399053e-05,1.689652475399053e-05,1.6913277938558743e-05,1.6913277938558743e-05,0.0,0
-1.3500000000000085,0,0,1.7045534249018248e-05,1.7045534249018248e-05,1.706562977157147e-05,1.706562977157147e-05,1.7082660394480834e-05,1.7082660394480834e-05,0.0,0
-1.316666666666675,0,0,1.7214708818328297e-05,1.7214708818328297e-05,1.7235005454927007e-05,1.7235005454927007e-05,1.7252315002653854e-05,1.7252315002653854e-05,0.0,0
-1.2833333333333417,0,0,1.738415383287394e-05,1.738415383287394e-05,1.7404651541140204e-05,1.7404651541140204e-05,1.742224148374509e-05,1.742224148374509e-05,0.0,0
-1.2500000000000082,0,0,1.7553869031809912e-05,1.7553869031809912e-05,1.7574567766342064e-05,1.7574567766342064e-05,1.7592439557606015e-05,1.7592439557606015e-05,0.0,0
-1.2166666666666748,0,0,1.7723854153292698e-05,1.7723854153292698e-05,1.7744753865719234e-05,1.7744753865719234e-05,1.7762908943278663e-05,1.7762908943278663e-05,0.0,0
-1.1833333333333413,0,0,1.7894108934489682e-05,1.7894108934489682e-05,1.791520957352173e-05,1.791520957352173e-05,1.7933649359001895e-05,1.7933649359001895e-05,0.0,0
-1.150000000000008,0,0,1.806463311158822e-05,1.806463311158822e-05,1.8085934623070516e-05,1.8085934623070516e-05,1.8104660522217676e-05,1.8104660522217676e-05,0.0,0
-1.1166666666666745,0,0,1.8235426419804527e-05,1.8235426419804527e-05,1.8256928746765098e-05,1.8256928746765098e-05,1.827594214957727e-05,1.827594214957727e-05,0.0,0
-1.083333333333341,0,0,1.8406488593392558e-05,1.8406488593392558e-05,1.842819167609105e-05,1.842819167609105e-05,1.844749395694746e-05,1.844749395694746e-05,0.0,0
-1.0500000000000076,0,0,1.857781936565273e-05,1.857781936565273e-05,1.8599723141627463e-05,1.8599723141627463e-05,1.861931565941665e-05,1.861931565941665e-05,0.0,0
-1.0166666666666742,0,0,1.8749418468940577e-05,1.8749418468940577e-05,1.8771522873054397e-05,1.8771522873054397e-05,1.879140697130101e-05,1.879140697130101e-05,0.0,0
-0.9833333333333408,0,0,1.8921285634675323e-05,1.8921285634675323e-05,1.8943590599160274e-05,1.8943590599160274e-05,1.8963767606150515e-05,1.8963767606150515e-05,0.0,0
-0.9500000000000075,0,0,1.9093420593348332e-05,1.9093420593348332e-05,1.911592604784917e-05,1.911592604784917e-05,1.9136397276755036e-05,1.9136397276755036e-05,0.0,0
-0.9166666666666742,0,0,1.9265823074531477e-05,1.9265823074531477e-05,1.9288528946148152e-05,1.9288528946148152e-05,1.9309295695150336e-05,1.9309295695150336e-05,0.0,0
-0.8833333333333409,0,0,1.943849280688546e-05,1.943849280688546e-05,1.9461399020214475e-05,1.9461399020214475e-05,1.948246257262405e-05,1.948246257262405e-05,0.0,0
-0.8500000000000075,0,0,1.9611429518168048e-05,1.9611429518168048e-05,1.963453599534284e-05,1.963453599534284e-05,1.965589761972161e-05,1.965589761972161e-05,0.0,0
-0.8166666666666742,0,0,1.9784632935242163e-05,1.9784632935242163e-05,1.9807939595972477e-05,1.9807939595972477e-05,1.9829600546252236e-05,1.9829600546252236e-05,0.0,0
-0.7833333333333409,0,0,1.9958102784084047e-05,1.9958102784084047e-05,1.9981609545694342e-05,1.9981609545694342e-05,2.0003571061294774e-05,2.0003571061294774e-05,0.0,0
-0.7500000000000075,0,0,2.0131838789791135e-05,2.0131838789791135e-05,2.015554556725814e-05,2.015554556725814e-05,2.0177808873203592e-05,2.0177808873203592e-05,0.0,0
-0.7166666666666742,0,0,2.030584067659005e-05,2.030584067659005e-05,2.0329747382579386e-05,2.0329747382579386e-05,2.035231368961442e-05,2.035231368961442e-05,0.0,0
-0.6833333333333409,0,0,2.0480108167844436e-05,2.0480108167844436e-05,2.0504214712746395e-05,2.0504214712746395e-05,2.0527085217450164e-05,2.0527085217450164e-05,0.0,0
-0.6500000000000076,0,0,2.0654640986062746e-05,2.0654640986062746e-05,2.067894727802723e-05,2.067894727802723e-05,2.0702123162926705e-05,2.0702123162926705e-05,0.0,0
-0.6166666666666742,0,0,2.0829438852905953e-05,2.0829438852905953e-05,2.085394479787662e-05,2.085394479787662e-05,2.0877427231558643e-05,2.0877427231558643e-05,0.0,0
-0.5833333333333409,0,0,2.100450148919523e-05,2.100450148919523e-05,2.1029206990942854e-05,2.1029206990942854e-05,2.105299712816507e-05,2.105299712816507e-05,0.0,0
-0.5500000000000076,0,0,2.1179828614919506e-05,2.1179828614919506e-05,2.1204733575074606e-05,2.1204733575074606e-05,2.122883255687528e-05,2.122883255687528e-05,0.0,0
-0.5166666666666743,0,0,2.1355419949242994e-05,2.1355419949242994e-05,2.1380524267327734e-05,2.1380524267327734e-05,2.140493322113449e-05,2.140493322113449e-05,0.0,0
-0.48333333333334094,0,0,2.1531275210512695e-05,2.1531275210512695e-05,2.1556578783972103e-05,2.1556578783972103e-05,2.158129882370946e-05,2.158129882370946e-05,0.0,0
-0.4500000000000076,0,0,2.1707394116265777e-05,2.1707394116265777e-05,2.173289684049823e-05,2.173289684049823e-05,2.175792906669416e-05,2.175792906669416e-05,0.0,0
-0.4166666666666743,0,0,2.1883776383236984e-05,2.1883776383236984e-05,2.190947815162406e-05,2.190947815162406e-05,2.1934823651515478e-05,2.1934823651515478e-05,0.0,0
-0.38333333333334096,0,0,2.2060421727365878e-05,2.2060421727365878e-05,2.2086322431301597e-05,2.2086322431301597e-05,2.211198227893874e-05,2.211198227893874e-05,0.0,0
-0.35000000000000764,0,0,2.2237329863804116e-05,2.2237329863804116e-05,2.226342939272354e-05,2.226342939272354e-05,2.2289404649073322e-05,2.2289404649073322e-05,0.0,0
-0.3166666666666743,0,0,2.2414500506922636e-05,2.2414500506922636e-05,2.2440798748329873e-05,2.2440798748329873e-05,2.246709046137827e-05,2.246709046137827e-05,0.0,0
-0.283333333333341,0,0,2.2591933370318806e-05,2.2591933370318806e-05,2.261843020981442e-05,2.261843020981442e-05,2.2645039414667775e-05,2.2645039414667775e-05,0.0,0
-0.25000000000000766,0,0,2.276962816682352e-05,2.276962816682352e-05,2.279632348813139e-05,2.279632348813139e-05,2.282325120711677e-05,2.282325120711677e-05,0.0,0
-0.21666666666667433,0,0,2.2947584608508215e-05,2.2947584608508215e-05,2.2974478293501868e-05,2.2974478293501868e-05,2.300172553626638e-05,2.300172553626638e-05,0.0,0
-0.183333333333341,0,0,2.3125802406691896e-05,2.3125802406691896e-05,2.3152894335420284e-05,2.3152894335420284e-05,2.318046209902949e-05,2.318046209902949e-05,0.0,0
-0.15000000000000768,0,0,2.3304281271948064e-05,2.3304281271948064e-05,2.333157132266082e-05,2.333157132266082e-05,2.3359460591696156e-05,2.3359460591696156e-05,0.0,0
-0.11666666666667436,0,0,2.348302091411164e-05,2.348302091411164e-05,2.3510508963283852e-05,2.3510508963283852e-05,2.353872070993907e-05,2.353872070993907e-05,0.0,0
-0.08333333333334103,0,0,2.36620210422858e-05,2.36620210422858e-05,2.368970696464229e-05,2.368970696464229e-05,2.371824214881903e-05,2.371824214881903e-05,0.0,0
-0.0500000000000077,0,0,2.384128136484877e-05,2.384128136484877e-05,2.386916503338795e-05,2.386916503338795e-05,2.389802460279035e-05,2.389802460279035e-05,0.0,0
-0.016666666666674365,0,0,2.4020801589460648e-05,2.4020801589460648e-05,2.404888287547784e-05,2.404888287547784e-05,2.4078067765706236e-05,2.4078067765706236e-05,0.0,0
0.016666666666658968,0,0,2.420058142307009e-05,2.420058142307009e-05,2.422886019618043e-05,2.422886019618043e-05,2.4258371330824176e-05,2.4258371330824176e-05,0.0,0
0.0499999999999923,0,0,2.4380620571921e-05,2.4380620571921e-05,2.4409096700081925e-05,2.4409096700081925e-05,2.443893499081136e-05,2.443893499081136e-05,0.0,0
0.08333333333332563,0,0,2.4560918741559137e-05,2.4560918741559137e-05,2.4589592091092492e-05,2.4589592091092492e-05,2.4619758437749964e-05,2.4619758437749964e-05,0.0,0
0.11666666666665895,0,0,2.4741475636838776e-05,2.4741475636838776e-05,2.4770346072452425e-05,2.4770346072452425e-05,2.480084136314251e-05,2.480084136314251e-05,0.0,0
0.14999999999999228,0,0,2.4922290961929222e-05,2.4922290961929222e-05,2.4951358346738322e-05,2.4951358346738322e-05,2.498218345791719e-05,2.498218345791719e-05,0.0,0
0.1833333333333256,0,0,2.5103364420321366e-05,2.5103364420321366e-05,2.513262861586924e-05,2.513262861586924e-05,2.5163784412433167e-05,2.5163784412433167e-05,0.0,0
0.21666666666665893,0,0,2.528469571483414e-05,2.528469571483414e-05,2.5314156581112797e-05,2.5314156581112797e-05,2.534564391648584e-05,2.534564391648584e-05,0.0,0
0.24999999999999226,0,0,2.546628454762096e-05,2.546628454762096e-05,2.549594194309122e-05,2.549594194309122e-05,2.552776165931214e-05,2.552776165931214e-05,0.0,0
0.2833333333333256,0,0,2.5648130620176177e-05,2.5648130620176177e-05,2.5677984401787415e-05,2.5677984401787415e-05,2.571013732959576e-05,2.571013732959576e-05,0.0,0
0.31666666666665894,0,0,2.5830233633341394e-05,2.5830233633341394e-05,2.5860283656551e-05,2.5860283656551e-05,2.5892770615472363e-05,2.5892770615472363e-05,0.0,0
0.34999999999999226,0,0,2.6012593287311824e-05,2.6012593287311824e-05,2.6042839406104316e-05,2.6042839406104316e-05,2.6075661204534877e-05,2.6075661204534877e-05,0.0,0
0.3833333333333256,0,0,2.6195209281642596e-05,2.6195209281642596e-05,2.6225651348548377e-05,2.6225651348548377e-05,2.6258808783838657e-05,2.6258808783838657e-05,0.0,0
0.4166666666666589,0,0,2.6378081315254996e-05,2.6378081315254996e-05,2.6408719181368825e-05,2.6408719181368825e-05,2.6442213039906658e-05,2.6442213039906658e-05,0.0,0
0.44999999999999224,0,0,2.656120908644275e-05,2.656120908644275e-05,2.6592042601441823e-05,2.6592042601441823e-05,2.6625873658734618e-05,2.6625873658734618e-05,0.0,0
0.48333333333332557,0,0,2.674459229287813e-05,2.674459229287813e-05,2.6775621305039992e-05,2.6775621305039992e-05,2.6809790325796215e-05,2.6809790325796215e-05,0.0,0
0.516666666666659,0,0,2.6928230631618197e-05,2.6928230631618197e-05,2.6959454987838255e-05,2.6959454987838255e-05,2.6993962726048215e-05,2.6993962726048215e-05,0.0,0
0.5499999999999923,0,0,2.7112123799110876e-05,2.7112123799110876e-05,2.714354334491965e-05,2.714354334491965e-05,2.717839054393558e-05,2.717839054393558e-05,0.0,0
0.5833333333333256,0,0,2.7296271491201107e-05,2.7296271491201107e-05,2.732788607078122e-05,2.732788607078122e-05,2.7363073463396616e-05,2.7363073463396616e-05,0.0,0
0.6166666666666589,0,0,2.748067340313687e-05,2.748067340313687e-05,2.7512482859339718e-05,2.7512482859339718e-05,2.754801116786802e-05,2.754801116786802e-05,0.0,0
0.6499999999999923,0,0,2.76653292295752e-05,2.76653292295752e-05,2.769733340393745e-05,2.769733340393745e-05,2.7733203340289973e-05,2.7733203340289973e-05,0.0,0
0.6833333333333256,0,0,2.7850238664588214e-05,2.7850238664588214e-05,2.7882437397347957e-05,2.7882437397347957e-05,2.7918649663111213e-05,2.7918649663111213e-05,0.0,0
0.7166666666666589,0,0,2.8035401401669084e-05,2.8035401401669084e-05,2.8067794531781754e-05,2.8067794531781754e-05,2.810434981829409e-05,2.810434981829409e-05,0.0,0
0.7499999999999922,0,0,2.822081713373795e-05,2.822081713373795e-05,2.8253404498892022e-05,2.8253404498892022e-05,2.829030348731958e-05,2.829030348731958e-05,0.0,0
0.7833333333333256,0,0,2.8406485553147872e-05,2.8406485553147872e-05,2.8439266989780267e-05,2.8439266989780267e-05,2.8476510351192276e-05,2.8476510351192276e-05,0.0,0
0.8166666666666589,0,0,2.8592406351690665e-05,2.8592406351690665e-05,2.8625381695001982e-05,2.8625381695001982e-05,2.8662970090445444e-05,2.8662970090445444e-05,0.0,0
0.8499999999999922,0,0,2.8778579220602767e-05,2.8778579220602767e-05,2.881174830457226e-05,2.881174830457226e-05,2.884968238514598e-05,2.884968238514598e-05,0.0,0
0.8833333333333255,0,0,2.8965003850571058e-05,2.8965003850571058e-05,2.899836650797135e-05,2.899836650797135e-05,2.9036646914899404e-05,2.9036646914899404e-05,0.0,0
0.9166666666666589,0,0,2.9151679931738637e-05,2.9151679931738637e-05,2.918523599415028e-05,2.918523599415028e-05,2.9223863358854794e-05,2.9223863358854794e-05,0.0,0
0.9499999999999922,0,0,2.9338607153710605e-05,2.9338607153710605e-05,2.9372356451536388e-05,2.9372356451536388e-05,2.9411331395709716e-05,2.9411331395709716e-05,0.0,0
0.9833333333333255,0,0,2.952578520555977e-05,2.952578520555977e-05,2.9559727568038846e-05,2.9559727568038846e-05,2.9599050703715168e-05,2.9599050703715168e-05,0.0,0
1.0166666666666588,0,0,2.9713213775832382e-05,2.9713213775832382e-05,2.974734903105414e-05,2.974734903105414e-05,2.978702096068049e-05,2.978702096068049e-05,0.0,0
1.0499999999999923,0,0,2.9900892552553796e-05,2.9900892552553796e-05,2.993522052747159e-05,2.993522052747159e-05,2.9975241843978258e-05,2.9975241843978258e-05,0.0,0
1.0833333333333257,0,0,3.008882122323411e-05,3.008882122323411e-05,3.0123341743678748e-05,3.0123341743678748e-05,3.0163713030549144e-05,3.0163713030549144e-05,0.0,0
1.1166666666666591,0,0,3.027699947487379e-05,3.027699947487379e-05,3.031171236556689e-05,3.031171236556689e-05,3.0352434196906806e-05,3.0352434196906806e-05,0.0,0
1.1499999999999926,0,0,3.0465426993969287e-05,3.0465426993969287e-05,3.0500332078536374e-05,3.0500332078536374e-05,3.054140501914274e-05,3.054140501914274e-05,0.0,0
1.183333333333326,0,0,3.065410346651859e-05,3.065410346651859e-05,3.068920056750209e-05,3.068920056750209e-05,3.073062517293109e-05,3.073062517293109e-05,0.0,0
1.2166666666666595,0,0,3.084302857802676e-05,3.084302857802676e-05,3.087831751689877e-05,3.087831751689877e-05,3.092009433353345e-05,3.092009433353345e-05,0.0,0
1.249999999999993,0,0,3.103220201351146e-05,3.103220201351146e-05,3.106768261068631e-05,3.106768261068631e-05,3.110981217580375e-05,3.110981217580375e-05,0.0,0
1.2833333333333263,0,0,3.122162345750843e-05,3.122162345750843e-05,3.125729553235517e-05,3.125729553235517e-05,3.129977837419294e-05,3.129977837419294e-05,0.0,0
1.3166666666666598,0,0,3.141129259407696e-05,3.141129259407696e-05,3.14471559649316e-05,3.14471559649316e-05,3.148999260275381e-05,3.148999260275381e-05,0.0,0
1.3499999999999932,0,0,3.160120910680532e-05,3.160120910680532e-05,3.163726359098294e-05,3.163726359098294e-05,3.1680454535145784e-05,3.1680454535145784e-05,0.0,0
1.3833333333333266,0,0,3.1791372678816173e-05,3.1791372678816173e-05,3.182761809262286e-05,3.182761809262286e-05,3.1871163844639584e-05,3.1871163844639584e-05,0.0,0
1.41666666666666,0,0,3.198178299277199e-05,3.198178299277199e-05,3.201821915151664e-05,3.201821915151664e-05,3.2062120204122025e-05,3.2062120204122025e-05,0.0,0
1.4499999999999935,0,0,3.217243973088036e-05,3.217243973088036e-05,3.220906644888632e-05,3.220906644888632e-05,3.225332328610069e-05,3.225332328610069e-05,0.0,0
1.483333333333327,0,0,3.2363342574899365e-05,3.2363342574899365e-05,3.240015966551591e-05,3.240015966551591e-05,3.244477276270861e-05,3.244477276270861e-05,0.0,0
1.5166666666666604,0,0,3.255449120614289e-05,3.255449120614289e-05,3.259149848175655e-05,3.259149848175655e-05,3.2636468305709e-05,3.2636468305709e-05,0.0,0
1.5499999999999938,0,0,3.2745885305485895e-05,3.2745885305485895e-05,3.2783082577531694e-05,3.2783082577531694e-05,3.282840958649988e-05,3.282840958649988e-05,0.0,0
1.5833333333333273,0,0,3.2937524553369674e-05,3.2937524553369674e-05,3.297491163234217e-05,3.297491163234217e-05,3.302059627611874e-05,3.302059627611874e-05,0.0,0
1.6166666666666607,0,0,3.312940862980708e-05,3.312940862980708e-05,3.316698532527132e-05,3.316698532527132e-05,3.321302804524714e-05,3.321302804524714e-05,0.0,0
1.6499999999999941,0,0,3.332153721438782e-05,3.332153721438782e-05,3.33593033349901e-05,3.33593033349901e-05,3.340570456421539e-05,3.340570456421539e-05,0.0,0
1.6833333333333276,0,0,3.3513909986283553e-05,3.3513909986283553e-05,3.355186533976207e-05,3.355186533976207e-05,3.359862550300712e-05,3.359862550300712e-05,0.0,0
1.716666666666661,0,0,3.37065266242531e-05,3.37065266242531e-05,3.37446710174485e-05,3.37446710174485e-05,3.379179053126385e-05,3.379179053126385e-05,0.0,0
1.7499999999999944,0,0,3.389938680664761e-05,3.389938680664761e-05,3.3937720045513364e-05,3.3937720045513364e-05,3.39851993182896e-05,3.39851993182896e-05,0.0,0
1.7833333333333279,0,0,3.409249021141559e-05,3.409249021141559e-05,3.4131012101028346e-05,3.4131012101028346e-05,3.4178851533055416e-05,3.4178851533055416e-05,0.0,0
1.8166666666666613,0,0,3.428583651610809e-05,3.428583651610809e-05,3.432454686067777e-05,3.432454686067777e-05,3.4372746844203914e-05,3.4372746844203914e-05,0.0,0
1.8499999999999948,0,0,3.4479425397883795e-05,3.4479425397883795e-05,3.4518324000763634e-05,3.4518324000763634e-05,3.4566884920053834e-05,3.4566884920053834e-05,0.0,0
1.8833333333333282,0,0,3.467325653351399e-05,3.467325653351399e-05,3.471234319721048e-05,3.471234319721048e-05,3.476126542860451e-05,3.476126542860451e-05,0.0,0
1.9166666666666616,0,0,3.4867329599387636e-05,3.4867329599387636e-05,3.490660412557035e-05,3.490660412557035e-05,3.49558880375404e-05,3.49558880375404e-05,0.0,0
1.949999999999995,0,0,3.506164427151639e-05,3.506164427151639e-05,3.510110646102763e-05,3.510110646102763e-05,3.515075241423553e-05,3.515075241423553e-05,0.0,0
1.9833333333333285,0,0,3.5256200225539534e-05,3.5256200225539534e-05,3.5295849878403974e-05,3.5295849878403974e-05,3.534585822575799e-05,3.534585822575799e-05,0.0,0
2.0166666666666617,0,0,3.5450997136729e-05,3.5450997136729e-05,3.549083405216313e-05,3.549083405216313e-05,3.554120513887436e-05,3.554120513887436e-05,0.0,0
2.049999999999995,0,0,3.564603467999425e-05,3.564603467999425e-05,3.56860586564158e-05,3.56860586564158e-05,3.5736792820054126e-05,3.5736792820054126e-05,0.0,0
2.083333333333328,0,0,3.584131252988723e-05,3.584131252988723e-05,3.588152336492439e-05,3.588152336492439e-05,3.5932620935474134e-05,3.5932620935474134e-05,0.0,0
2.1166666666666614,0,0,3.6036830360607264e-05,3.6036830360607264e-05,3.607722785110786e-05,3.607722785110786e-05,3.6128689151022995e-05,3.6128689151022995e-05,0.0,0
2.1499999999999946,0,0,3.6232587846005897e-05,3.6232587846005897e-05,3.6273171788046505e-05,3.6273171788046505e-05,3.6324997132305415e-05,3.6324997132305415e-05,0.0,0
2.183333333333328,0,0,3.642858465959178e-05,3.642858465959178e-05,3.646935484848667e-05,3.646935484848667e-05,3.65215445446466e-05,3.65215445446466e-05,0.0,0
2.216666666666661,0,0,3.662482047453548e-05,3.662482047453548e-05,3.666577670484544e-05,3.666577670484544e-05,3.6718331053096615e-05,3.6718331053096615e-05,0.0,0
2.2499999999999942,0,0,3.682129496367426e-05,3.682129496367426e-05,3.686243702921547e-05,3.686243702921547e-05,3.69153563224347e-05,3.69153563224347e-05,0.0,0
2.2833333333333274,0,0,3.7018007799516916e-05,3.7018007799516916e-05,3.705933549336958e-05,3.705933549336958e-05,3.711262001717362e-05,3.711262001717362e-05,0.0,0
2.3166666666666607,0,0,3.721495865424849e-05,3.721495865424849e-05,3.7256471768765475e-05,3.7256471768765475e-05,3.731012180156394e-05,3.731012180156394e-05,0.0,0
2.349999999999994,0,0,3.7412147199735054e-05,3.7412147199735054e-05,3.745384552655036e-05,3.745384552655036e-05,3.750786133959831e-05,3.750786133959831e-05,0.0,0
2.383333333333327,0,0,3.7609573107528406e-05,3.7609573107528406e-05,3.76514564375656e-05,3.76514564375656e-05,3.7705838295015787e-05,3.7705838295015787e-05,0.0,0
2.4166666666666603,0,0,3.780723604887079e-05,3.780723604887079e-05,3.7849304172351365e-05,3.7849304172351365e-05,3.790405233130602e-05,3.790405233130602e-05,0.0,0
2.4499999999999935,0,0,3.8005135694699536e-05,3.8005135694699536e-05,3.804738840115114e-05,3.804738840115114e-05,3.81025031117136e-05,3.81025031117136e-05,0.0,0
2.4833333333333267,0,0,3.8203271715651776e-05,3.8203271715651776e-05,3.824570879391637e-05,3.824570879391637e-05,3.830119029924215e-05,3.830119029924215e-05,0.0,0
2.51666666666666,0,0,3.8401643782069036e-05,3.8401643782069036e-05,3.844426502031099e-05,3.844426502031099e-05,3.850011355665866e-05,3.850011355665866e-05,0.0,0
2.549999999999993,0,0,3.8600251564001844e-05,3.8600251564001844e-05,3.864305674971597e-05,3.864305674971597e-05,3.8699272546497615e-05,3.8699272546497615e-05,0.0,0
2.5833333333333264,0,0,3.879909473121436e-05,3.879909473121436e-05,3.884208365123379e-05,3.884208365123379e-05,3.889866693106517e-05,3.889866693106517e-05,0.0,0
2.6166666666666596,0,0,3.899817295318895e-05,3.899817295318895e-05,3.9041345393693e-05,3.9041345393693e-05,3.909829637244333e-05,3.909829637244333e-05,0.0,0
2.649999999999993,0,0,3.919748589913068e-05,3.919748589913068e-05,3.9240841645652623e-05,3.9240841645652623e-05,3.9298160532494106e-05,3.9298160532494106e-05,0.0,0
2.683333333333326,0,0,3.9397033237971934e-05,3.9397033237971934e-05,3.944057207540671e-05,3.944057207540671e-05,3.9498259072863626e-05,3.9498259072863626e-05,0.0,0
2.7166666666666592,0,0,3.959681463837687e-05,3.959681463837687e-05,3.964053635098868e-05,3.964053635098868e-05,3.969859165498627e-05,3.969859165498627e-05,0.0,0
2.7499999999999925,0,0,3.9796829768745925e-05,3.9796829768745925e-05,3.9840734140175834e-05,3.9840734140175834e-05,3.9899157940088754e-05,3.9899157940088754e-05,0.0,0
2.7833333333333257,0,0,3.9997078297220314e-05,3.9997078297220314e-05,4.004116511049368e-05,4.004116511049368e-05,4.009995758919424e-05,4.009995758919424e-05,0.0,0
2.816666666666659,0,0,4.0197559891686434e-05,4.0197559891686434e-05,4.024182892922033e-05,4.024182892922033e-05,4.0300990263126345e-05,4.0300990263126345e-05,0.0,0
2.849999999999992,0,0,4.039827421978033e-05,4.039827421978033e-05,4.044272526339089e-05,4.044272526339089e-05,4.050225562251324e-05,4.050225562251324e-05,0.0,0
2.8833333333333253,0,0,4.0599220948892105e-05,4.0599220948892105e-05,4.064385377980181e-05,4.064385377980181e-05,4.070375332779169e-05,4.070375332779169e-05,0.0,0
2.9166666666666585,0,0,4.0800399746170304e-05,4.0800399746170304e-05,4.084521414501515e-05,4.084521414501515e-05,4.090548303921103e-05,4.090548303921103e-05,0.0,0
2.9499999999999917,0,0,4.1001810278526285e-05,4.1001810278526285e-05,4.104680602536294e-05,4.104680602536294e-05,4.110744441683723e-05,4.110744441683723e-05,0.0,0
2.983333333333325,0,0,4.1203452212638583e-05,4.1203452212638583e-05,4.124862908695147e-05,4.124862908695147e-05,4.1309637120556834e-05,4.1309637120556834e-05,0.0,0
3.016666666666658,0,0,4.140532521495721e-05,4.140532521495721e-05,4.145068299566553e-05,4.145068299566553e-05,4.151206081008093e-05,4.151206081008093e-05,0.0,0
3.0499999999999914,0,0,4.1607428951708026e-05,4.1607428951708026e-05,4.1652967417172656e-05,4.1652967417172656e-05,4.1714715144949153e-05,4.1714715144949153e-05,0.0,0
3.0833333333333246,0,0,4.180976308889698e-05,4.180976308889698e-05,4.1855482016927394e-05,4.1855482016927394e-05,4.1917599784533555e-05,4.1917599784533555e-05,0.0,0
3.116666666666658,0,0,4.2012327292314395e-05,4.2012327292314395e-05,4.2058226460175485e-05,4.2058226460175485e-05,4.212071438804261e-05,4.212071438804261e-05,0.0,0
3.149999999999991,0,0,4.221512122753925e-05,4.221512122753925e-05,4.226120041195809e-05,4.226120041195809e-05,4.232405861452503e-05,4.232405861452503e-05,0.0,0
3.1833333333333242,0,0,4.241814455994338e-05,4.241814455994338e-05,4.246440353711591e-05,4.246440353711591e-05,4.252763212287372e-05,4.252763212287372e-05,0.0,0
3.2166666666666575,0,0,4.262139695469573e-05,4.262139695469573e-05,4.266783550029344e-05,4.266783550029344e-05,4.273143457182967e-05,4.273143457182967e-05,0.0,0
3.2499999999999907,0,0,4.28248780767665e-05,4.28248780767665e-05,4.287149596594299e-05,4.287149596594299e-05,4.293546561998574e-05,4.293546561998574e-05,0.0,0
3.283333333333324,0,0,4.302858759093135e-05,4.302858759093135e-05,4.307538459832888e-05,4.307538459832888e-05,4.313972492579057e-05,4.313972492579057e-05,0.0,0
3.316666666666657,0,0,4.323252516177559e-05,4.323252516177559e-05,4.327950106153154e-05,4.327950106153154e-05,4.334421214755236e-05,4.334421214755236e-05,0.0,0
3.3499999999999903,0,0,4.343669045369826e-05,4.343669045369826e-05,4.348384501945156e-05,4.348384501945156e-05,4.3548926943442736e-05,4.3548926943442736e-05,0.0,0
3.3833333333333235,0,0,4.36410831309163e-05,4.36410831309163e-05,4.368841613581378e-05,4.368841613581378e-05,4.37538689715005e-05,4.37538689715005e-05,0.0,0
3.4166666666666567,0,0,4.38457028574686e-05,4.38457028574686e-05,4.389321407417134e-05,4.389321407417134e-05,4.395903788963542e-05,4.395903788963542e-05,0.0,0
3.44999999999999,0,0,4.405054929722013e-05,4.405054929722013e-05,4.4098238497909705e-05,4.4098238497909705e-05,4.4164433355632004e-05,4.4164433355632004e-05,0.0,0
3.483333333333323,0,0,4.425562211386597e-05,4.425562211386597e-05,4.430348907025065e-05,4.430348907025065e-05,4.437005502715325e-05,4.437005502715325e-05,0.0,0
3.5166666666666564,0,0,4.446092097093537e-05,4.446092097093537e-05,4.450896545425632e-05,4.450896545425632e-05,4.4575902561744356e-05,4.4575902561744356e-05,0.0,0
3.5499999999999896,0,0,4.466644553179578e-05,4.466644553179578e-05,4.471466731283308e-05,4.471466731283308e-05,4.478197561683645e-05,4.478197561683645e-05,0.0,0
3.583333333333323,0,0,4.487219545965685e-05,4.487219545965685e-05,4.4920594308735644e-05,4.4920594308735644e-05,4.498827384975031e-05,4.498827384975031e-05,0.0,0
3.616666666666656,0,0,4.5078170417574405e-05,4.5078170417574405e-05,4.512674610457087e-05,4.512674610457087e-05,4.519479691769999e-05,4.519479691769999e-05,0.0,0
3.6499999999999893,0,0,4.5284370068454425e-05,4.5284370068454425e-05,4.5333122362801736e-05,4.5333122362801736e-05,4.5401544477796584e-05,4.5401544477796584e-05,0.0,0
3.6833333333333225,0,0,4.549079407505704e-05,4.549079407505704e-05,4.553972274575126e-05,4.553972274575126e-05,4.560851618705179e-05,4.560851618705179e-05,0.0,0
3.7166666666666557,0,0,4.569744210000036e-05,4.569744210000036e-05,4.574654691560637e-05,4.574654691560637e-05,4.581571170238156e-05,4.581571170238156e-05,0.0,0
3.749999999999989,0,0,4.590431380576448e-05,4.590431380576448e-05,4.5953594534421726e-05,4.5953594534421726e-05,4.602313068060975e-05,4.602313068060975e-05,0.0,0
3.783333333333322,0,0,4.611140885469536e-05,4.611140885469536e-05,4.6160865264123634e-05,4.6160865264123634e-05,4.623077277847172e-05,4.623077277847172e-05,0.0,0
3.8166666666666553,0,0,4.631872690900865e-05,4.631872690900865e-05,4.636835876651386e-05,4.636835876651386e-05,4.6438637652617894e-05,4.6438637652617894e-05,0.0,0
3.8499999999999885,0,0,4.6526267630793606e-05,4.6526267630793606e-05,4.657607470327345e-05,4.657607470327345e-05,4.664672495961739e-05,4.664672495961739e-05,0.0,0
3.8833333333333218,0,0,4.673403068201691e-05,4.673403068201691e-05,4.678401273596648e-05,4.678401273596648e-05,4.6855034355961514e-05,4.6855034355961514e-05,0.0,0
3.916666666666655,0,0,4.69420157245265e-05,4.69420157245265e-05,4.69921725260439e-05,4.69921725260439e-05,4.706356549806732e-05,4.706356549806732e-05,0.0,0
3.949999999999988,60,0,4.715022242005534e-05,4.715022242005534e-05,4.720055373484725e-05,4.720055373484725e-05,4.727231804228116e-05,4.727231804228116e-05,0.0,0
3.9833333333333214,80,0,4.7374445729825835e-05,4.735865043022528e-05,4.7409205851410184e-05,4.7409156023612405e-05,4.74812916448822e-05,4.748129164488218e-05,0.0,0
4.016666666666655,160,0,4.761316495112446e-05,4.7567299416550724e-05,4.7618262242704024e-05,4.761797905347335e-05,4.7690485962085865e-05,4.769048596208581e-05,0.0,0
4.049999999999988,140,0,4.7887314578748166e-05,4.777616904044246e-05,4.782798994383502e-05,4.782702248546585e-05,4.7899900650047526e-05,4.789990065004723e-05,0.0,0
4.0833333333333215,240,0,4.817797847238582e-05,4.798525896321139e-05,4.803875767720408e-05,4.80362859805311e-05,4.810953536486662e-05,4.810953536486485e-05,0.0,0
4.116666666666655,260,0,4.852404790827976e-05,4.8194568846072175e-05,4.825105213537224e-05,4.824576919951948e-05,4.8319389762592396e-05,4.831938976258374e-05,0.0,0
4.149999999999988,280,40,4.891935682900897e-05,4.8404098350147e-05,4.846547511865807e-05,4.845547180319416e-05,4.852946349923434e-05,4.8529463499199087e-05,0.0,0
4.183333333333321,300,0,4.93672215631217e-05,4.8624315055748594e-05,4.8682708057430266e-05,4.866542687781054e-05,4.873975623078345e-05,4.873975623065959e-05,0.0,0
4.216666666666654,400,0,4.987350097046034e-05,4.883956611519444e-05,4.8903473163022255e-05,4.8875679113281935e-05,4.895026761325633e-05,4.895026761287087e-05,0.0,0
4.249999999999988,560,0,5.0503766548789465e-05,4.9053670457676505e-05,4.9128580412017135e-05,4.908625763088412e-05,4.916099730278268e-05,4.916099730169895e-05,0.0,0
4.283333333333321,660,0,5.139016178289516e-05,4.926732512875287e-05,4.9359078022680066e-05,4.929716980845463e-05,4.937194495576831e-05,4.93719449529739e-05,0.0,0
4.316666666666654,720,20,5.263887608532265e-05,4.9480782798460886e-05,4.959636470344521e-05,4.950840765944552e-05,4.958311022918066e-05,4.9583110222494146e-05,0.0,0
4.349999999999987,900,0,5.435232984825067e-05,4.969942788628796e-05,4.9842196697777445e-05,4.971997273281416e-05,4.9794492781021214e-05,4.979449276603214e-05,0.0,0
4.38333333333332,980,60,5.706099898617062e-05,4.991548111585664e-05,5.0098769869602774e-05,4.993187066840596e-05,5.000609227106788e-05,5.0006092239343e-05,0.0,0
4.416666666666654,1060,0,6.11619746340272e-05,5.014721266471203e-05,5.036878290786933e-05,5.014415102709944e-05,5.0217908361990285e-05,5.0217908298177974e-05,0.0,0
4.449999999999987,1000,100,6.736230794937097e-05,5.037053423412845e-05,5.065546500398584e-05,5.035687226811163e-05,5.0429940720961064e-05,5.0429940598305645e-05,0.0,0
4.48333333333332,1120,0,7.53546810973959e-05,5.062021901219208e-05,5.0962442466000705e-05,5.057014879080055e-05,5.064218902190623e-05,5.064218879554427e-05,0.0,0
4.516666666666653,1080,60,8.716870791868476e-05,5.0854327522465595e-05,5.129375176470918e-05,5.0784090333202344e-05,5.0854652948558054e-05,5.0854652545808795e-05,0.0,0
4.5499999999999865,1000,20,0.00010245266780647817,5.110147649087172e-05,5.165382500347874e-05,5.0998796278311736e-05,5.1067332198494276e-05,5.106733150517679e-05,0.0,0
4.58333333333332,1020,220,0.00012027029054718791,5.134347504593837e-05,5.204732652891746e-05,5.1214336973609784e-05,5.128022648836737e-05,5.1280225329977445e-05,0.0,0
4.616666666666653,980,340,0.00014219717926228985,5.1651058585597945e-05,5.247907668257088e-05,5.143091502085023e-05,5.149333556054545e-05,5.149333367690847e-05,0.0,0
4.649999999999986,960,180,0.0001676276312154211,5.2053813840145026e-05,5.2954007541150384e-05,5.164903944874492e-05,5.170665919140059e-05,5.170665620318677e-05,0.0,0
4.683333333333319,1060,20,0.00019686614082501915,5.2446189012873535e-05,5.34771343728858e-05,5.1869364837746996e-05,5.192019720148622e-05,5.192019256674024e-05,0.0,0
4.716666666666653,1040,320,0.00023502908529952763,5.278083880973754e-05,5.405381521805221e-05,5.2092357456235986e-05,5.213394946784017e-05,5.21339424264505e-05,0.0,0
4.749999999999986,1040,360,0.0002809461464075139,5.3235301649243074e-05,5.468995713902529e-05,5.2318431969261355e-05,5.234791593862987e-05,5.234790544246021e-05,0.0,0
4.783333333333319,1020,240,0.00033582032264364235,5.379122041050254e-05,5.5392084791236065e-05,5.254815846918039e-05,5.2562096650318576e-05,5.256208127656362e-05,0.0,0
4.816666666666652,1180,120,0.000399386292651952,5.43451354585205e-05,5.616728519488189e-05,5.278217752155427e-05,5.277649174747542e-05,5.277646959270677e-05,0.0,0
4.849999999999985,1060,260,0.0004884308149973955,5.484577792934121e-05,5.7023699865571434e-05,5.302095481425771e-05,5.299110150527979e-05,5.299107005763253e-05,0.0,0
4.883333333333319,1160,380,0.0005872545850186202,5.5424127180082095e-05,5.797051601669209e-05,5.326481788744798e-05,5.320592635468441e-05,5.320588234171672e-05,0.0,0
4.916666666666652,1240,200,0.0007153873295118011,5.6148349695612086e-05,5.901812858871738e-05,5.3514185815928944e-05,5.342096691010864e-05,5.3420906120052844e-05,0.0,0
4.949999999999985,1220,160,0.000887915884961737,5.681874322314941e-05,6.017870171739489e-05,5.376948579438816e-05,5.363622399944002e-05,5.363614107385295e-05,0.0,0
4.983333333333318,1180,380,0.0011011233690639674,5.745976742404804e-05,6.146643201546226e-05,5.4030983192204114e-05,5.385169869603524e-05,5.3851586892239956e-05,0.0,0
5.0166666666666515,1280,240,0.0013498958535087516,5.8290161414761046e-05,6.289728383164293e-05,5.429897267581344e-05,5.406739235233827e-05,5.4067243274510335e-05,0.0,0
5.049999999999985,1260,460,0.0016791932713337348,5.90972535895826e-05,6.448932329418725e-05,5.457378641985625e-05,5.428330663467833e-05,5.4283109932943853e-05,0.0,0
5.083333333333318,1240,220,0.00208074759673936,6.0174985739654714e-05,6.626302015436696e-05,5.4855963208611594e-05,5.44994435587771e-05,5.449918659622945e-05,0.0,0
5.116666666666651,1180,440,0.0025554311917501513,6.112969891419772e-05,6.824117406971518e-05,5.5146052772020407e-05,5.471580552548384e-05,5.471547301356258e-05,0.0,0
5.149999999999984,1200,280,0.003080679564406797,6.235758472034544e-05,7.044828047765839e-05,5.5444676489126564e-05,5.493239535626899e-05,5.49319689594507e-05,0.0,0
5.183333333333318,1160,300,0.003692907862266246,6.352687443426146e-05,7.291031605379459e-05,5.575242526084782e-05,5.514921632803742e-05,5.5148674239241256e-05,0.0,0
5.216666666666651,1120,360,0.004369998109975211,6.474670784983198e-05,7.56545364186052e-05,5.606977395456023e-05,5.536627220686891e-05,5.5365588695363375e-05,0.0,0
5.249999999999984,1200,280,0.00509939519674949,6.611431117441913e-05,7.870900696542895e-05,5.639715820948897e-05,5.5583567280350325e-05,5.558271221425132e-05,0.0,0
5.283333333333317,1120,380,0.005981982221175088,6.74598346843803e-05,8.210354370341821e-05,5.6734941457541255e-05,5.580110638822562e-05,5.580004473389796e-05,0.0,0
5.31666666666665,1140,460,0.006920265581709133,6.900903304184174e-05,8.58697361890891e-05,5.708351268952186e-05,5.601889495115199e-05,5.601758625196973e-05,0.0,0
5.349999999999984,1080,240,0.007976470335749532,7.087357181168247e-05,9.004096488623443e-05,5.7443479334984084e-05,5.6236938997407974e-05,5.6235336834403014e-05,0.0,0
5.383333333333317,1060,280,0.009081999863394937,7.249775791569133e-05,9.465164297525075e-05,5.7815393739446444e-05,5.645524518744933e-05,5.6453296624394124e-05,0.0,0
5.41666666666665,1000,340,0.01025020990507701,7.415410084873294e-05,9.973637356602739e-05,5.819957651676641e-05,5.6673820836248226e-05,5.667146585169044e-05,0.0,0
5.449999999999983,1040,340,0.011425491107801975,7.596980036041337e-05,0.0001053286062380636,5.8596233617376284e-05,5.68926739333811e-05,5.6889844842089154e-05,0.0,0
5.4833333333333165,1000,380,0.012712315806232506,7.789813332929596e-05,0.00011146120099439647,5.9005592416489286e-05,5.711181316085006e-05,5.710843402705004e-05,0.0,0
5.51666666666665,920,360,0.014044810217522165,8.003070949563655e-05,0.0001181668318206708,5.9428013877957906e-05,5.733124790863426e-05,5.7327233953330174e-05,0.0,0
5.549999999999983,900,280,0.015333189959133672,8.227243386095797e-05,0.00012547609763272942,5.9863978180926584e-05,5.755098828797291e-05,5.7546245292550446e-05,0.0,0
5.583333333333316,1020,400,0.016614381105466168,8.44210962996484e-05,0.00013341590929214083,6.0313879314805034e-05,5.777104514238259e-05,5.776546885060639e-05,0.0,0
5.616666666666649,960,400,0.018112246065747503,8.690761892915932e-05,0.00014201383500815913,6.077812954628003e-05,5.799143005641037e-05,5.79849055768384e-05,0.0,0
5.649999999999983,860,320,0.019659523958552236,8.961895530273348e-05,0.00015130027891468344,6.125728866314077e-05,5.821215536212261e-05,5.820455657287943e-05,0.0,0
5.683333333333316,840,560,0.021118182967798823,9.226858348908598e-05,0.000161304514686098,6.175191422707535e-05,5.843323414332766e-05,5.8424423101101865e-05,0.0,0
5.716666666666649,860,340,0.02254509401857952,9.585498157026811e-05,0.00017205086455002487,6.226290941357092e-05,5.865468023753107e-05,5.864450659258962e-05,0.0,0
5.749999999999982,880,560,0.02401294636622532,9.912935670949741e-05,0.00018355935464863096,6.279128642304215e-05,5.887650823562416e-05,5.8864808654567974e-05,0.0,0
5.7833333333333155,820,340,0.025557651480926088,0.00010339457044272453,0.00019584928094171198,6.33383186729119e-05,5.90987334793112e-05,5.9085331077231244e-05,0.0,0
5.816666666666649,800,560,0.027065311042482054,0.00010722297518452373,0.00020893898802561647,6.390520035615706e-05,5.932137205628895e-05,5.930607583991831e-05,0.0,0
5.849999999999982,800,800,0.02855247630991452,0.00011215370404145072,0.00022284403597841234,6.449324470493765e-05,5.9544440793202304e-05,5.9527045116598535e-05,0.0,0
5.883333333333315,820,320,0.03005018947694282,0.00011972600011792291,0.00023757713405783777,6.510469783607577e-05,5.976795724641352e-05,5.974824128064508e-05,0.0,0
5.916666666666648,800,640,0.03160562268982637,0.00012530839142936825,0.0002531508154983295,6.574182600717121e-05,5.999193969063755e-05,5.996966690888894e-05,0.0,0
5.9499999999999815,660,440,0.033175110552592334,0.00013285854578037908,0.000269578561970632,6.640683314121257e-05,6.0216407105512517e-05,6.01913247849654e-05,0.0,0
5.983333333333315,760,480,0.03454254317482319,0.000139881534329256,0.000286865727725153,6.710162101738527e-05,6.044137916019116e-05,6.041321790198343e-05,0.0,0
6.016666666666648,740,560,0.03598996391860529,0.00014734111243693167,0.00030501156263153316,6.782770648420766e-05,6.066687619605506e-05,6.0635349464567925e-05,0.0,0
6.049999999999981,680,540,0.03744033905126467,0.000155993252381571,0.0003240141837588535,6.858655998811111e-05,6.0892919207668626e-05,6.085772289034357e-05,0.0,0
6.083333333333314,620,840,0.038809576475061856,0.00016534968774889423,0.00034386892305890307,6.93798050142952e-05,6.111952982210353e-05,6.108034181094575e-05,0.0,0
6.116666666666648,660,560,0.040062450777399373,0.00017973942403075194,0.00036456222736582167,7.021019940072799e-05,6.134673027677504e-05,6.13032100726579e-05,0.0,0
6.149999999999981,700,480,0.04131671947885429,0.00019307918033382448,0.0003860739935455878,7.108115147881603e-05,6.157454339594063e-05,6.152633173678329e-05,0.0,0
6.183333333333314,620,820,0.04262145746535238,0.00020567050850070126,0.00040838662454817734,7.199562955184238e-05,6.1802992566017e-05,6.174971107986253e-05,0.0,0
6.216666666666647,700,500,0.04383733006807279,0.00022456505833365245,0.00043148347359570673,7.295696059909378e-05,6.20321017098742e-05,6.197335259384436e-05,0.0,0
6.2499999999999805,620,640,0.045130358622060295,0.00024085385625383972,0.00045535306177763295,7.39683979477508e-05,6.226189526026515e-05,6.219726098630898e-05,0.0,0
6.283333333333314,560,660,0.046345840182488725,0.0002598756444332363,0.00047998537161998136,7.503302693367412e-05,6.249239813254496e-05,6.242144118082934e-05,0.0,0
6.316666666666647,660,760,0.04745551492950082,0.0002814380513869817,0.0005053621469633634,7.615406040518788e-05,6.272363569682828e-05,6.264589831754066e-05,0.0,0
6.34999999999998,580,840,0.0486407181851965,0.0003082979375302721,0.000531464210401715,7.733548045323546e-05,6.295563374972456e-05,6.2870637753972e-05,0.0,0
6.383333333333313,560,680,0.04975023161854268,0.00034268434443938804,0.0005582719538637659,7.858268336688374e-05,6.31884184857817e-05,6.309566506617858e-05,0.0,0
6.4166666666666465,560,740,0.05080449749328796,0.0003768578261171314,0.0005857614871732406,7.990170982860138e-05,6.342201646875884e-05,6.332098605019894e-05,0.0,0
6.44999999999998,600,900,0.05182769771905149,0.000415838179173233,0.000613904457643614,8.129871330750271e-05,6.365645460283997e-05,6.354660672384946e-05,0.0,0
6.483333333333313,600,640,0.052875567827700524,0.0004681468538106254,0.000642675397576602,8.278079541448175e-05,6.389176010389197e-05,6.377253332885773e-05,0.0,0
6.516666666666646,540,780,0.05393053320129633,0.0005151651436530963,0.0006720567714023311,8.43550101381549e-05,6.412796047086329e-05,6.399877233332878e-05,0.0,0
6.549999999999979,500,760,0.054920559114493894,0.0005712099077904177,0.0007020323603017876,8.602819762352084e-05,6.436508345741303e-05,6.422533043453183e-05,0.0,0
6.583333333333313,540,880,0.055838480965231314,0.0006329387062791976,0.0007325776508026922,8.780723018394895e-05,6.46031570438545e-05,6.445221456199305e-05,0.0,0
6.616666666666646,520,1000,0.05675777635723246,0.0007110024220150381,0.0007636631596328224,8.970005691807389e-05,6.484220940949125e-05,6.467943188087889e-05,0.0,0
6.649999999999979,500,980,0.05764775161627923,0.0008165840026398563,0.0007952586425218019,9.171724250679691e-05,6.50822689054178e-05,6.490698979565671e-05,0.0,0
6.683333333333312,500,580,0.058499792483842634,0.0009441738452778091,0.0008273330809778901,9.387228216750835e-05,6.53233640278511e-05,6.513489595402194e-05,0.0,0
6.7166666666666455,520,880,0.05932836937118086,0.0010395320548436233,0.0008598551472910527,9.617739836967401e-05,6.556552339205275e-05,6.53631582510839e-05,0.0,0
6.749999999999979,440,660,0.06015761996358012,0.0011642321874979324,0.0008927975009768034,9.864335915014253e-05,6.580877570689536e-05,6.55917848338049e-05,0.0,0
6.783333333333312,540,920,0.06090988552106606,0.0012764768510085875,0.0009261293376422454,0.00010127893728924638,6.605314975011958e-05,6.582078410568772e-05,0.0,0
6.816666666666645,520,800,0.06170921828539819,0.0014273727013547621,0.0009598251450444724,0.00010409333654189432,6.629867434432163e-05,6.605016473170719e-05,0.0,0
6.849999999999978,700,800,0.06250454964835211,0.001583419732012222,0.000993869962958971,0.00010709699335126915,6.65453783337031e-05,6.627993564348084e-05,0.0,0
6.8833333333333115,380,920,0.06347837168880169,0.0017511362724422386,0.0010282814949597796,0.0001103011244306215,6.679329056160793e-05,6.651010604467116e-05,0.0,0
6.916666666666645,480,840,0.06422856197038809,0.001958982600846331,0.0010630733540412266,0.00011371889542965138,6.704243984886306e-05,6.674068541660879e-05,0.0,0
6.949999999999978,460,820,0.06498207795755169,0.002178608502673415,0.0010982393225731457,0.00011736517938502152,6.729285497293307e-05,6.697168352411927e-05,0.0,0
6.983333333333311,440,820,0.06570676263225003,0.002411456319755723,0.0011337572927099552,0.00012125538763065506,6.754456464789317e-05,6.720311042152667e-05,0.0,0
7.016666666666644,520,920,0.06639628993337106,0.002661662772881157,0.0011695950060201235,0.00012540477652608082,6.779759750522126e-05,6.743497645879595e-05,0.0,0
7.049999999999978,440,800,0.06712664913270182,0.0029638791087654537,0.001205726660684945,0.000129830120509234,6.805198207540889e-05,6.766729228776246e-05,0.0,0
7.083333333333311,520,980,0.06780644458531813,0.0032646709682074325,0.0012421308341210636,0.0001345488359722435,6.830774677039195e-05,6.79000688683846e-05,0.0,0
7.116666666666644,480,780,0.06852536310622571,0.0036521056949383283,0.0012787959104278328,0.00013958114155633466,6.856491986680466e-05,6.81333174749444e-05,0.0,0
7.149999999999977,500,1000,0.06922641640317274,0.004014485167088757,0.0013157178833119276,0.0001449477818788044,6.882352949006315e-05,6.836704970211465e-05,0.0,0
7.1833333333333105,480,880,0.0699362786915083,0.00449060173634798,0.0013528983835402802,0.0001506722220972342,6.908360359928769e-05,6.860127747080801e-05,0.0,0
7.216666666666644,480,880,0.07063325694493218,0.004981541416412914,0.001390340372936466,0.00015678033369187963,6.934516997307235e-05,6.88360130337269e-05,0.0,0
7.249999999999977,500,1000,0.07132425722484001,0.005508988042721932,0.0014280454051783299,0.0001632988055134824,6.960825619610907e-05,6.90712689805393e-05,0.0,0
7.28333333333331,460,1020,0.072026922516617,0.0061619906732831384,0.001466016260317411,0.00017025754431883655,6.987288964666958e-05,6.930705824261729e-05,0.0,0
7.316666666666643,460,1180,0.07270304393800855,0.006935716821982588,0.0015042530136445945,0.00017769230932019486,7.013909748494363e-05,6.954339409728823e-05,0.0,0
7.3499999999999766,500,840,0.07336699558676096,0.008002706646553687,0.0015427504167196664,0.00018564994477752964,7.040690664222709e-05,6.9780290171565e-05,0.0,0
7.38333333333331,500,940,0.0740530116922085,0.008906313995227119,0.001581505009736789,0.00019417921822019544,7.067634381094929e-05,7.001776044533764e-05,0.0,0
7.416666666666643,500,1140,0.07474806896097526,0.009909372785657167,0.001620519894191083,0.00020332524273788532,7.094743543552647e-05,7.025581925402681e-05,0.0,0
7.449999999999976,460,760,0.07544935283255433,0.011274547695664449,0.0016598041737431943,0.00021313736335345747,7.122020770402667e-05,7.049448129071581e-05,0.0,0
7.483333333333309,520,1020,0.07612435825549418,0.012353682325583176,0.0016993642188613026,0.0002236607739491302,7.149468654063099e-05,7.073376160779567e-05,0.0,0
7.516666666666643,500,880,0.07683513925877437,0.013725050713846136,0.0017392081495984776,0.00023493865010644672,7.177089759887725e-05,7.097367561817353e-05,0.0,0
7.549999999999976,420,1060,0.0775466379247514,0.015066332760015346,0.0017793474141403385,0.00024701215234484,7.204886625567219e-05,7.121423909610957e-05,0.0,0
7.583333333333309,480,920,0.07820010085299853,0.016767902849007008,0.0018197825784270082,0.00025992814999465085,7.232861760605946e-05,7.14554681777601e-05,0.0,0
7.616666666666642,500,860,0.07887223233940846,0.01845526517242044,0.0018605062128090107,0.0002737378602759131,7.261017645873106e-05,7.169737936151247e-05,0.0,0
7.6499999999999755,480,1020,0.07956441514276912,0.020107976977196768,0.0019015141000116133,0.0002884890931660606,7.28935673322696e-05,7.193998950819994e-05,0.0,0
7.683333333333309,480,1140,0.08025134503521454,0.022132476510084542,0.0019428069242026765,0.0003042320685221586,7.317881445210921e-05,7.218331584128082e-05,0.0,0
7.716666666666642,420,1020,0.0809381498513842,0.024761871550846908,0.0019843876207854276,0.0003210343371945323,7.346594174820146e-05,7.242737594705549e-05,0.0,0
7.749999999999975,580,880,0.08158037670720601,0.027503826374610192,0.002026249906349358,0.0003389790084554616,7.375497285337201e-05,7.267218777497824e-05,0.0,0
7.783333333333308,460,860,0.08232583628040475,0.030045917292745278,0.002068399844656925,0.00035814627562857275,7.404593110235101e-05,7.291776963810082e-05,0.0,0
7.816666666666642,820,900,0.08302274650490817,0.032544123380286054,0.0021108502172375834,0.00037860022131241706,7.433883953145802e-05,7.316414021366166e-05,0.0,0
7.849999999999975,380,1240,0.084051429618844,0.03519322540878477,0.0021536669356561895,0.0004003911832082316,7.46337208789183e-05,7.341131854381457e-05,0.0,0
7.883333333333308,460,1120,0.08481226119609682,0.039265140551276785,0.0021969155262886596,0.0004235936215685811,7.493059758578343e-05,7.365932403647171e-05,0.0,0
7.916666666666641,480,1020,0.08556110005655036,0.04380120757123075,0.0022406244474066006,0.0004483191203746822,7.522949179742609e-05,7.390817646622428e-05,0.0,0
7.949999999999974,520,1160,0.08631259233571915,0.04839440423418841,0.0022847909637451107,0.00047469761801384404,7.553042536557621e-05,7.41578959752959e-05,0.0,0
7.983333333333308,520,980,0.087097190569485,0.05410347076832737,0.002329404820796083,0.0005028744561426431,7.583341985086609e-05,7.440850307448184e-05,0.0,0
8.01666666666664,260,1220,0.08789887174396431,0.059521523063871144,0.002374462239896392,0.0005329930337703007,7.613849652585518e-05,7.466001864402984e-05,0.0,0
8.049999999999974,640,1320,0.08850527210395293,0.06680383172584523,0.0024199229540764018,0.0005652104390923016,7.644567637851075e-05,7.491246393442375e-05,0.0,0
8.083333333333307,460,1080,0.08932070754555721,0.07655280728026166,0.002465756556539543,0.0005997282725517592,7.675498011612863e-05,7.516586056704131e-05,0.0,0
8.11666666666664,480,1160,0.09007140196107327,0.08574287169609315,0.0025119522185831984,0.000636769923900527,7.706642816968487e-05,7.542023053467037e-05,0.0,0
8.149999999999974,520,1020,0.09082361539428889,0.09622964211132613,0.0025585081183406816,0.000676562808015273,7.738004069861524e-05,7.567559620188396e-05,0.0,0
8.183333333333307,460,1020,0.09161182621057554,0.10621948070639263,0.0026054312277527455,0.0007193135474304003,7.769583759601913e-05,7.593198030529362e-05,0.0,0
8.21666666666664,340,1100,0.09236692410559477,0.11643532748597951,0.0026527271213998864,0.0007651961497061046,7.801383849428154e-05,7.6189405953721e-05,0.0,0
8.249999999999973,580,1180,0.09301593234493276,0.1280536422719536,0.0027003711536226567,0.0008143721534994261,7.833406277109649e-05,7.644789662834821e-05,0.0,0
8.283333333333307,480,1120,0.09380469181867207,0.1419857441349913,0.0027483448072650914,0.0008670286088591176,7.865652955586356e-05,7.670747618292668e-05,0.0,0
8.31666666666664,500,740,0.0945688354997033,0.15684752724298667,0.002796647073244314,0.0009233851244212056,7.898125773641386e-05,7.696816884413801e-05,0.0,0
8.349999999999973,380,1200,0.09534958634522991,0.1674279673018924,0.002845289415903248,0.0009835973228172396,7.930826596600918e-05,7.72299992122087e-05,0.0,0
8.383333333333306,620,1080,0.09604058270527364,0.18286930604320897,0.002894266896250809,0.0010478056665382618,7.963757267054558e-05,7.749299226187914e-05,0.0,0
8.41666666666664,420,1180,0.0968979799199468,0.1990904537529911,0.0029435905233426794,0.001116183339895025,7.996919605588578e-05,7.775717334381659e-05,0.0,0
8.449999999999973,680,1080,0.09765208243372636,0.2185994564458351,0.002993273652670927,0.001188969837307712,8.030315411524073e-05,7.802256818654171e-05,0.0,0
8.483333333333306,560,820,0.09862109998525923,0.23850154619564828,0.0030433609079313795,0.0012664485172182783,8.063946463652161e-05,7.828920289891029e-05,0.0,0
8.516666666666639,580,640,0.09957757456166103,0.2543238573300256,0.0030939216267324744,0.0013488339965225507,8.097814520958837e-05,7.855710397315803e-05,0.0,0
8.549999999999972,420,880,0.10057795924694393,0.2662568119896345,0.003145032260770157,0.0014361493858781858,8.13192132333294e-05,7.88262982884815e-05,0.0,0
8.583333333333306,600,1000,0.1014433927437256,0.27973037419148133,0.003196733953512852,0.0015282902834088384,8.166268592251913e-05,7.909681311509384e-05,0.0,0
8.616666666666639,340,920,0.10244392650561084,0.2956892971226897,0.0032490517202996374,0.0016251788995086114,8.200858031441512e-05,7.936867611866464e-05,0.0,0
8.649999999999972,660,740,0.10323987283455428,0.3117248372885401,0.003301968485641205,0.0017268160652444645,8.235691327507486e-05,7.964191536502937e-05,0.0,0
8.683333333333305,700,920,0.1042745754928599,0.32525087613318987,0.003355475289543472,0.00183319184830827,8.270770150539337e-05,7.991655932503583e-05,0.0,0
8.716666666666638,620,600,0.10548979216970357,0.3406643715522515,0.0034096200906335015,0.0019442967906074789,8.306096154688388e-05,8.019263687938134e-05,0.0,0
8.749999999999972,600,1060,0.10672344794215083,0.35214640251130974,0.0034644921400382163,0.0020600260109619,8.341670978724558e-05,8.047017732328345e-05,0.0,0
8.783333333333305,6220,720,0.10797748476467471,0.3688901826418786,0.0035201863289326097,0.00218032984233475,8.377496246577982e-05,8.074921037081797e-05,0.0,0
8.816666666666638,3740,3000,0.7388917328527456,0.3825035727943752,0.0035780047652229354,0.0023051895570136934,8.413573567873015e-05,8.102976615875013e-05,0.0,0
8.849999999999971,2060,1160,1.01,0.5378659253993113,0.0036405648964973375,0.0024356562783068234,8.449904538463133e-05,8.131187524967986e-05,0.1,0
8.883333333333304,1580,1720,1.01,0.6094878886012914,0.003711061958963042,0.00257348921067002,8.486490740976586e-05,8.159556863432147e-05,0.1,0
8.916666666666638,1740,220,1.01,0.7282922133331121,0.003792635435487924,0.00272073814401971,8.523333745386005e-05,8.188087773274577e-05,0.1,0
8.94999999999997,1320,0,1.01,0.7599368596776673,0.0038881500480887382,0.002878725763351611,8.560435109622807e-05,8.216783439443355e-05,0.1,0
8.983333333333304,1580,220,1.01,0.7739763416862463,0.004000057848543306,0.003047295991990391,8.597796380271862e-05,8.245647089702908e-05,0.2,0
9.016666666666637,520,280,1.01,0.7848022395917081,0.004130474111517849,0.0032249736165065246,8.635419093405105e-05,8.274681994374644e-05,0.2,0
9.04999999999997,0,580,1.01,0.793738106720736,0.00428076686799769,0.003409607422809078,8.673304775643613e-05,8.303891465946882e-05,0.2,0
9.083333333333304,-80,160,1.01,0.804078862327493,0.004450827474706212,0.0035991564325967185,8.711454945572563e-05,8.333278858568438e-05,0.2,0
9.116666666666637,-940,80,1.01,0.8105790616169893,0.004638801215123204,0.0037917930161539097,8.749871115665876e-05,8.362847567450371e-05,0.2,0
9.14999999999997,0,900,1.01,0.8151559361136247,0.004841451295346552,0.003985744178821739,8.788554794899494e-05,8.392601028208045e-05,0.2,0
9.183333333333303,0,140,1.01,0.8240453966034579,0.00505483517696578,0.004179873481820271,8.827507492236644e-05,8.42254271617844e-05,0.2,0
9.216666666666637,0,480,1.01,0.828965147768794,0.005274940886458283,0.004373422673108674,8.866730721149978e-05,8.452676145744085e-05,0.2,0
9.24999999999997,0,800,1.01,0.8344513159353572,0.005498115163533371,0.004565866078051665,8.906226005302265e-05,8.483004869684575e-05,0.2,0
9.283333333333303,0,480,1.01,0.8422424082813125,0.005721274837232127,0.004757127578990313,8.945994885441259e-05,8.513532478560672e-05,0.2,0
9.316666666666636,0,320,1.01,0.8486305180008302,0.005941961302097162,0.00494738647942584,8.986038927481315e-05,8.544262600116646e-05,0.2,0
9.34999999999997,220,320,1.01,0.8535857734665087,0.006158304264585384,0.005136712696137163,9.026359731652206e-05,8.575198898666951e-05,0.2,0
9.383333333333303,0,100,1.01,0.8578768204768542,0.00636911799511118,0.005324935251970376,9.066958942504361e-05,8.606345074416494e-05,0.2,0
9.416666666666636,380,500,1.01,0.8608749938611058,0.00657367945937232,0.005511555439727806,9.107838259478506e-05,8.637704862652296e-05,0.2,0
9.449999999999969,0,200,1.01,0.8646408800671804,0.006771782031906692,0.005696093943156822,9.148999447684895e-05,8.669282032739656e-05,0.2,0
9.483333333333302,160,400,1.01,0.8674716934691211,0.006963423531877992,0.005878131952529368,9.19044434849831e-05,8.701080386858579e-05,0.2,0
9.516666666666636,200,0,1.01,0.8705051738816836,0.007148672089536399,0.006057385989366192,9.232174889562773e-05,8.73310375842523e-05,0.2,0
9.549999999999969,60,0,1.01,0.8724203631176937,0.007327683442730236,0.0062334819881642856,9.274193093814395e-05,8.765356010157067e-05,0.2,0
9.583333333333302,500,0,1.01,0.8739058893400702,0.0075006087602104785,0.006405851598938271,9.31650108716931e-05,8.797841031756817e-05,0.2,0
9.616666666666635,0,0,1.01,0.8751228244795505,0.007667817398835637,0.006573823460798876,9.359101104581463e-05,8.830562737207603e-05,0.2,0
9.649999999999968,500,0,1.01,0.8761476377210023,0.00782966516648346,0.006736762539141485,9.401995494246798e-05,8.863525061687237e-05,0.2,0
9.683333333333302,20,0,1.01,0.8770262294091151,0.007986599707641205,0.006894162958559658,9.445186719809435e-05,8.896731958122789e-05,0.2,0
9.716666666666635,1000,40,1.01,0.8777893369404053,0.008138968340574804,0.007045681183302729,9.488677360506106e-05,8.93018739341591e-05,0.2,0
9.749999999999968,60,0,1.01,0.8784900876243468,0.008287435443875344,0.0071911514926607245,9.532470109262002e-05,8.963895344375029e-05,0.2,0
9.783333333333301,620,0,1.01,0.8790964098713202,0.008432644049347912,0.007330543839235109,9.576567768820494e-05,8.997859793392312e-05,0.2,0
9.816666666666634,0,0,1.01,0.8796333720508236,0.00857519135526519,0.007463917090672769,9.620973246047803e-05,9.032084723901826e-05,0.2,0
9.849999999999968,400,0,1.01,0.8801132049738972,0.008715383038103054,0.007591390257443424,9.665689544600408e-05,9.066574115651485e-05,0.2,0
9.8833333333333,120,0,1.01,0.8805447039255104,0.008853343035134298,0.00771312585847687,9.710719756177342e-05,9.101331939815971e-05,0.2,0
9.916666666666634,0,0,1.01,0.8809347468975326,0.008989043061788604,0.007829318053902239,9.756067050602026e-05,9.136362153971992e-05,0.2,0
9.949999999999967,560,0,1.01,0.8812888907489639,0.009122262342705122,0.007940182668285958,9.801734664989887e-05,9.171668696951928e-05,0.2,0
9.9833333333333,880,0,1.01,0.8816117100991866,0.009252909878238989,0.0080459486823793,9.84772589225999e-05,9.207255483587769e-05,0.2,0
10.016666666666634,0,0,1.01,0.8819070210299801,0.009381350764467562,0.00814685130542497,9.894044069242343e-05,9.243126399354841e-05,0.2,0
10.049999999999967,200,0,1.01,0.8821780398620693,0.009507961406794363,0.008243126621238647,9.940692564618538e-05,9.279285294924231e-05,0.2,0
10.0833333333333,840,0,1.01,0.8824275006582979,0.009632884994680457,0.00833500763639662,9.987674766913284e-05,9.315735980634e-05,0.2,0
10.116666666666633,180,0,1.01,0.8826577446093741,0.009756366964573524,0.00842272148395593,0.00010034994072729296,9.352482220891899e-05,0.2,0
10.149999999999967,0,220,1.01,0.8828707894056735,0.0098786451207098,0.008506487533031567,0.00010082653875389707,9.389527728525892e-05,0.2,0
10.1833333333333,40,20,1.01,0.8831252031865853,0.009999699866217317,0.008586582905401374,0.00010130657554122409,9.426876159102802e-05,0.2,0
10.216666666666633,0,120,1.01,0.8833390644457506,0.010119242592330107,0.008663294133135203,0.00010179008463891274,9.46453110523954e-05,0.2,0
10.249999999999966,640,0,1.01,0.8835578291301729,0.010236829616223901,0.008736893331065898,0.0001022770992595155,9.50249609093502e-05,0.2,0
10.2833333333333,420,0,1.01,0.8837450355395385,0.01035226486265252,0.008807602400393164,0.00010276765219181713,9.540774565953897e-05,0.2,0
10.316666666666633,120,0,1.01,0.8839149531843424,0.010465661112760465,0.008875583989951072,0.00010326177572222235,9.57936990029559e-05,0.2,0
10.349999999999966,100,0,1.01,0.8840714284307465,0.010577172522572224,0.008940957837186552,0.00010375950156432553,9.61828537878348e-05,0.2,0
10.383333333333299,160,0,1.01,0.8842165395218626,0.010686823007280891,0.009003821563584232,0.00010426086079660742,9.657524195809973e-05,0.2,0
10.416666666666632,80,0,1.01,0.8843517191802855,0.010794530378917352,0.009064264964072737,0.000104765883808054,9.697089450273058e-05,0.2,0
10.449999999999966,0,160,1.01,0.884478066189123,0.01090014869877997,0.009122376949094327,0.0001052746002513599,9.73698414073937e-05,0.2,0
10.483333333333299,320,40,1.01,0.8846204868868983,0.011003476039146977,0.00917828169887412,0.00010578703900326397,9.777211160867075e-05,0.2,0
10.516666666666632,60,0,1.01,0.8847484845237242,0.011104403862595723,0.009232120094458465,0.00010630322813147099,9.817773295119445e-05,0.2,0
10.549999999999965,40,0,1.01,0.8848634431324063,0.011202890010703145,0.009284015478570485,0.0001068231948675448,9.858673214796466e-05,0.2,0
10.583333333333298,80,120,1.01,0.8849698945053455,0.011298888370192675,0.009334063171029347,0.00010734696558511277,9.899913474407308e-05,0.2,0
10.616666666666632,320,20,1.01,0.8850841755193185,0.011392346231966515,0.009382359601691672,0.0001078745657826994,9.941496508401309e-05,0.2,0
10.649999999999965,0,0,1.01,0.8851867917214308,0.011483307810730694,0.009428998988142404,0.00010840602007050375,9.983424628269494e-05,0.2,0
10.683333333333298,280,140,1.01,0.8852806495936837,0.011571837103992812,0.00947406000245073,0.00010894135216044784,0.00010025700020022948,0.2,0
10.716666666666631,460,0,1.01,0.885383625949527,0.011658037133936386,0.009517627369862707,0.00010948058485884628,0.00010068324742049136,0.2,0
10.749999999999964,0,20,1.01,0.8854730026197037,0.011742129662769725,0.009559780259188978,0.00011002374006108301,0.00010111300723342473,0.2,0
10.783333333333298,500,280,1.01,0.8855574666085717,0.011824306399789986,0.00960058335172502,0.00011057083874772581,0.0001015462976210164,0.2,0
10.816666666666631,60,120,1.01,0.8856655486793378,0.011904780653929132,0.009640128197542844,0.00011112190098156393,0.00010198313524683007,0.2,0
10.849999999999964,80,0,1.01,0.8857650501828651,0.01198371151928402,0.009678523582465355,0.00011167694590512382,0.00010242353544897352,0.2,0
10.883333333333297,0,120,1.01,0.8858491445188373,0.01206115216344686,0.009715854556689463,0.00011223599173829863,0.0001028675122363544,0.2,0
10.91666666666663,600,20,1.01,0.8859371329688398,0.01213704774543658,0.009752184584868921,0.00011279905577582215,0.00010331507828807178,0.2,0
10.949999999999964,80,120,1.01,0.8860152384089417,0.012211444724390189,0.00978755602636868,0.0001133661543844232,0.00010376624495578716,0.2,0
10.983333333333297,40,140,1.01,0.8860968883597989,0.012284439197117754,0.009822006022292763,0.0001139373029996051,0.0001042210222689204,0.2,0
11.01666666666663,100,0,1.01,0.886180402957995,0.012356069534215624,0.009855579506445802,0.00011451251612210292,0.00010467941894252206,0.2,0
11.049999999999963,0,160,1.01,0.8862515320486076,0.012426310756803314,0.009888312228036537,0.00011509180731416334,0.00010514144238768404,0.2,0
11.083333333333297,680,60,1.01,0.8863299464098979,0.01249508589735417,0.00992024050974017,0.00011567518919586762,0.00010560709872436012,0.2,0
11.11666666666663,0,140,1.01,0.8864015009242012,0.012562462181041883,0.009951398699761896,0.00011626267344176476,0.00010607639279647985,0.2,0
11.149999999999963,280,60,1.01,0.8864761225220517,0.012628551697318297,0.009981823510488754,0.00011685427077810113,0.00010654932818924557,0.2,0
11.183333333333296,0,0,1.01,0.8865444623942017,0.01269346012537645,0.010011547352811942,0.0001174499909809245,0.00010702590724850583,0.2,0
11.21666666666663,280,120,1.01,0.8866050256604183,0.01275722323428861,0.010040587089099232,0.00011804984287530716,0.00010750613110209746,0.2,0
11.249999999999963,0,0,1.01,0.8866693941000845,0.012819858640896355,0.0100689568970227,0.00011865383433588383,0.00010798999968304164,0.2,0
11.283333333333296,240,20,1.01,0.8867257021136243,0.01288134976447108,0.010096666145536934,0.00011926197228884202,0.00010847751175447003,0.2,0
11.31666666666663,140,20,1.01,0.8867790584350609,0.012941686765532144,0.010123718429437864,0.00011987426271544289,0.00010896866493614597,0.2,0
11.349999999999962,0,80,1.01,0.8868297335794906,0.013000875951849697,0.010150114836214976,0.00012049071065709813,0.00010946345573243235,0.2,0
11.383333333333296,0,60,1.01,0.8868815246940402,0.013058899592795646,0.01017586333150639,0.00012111132022198394,0.00010996187956154571,0.2,0
11.416666666666629,0,0,1.01,0.8869316365514782,0.013115702121092566,0.010200980081462923,0.00012173609459313781,0.00011046393078592337,0.2,0
11.449999999999962,460,100,1.01,0.8869770483874465,0.013171206967263049,0.010225480416503164,0.00012236503603795779,0.00011096960274351787,0.2,0
11.483333333333295,360,60,1.01,0.8870249001207923,0.013225433700040798,0.010249383409760494,0.00012299814591900017,0.00011147888777982203,0.2,0
11.516666666666628,320,200,1.01,0.8870707861203251,0.013278515096132782,0.010272711886052822,0.00012363542470595056,0.00011199177728041656,0.2,0
11.549999999999962,720,80,1.01,0.8871232115052929,0.013330636677126233,0.010295501631387217,0.00012427687198862046,0.00011250826170382461,0.2,0
11.583333333333295,0,0,1.01,0.8871713911078022,0.013382061248306133,0.010317792176318346,0.00012492248649079927,0.0001130283306144532,0.2,0
11.616666666666628,0,0,1.01,0.8872136953132389,0.013432988604837466,0.010339610224986612,0.0001255722660847706,0.00011355197271540324,0.2,0
11.649999999999961,0,0,1.01,0.8872528900935167,0.013483469460510657,0.010360965621568475,0.0001262262078062937,0.00011407917588093951,0.2,0
11.683333333333294,0,100,1.01,0.887289751535478,0.013533427115804672,0.010381857035012385,0.00012688430786985893,0.0001146099271884297,0.2,0
11.716666666666628,280,0,1.01,0.8873289945465456,0.01358272007249042,0.010402286917942113,0.00012754656168406203,0.00011514421294958919,0.2,0
11.749999999999961,0,160,1.01,0.8873642716491564,0.013631246722600165,0.01042226052071132,0.00012821296386700154,0.00011568201874090184,0.2,0
11.783333333333294,420,100,1.01,0.8874042492086314,0.01367893829348768,0.010441793719386423,0.00012888350826168642,0.00011622332943312617,0.2,0
11.816666666666627,60,0,1.01,0.887443199248632,0.013725803012427906,0.010460911098299464,0.00012955818795152438,0.00011676812921983408,0.2,0
11.84999999999996,620,0,1.01,0.8874774649763691,0.013771876574902817,0.010479632519141047,0.00013023699527603354,0.00011731640164496363,0.2,0
11.883333333333294,0,40,1.01,0.8875093831287916,0.013817269200690459,0.010497967120398478,0.00013091992184696217,0.00011786812962939425,0.2,0
11.916666666666627,0,120,1.01,0.8875409896430342,0.01386207914642971,0.01051591856445028,0.00013160695856500072,0.00011842329549657118,0.2,0
11.94999999999996,600,0,1.01,0.8875748042281646,0.013906325218266116,0.010533495925700633,0.00013229809563723352,0.00011898188099721658,0.2,0
11.983333333333293,0,40,1.01,0.887604785327373,0.013950051810086838,0.010550709134823939,0.00013299332259540927,0.00011954386733316874,0.2,0
12.016666666666627,0,80,1.01,0.8876342490280971,0.013993295498265224,0.010567566435291774,0.00013369262831503136,0.00012010923518039172,0.2,0
12.04999999999996,140,0,1.01,0.887664279987747,0.014036036151801216,0.01058407765283125,0.0001343960010351941,0.00012067796471119549,0.2,0
12.083333333333293,0,0,1.01,0.8876915139233345,0.014078222256588982,0.010600250853920775,0.00013510342837903753,0.00012125003561570406,0.2,0
12.116666666666626,80,20,1.01,0.8877172201151653,0.014119783876773984,0.010616090039307524,0.00013581489737466543,0.00012182542712260477,0.2,0
12.14999999999996,0,40,1.01,0.8877423020043025,0.014160652885383818,0.01063159736475046,0.0001365303944763677,0.00012240411801920875,0.2,0
12.183333333333293,420,100,1.01,0.8877671847774559,0.014200765324018762,0.010646776731210977,0.00013724990558600529,0.000122986086670848,0.2,0
12.216666666666626,0,0,1.01,0.8877933604524108,0.014240124333964,0.01066163841083922,0.00013797341607443608,0.00012357131103962933,0.2,0
12.24999999999996,0,120,1.01,0.8878169695363143,0.01427875823217939,0.010676193581542046,0.00013870091080287744,0.0001241597687025608,0.2,0
12.283333333333292,300,0,1.01,0.8878426608811555,0.014316673395115507,0.010690456408916566,0.00013943237414410414,0.00012475143686906071,0.2,0
12.316666666666626,0,0,1.01,0.8878655807613928,0.014353889874721526,0.010704439210372584,0.00014016779000336718,0.000125346292397853,0.2,0
12.349999999999959,0,0,1.01,0.8878871844708118,0.014390424618705593,0.0107181489879147,0.00014090714183889085,0.0001259443118132487,0.2,0
12.383333333333292,100,0,1.01,0.8879077963786464,0.014426271421540713,0.010731588196405092,0.00014165041268177162,0.0001265454713208097,0.2,0
12.416666666666625,140,0,1.01,0.8879275677732604,0.014461416813361432,0.010744757141251423,0.00014239758515507283,0.0001271497468223906,0.2,0
12.449999999999958,0,0,1.01,0.8879465933814823,0.014495861445713376,0.010757655941130694,0.00014314864149188875,0.00012775711393055736,0.2,0
12.483333333333292,0,0,1.01,0.8879649414696238,0.014529606652702424,0.010770285563394703,0.00014390356355215245,0.00012836754798238744,0.2,0
12.516666666666625,0,40,1.01,0.8879826653258339,0.014562643346682117,0.010782648159561564,0.00014466233283797817,0.00012898102405266252,0.2,0
12.549999999999958,220,0,1.01,0.8880006327867385,0.014594954218322118,0.01079474888777256,0.0001454249305073639,0.00012959751696647227,0.2,0
12.583333333333291,140,0,1.01,0.8880176357157024,0.01462654733388726,0.010806594363659277,0.00014619133738612392,0.0001302170013112514,0.2,0
12.616666666666625,0,80,1.01,0.8880340142296098,0.014657458612722489,0.010818190936372863,0.000146961533977971,0.0001308394514482729,0.2,0
12.649999999999958,380,0,1.01,0.888051413717863,0.014687720774470862,0.010829547740798638,0.0001477355004727152,0.0001314648415236168,0.2,0
12.683333333333291,140,0,1.01,0.8880675147025601,0.014717389931180522,0.010840674416496087,0.0001485132167525883,0.00013209314547862688,0.2,0
12.716666666666624,200,0,1.01,0.8880829430907704,0.014746533253499608,0.010851578631670166,0.00014929466239673985,0.00013272433705985957,0.2,0
12.749999999999957,0,0,1.01,0.8880978334289598,0.014775214478454934,0.010862265824131715,0.00015007981668398122,0.00013335838982852296,0.2,0
12.78333333333329,0,0,1.01,0.8881122482948809,0.01480346724974855,0.010872740067587539,0.0001508686585938833,0.00013399527716939896,0.2,0
12.816666666666624,0,0,1.01,0.8881262278990885,0.01483128857172691,0.010883004941810541,0.00015166116680636666,0.0001346349722992431,0.2,0
12.849999999999957,0,0,1.01,0.8881398022952629,0.014858651088415298,0.010893064051235803,0.00015245731969996173,0.00013527744827466167,0.2,0
12.88333333333329,0,0,1.01,0.8881529958500206,0.014885518796689807,0.010902921238000072,0.0001532570953489619,0.00013592267799947537,0.2,0
12.916666666666623,0,0,1.01,0.888165829288836,0.014911857901699166,0.010912580618037801,0.0001540604715197398,0.00013657063423159105,0.2,0
12.949999999999957,0,0,1.01,0.8881783207802029,0.014937641971264346,0.010922046537994832,0.00015486742566654023,0.00013722128958941447,0.2,0
12.98333333333329,0,0,1.01,0.8881904865741321,0.01496285326349445,0.010931323507466237,0.00015567793492709,0.00013787461655784795,0.2,0
13.016666666666623,0,0,1.01,0.8882023414096469,0.014987482120290864,0.0109404161316947,0.0001564919761183676,0.00013853058749392237,0.2,0
13.049999999999956,0,0,1.01,0.8882138987918108,0.015011525634447303,0.010949329054097635,0.00015730952573284583,0.00013918917463211688,0.2,0
13.08333333333329,0,0,1.01,0.8882251711898576,0.0150349862062623,0.010958066910658955,0.00015813055993545952,0.00013985035008941792,0.2,0
13.116666666666623,0,0,1.01,0.8882361701848662,0.015057870248069037,0.0109666342952689,0.00015895505456146186,0.00014051408587016471,0.2,0
13.149999999999956,0,0,1.01,0.8882469065836266,0.015080187114235158,0.010975035734179597,0.00015978298511522856,0.00014118035387072355,0.2,0
13.18333333333329,0,-80,1.01,0.8882573905089377,0.015101948254764536,0.010983275667682027,0.00016061432676995924,0.0001418491258840251,0.2,0
13.216666666666622,0,-540,1.01,0.8882676314729134,0.015123166561845681,0.010991358437353441,0.00016144905436812681,0.00014252037360399416,0.2,0
13.249999999999956,0,-400,1.01,0.888277638437672,0.015143855872625152,0.010999288277537354,0.00016228714242244726,0.00014319406862989582,0.2,0
13.283333333333289,0,-220,1.01,0.8882874198664189,0.015164030594395608,0.011007069310010486,0.00016312856511709178,0.0001438701824706178,0.2,0
13.316666666666622,0,-420,1.01,0.8882969837670505,0.015183705424041473,0.011014705541034571,0.0001639732963088436,0.00014454868654890829,0.2,0
13.349999999999955,0,-120,1.01,0.8883063377298226,0.01520289513939565,0.011022200860183571,0.00016482130952791488,0.0001452295522055861,0.2,0
13.383333333333288,0,-240,1.01,0.8883154889602256,0.015221614445209978,0.011029559040485267,0.00016567257797817444,0.00014591275070374184,0.2,0
13.416666666666622,0,-380,1.01,0.8883244443079321,0.015239877860523717,0.011036783739528886,0.00016652707453659475,0.0001465982532329479,0.2,0
13.449999999999955,0,-100,1.01,0.8883332102924826,0.015257699637396203,0.011043878501275601,0.00016738477175179493,0.00014728603091349716,0.2,0
13.483333333333288,0,-540,1.01,0.8883417931262286,0.015275093703403192,0.011050846758372833,0.00016824564184163033,0.00014797605480068953,0.2,0
13.516666666666621,0,0,1.01,0.888350198734949,0.015292073622139685,0.011057691834821639,0.00016910965668984966,0.00014866829588918684,0.2,0
13.549999999999955,0,0,1.01,0.8883584327764691,0.015308652567362033,0.011064416948882971,0.0001699767878419069,0.00014936272511745355,0.2,0
13.583333333333288,0,-220,1.01,0.8883665006575555,0.015324843307449357,0.011071025216136227,0.00017084700650006794,0.00015005931337230244,0.2,0
13.616666666666621,0,-100,1.01,0.8883744075493082,0.015340658197654107,0.011077519652624537,0.00017172028351799455,0.00015075803149355987,0.2,0
13.649999999999954,0,-40,1.01,0.8883821584012349,0.015356109178208545,0.01108390317803721,0.0001725965893950166,0.0001514588502788638,0.2,0
13.683333333333287,0,-140,1.01,0.8883897579541636,0.015371207776806442,0.011090178618892034,0.00017347589427031893,0.00015216174048860492,0.2,0
13.71666666666662,0,0,1.01,0.8883972107521243,0.015385965114323557,0.011096348711689498,0.00017435816791727327,0.00015286667285101772,0.2,0
13.749999999999954,0,-340,1.01,0.8884045211533109,0.015400391912903266,0.011102416106018257,0.00017524337973813962,0.00015357361806742485,0.2,0
13.783333333333287,0,0,1.01,0.8884116933402216,0.015414498505735008,0.011108383367596666,0.00017613149875934722,0.00015428254681763533,0.2,0
13.81666666666662,0,-40,1.01,0.8884187313290578,0.015428294848008058,0.011114252981239579,0.00017702249362754445,0.00015499342976549364,0.2,0
13.849999999999953,0,-500,1.01,0.8884256389784558,0.015441790528642476,0.01112002735374288,0.00017791633260658216,0.00015570623756457395,0.2,0
13.883333333333287,0,0,1.01,0.8884324199976135,0.015454994782491476,0.011125708816680794,0.00017881298357556803,0.00015642094086401078,0.2,0
13.91666666666662,0,0,1.01,0.8884390779538663,0.015467916502781108,0.011131299629112985,0.00017971241402810068,0.00015713751031445555,0.2,0
13.949999999999953,0,-260,1.01,0.8884456162797637,0.015480564253608853,0.011136801980200008,0.00018061459107276322,0.00015785591657414597,0.2,0
13.983333333333286,0,-160,1.01,0.8884520382796863,0.015492946282366112,0.011142217991726797,0.00018151948143493046,0.0001585761303150741,0.2,0
14.01666666666662,0,-60,1.01,0.8884583471360443,0.015505070531983443,0.011147549720534798,0.00018242705145991628,0.00015929812222923717,0.2,0
14.049999999999953,0,-120,1.01,0.8884645459150907,0.01551694465292381,0.01115279916086401,0.00018333726711746543,0.00016002186303495507,0.2,0
14.083333333333286,0,-360,1.01,0.8884706375723797,0.015528576014869748,0.011157968246606692,0.0001842500940075741,0.00016074732348323717,0.2,0
14.11666666666662,0,0,1.01,0.8884766249578984,0.01553997171806646,0.01116305885347488,0.00018516549736760423,0.00016147447436418107,0.2,0
14.149999999999952,0,-200,1.01,0.8884825108208969,0.015551138604295371,0.011168072801084079,0.0001860834420806419,0.00016220328651338648,0.2,0
14.183333333333286,0,0,1.01,0.8884882978144385,0.015562083267462487,0.011173011854955728,0.00018700389268503888,0.0001629337308183665,0.2,0
14.216666666666619,0,-260,1.01,0.8884939884996905,0.015572812063793386,0.011177877728441095,0.00018792681338506448,0.00016366577822494045,0.2,0
14.249999999999952,0,-20,1.01,0.8884995853499754,0.01558333112163255,0.011182672084569351,0.0001888521680625887,0.0001643993997435916,0.2,0
14.283333333333285,0,-120,1.01,0.8885050907545975,0.015593646350849148,0.011187396537822593,0.00018977992028971198,0.00016513456645577502,0.2,0
14.316666666666618,0,0,1.01,0.8885105070224616,0.015603763451854784,0.011192052655840572,0.0001907100333422532,0.00016587124952016053,0.2,0
14.349999999999952,0,-100,1.01,0.8885158363854975,0.015613687924241214,0.011196641961057865,0.00019164247021400606,0.00016660942017879808,0.2,0
14.383333333333285,0,-280,1.01,0.8885210810019033,0.015623425075047886,0.01120116593227616,0.0001925771936316728,0.00016734904976319241,0.2,0
14.416666666666618,0,-20,1.01,0.8885262429592189,0.015632980026670445,0.011205626006174276,0.0001935141660703865,0.00016809010970027545,0.2,0
14.449999999999951,0,-180,1.01,0.8885313242772412,0.015642357724422264,0.011210023578758489,0.00019445334976973352,0.00016883257151826636,0.2,0
14.483333333333285,0,-140,1.01,0.888536326910791,0.01565156294376159,0.011214360006755611,0.0001953947067501915,0.00016957640685240938,0.2,0
14.516666666666618,0,-120,1.01,0.8885412527523399,0.015660600297197198,0.011218636608951236,0.00019633819882990111,0.00017032158745058123,0.2,0
14.549999999999951,0,0,1.01,0.8885461036345075,0.015669474240885554,0.011222854667475442,0.00019728378764169327,0.00017106808517876028,0.2,0
14.583333333333284,0,-140,1.01,0.8885508813324354,0.015678189080932468,0.0112270154290382,0.0001982314346502987,0.00017181587202635121,0.2,0
14.616666666666617,0,0,1.01,0.8885555875660454,0.015686748979411972,0.011231120106116594,0.00019918110116967067,0.0001725649201113596,0.2,0
14.64999999999995,0,0,1.01,0.8885602240021896,0.015695157960114968,0.01123516987809592,0.00020013274838035544,0.0001733152016854111,0.2,0
14.683333333333284,0,-160,1.01,0.8885647922566982,0.015703419914039844,0.011239165892366643,0.00020108633734685147,0.0001740666891386123,0.2,0
14.716666666666617,0,-360,1.01,0.8885692938963303,0.01571153860463688,0.011243109265379067,0.00020204182903490168,0.00017481935500424887,0.2,0
14.74999999999995,0,-160,1.01,0.8885737304406348,0.01571951767281787,0.01124700108365755,0.00020299918432866823,0.00017557317196331983,0.2,0
14.783333333333283,0,0,1.01,0.8885781033637243,0.015727360641741964,0.011250842404775967,0.0002039583640477435,0.00017632811284890541,0.2,0
14.816666666666617,0,-60,1.01,0.8885824140959688,0.0157350709213883,0.0112546342582961,0.00020491932896395606,0.00017708415065036714,0.2,0
14.84999999999995,0,-140,1.01,0.8885866640256123,0.015742651812925522,0.011258377646670495,0.00020588203981793362,0.000177841258517381,0.2,0
14.883333333333283,0,-260,1.01,0.8885908545003168,0.015750106512887933,0.011262073546111334,0.00020684645733538972,0.0001785994097638017,0.2,0
14.916666666666616,0,0,1.01,0.8885949868286389,0.015757438117167483,0.011265722907426723,0.00020781254224310465,0.00017935857787136042,0.2,0
14.94999999999995,0,-40,1.01,0.8885990622814394,0.015764649624830436,0.011269326656825802,0.00020878025528457437,0.0001801187364931956,0.2,0
14.983333333333283,0,0,1.01,0.8886030820932329,0.01577174394176714,0.011272885696693971,0.00020974955723530503,0.0001808798594572189,0.2,0
