Time,Low,High
-41.95,2.059588422,0
-41.93308333,2.038625379,0
-41.91616667,2.03087917,0
-41.89925,2.033530774,0
-41.88233333,2.021551141,0
-41.86541667,2.008769307,0
-41.8485,2.004673581,0
-41.83158333,1.993832654,0
-41.81466667,1.978213531,0
-41.79775,1.97088405,0
-41.78083333,1.964570215,0
-41.76391667,1.959988209,0
-41.747,1.958684313,0
-41.73008333,1.955186952,0
-41.71316667,1.941156298,0
-41.69625,1.936227015,0
-41.67933333,1.935290111,0
-41.66241667,1.930060708,0
-41.6455,1.941502873,0
-41.62858333,1.968884565,0
-41.61166667,1.990127473,0
-41.59475,2.010584484,0
-41.57783333,2.030240813,0
-41.56091667,2.051640727,0
-41.544,2.060928103,0
-41.52708333,2.07395214,0
-41.51016667,2.075916818,0
-41.49325,2.067123705,0
-41.47633333,2.061284211,0
-41.45941667,2.05574045,0
-41.4425,2.047129727,0
-41.42558333,2.035912322,0
-41.40866667,2.024975228,0
-41.39175,2.016289413,0
-41.37483333,2.008595862,0
-41.35791667,1.999026349,0
-41.341,1.982280878,0
-41.32408333,1.971151411,0
-41.30716667,1.970693934,0
-41.29025,1.980121986,0
-41.27333333,1.972906849,0
-41.25641667,1.953598638,0
-41.2395,1.936560766,0
-41.22258333,1.923652862,0
-41.20566667,1.903224044,0
-41.18875,1.880673236,0
-41.17183333,1.880890278,0
-41.15491667,1.898627301,0
-41.138,1.911825851,0
-41.12108333,1.917803317,0
-41.10416667,1.909292271,0
-41.08725,1.918927723,0
-41.07033333,1.942215002,0
-41.05341667,1.974767265,0
-41.0365,2.005789031,0
-41.01958333,2.025145468,0
-41.00266667,2.054961412,0
-40.98575,2.076981693,0
-40.96883333,2.086357762,0
-40.95191667,2.087454698,0
-40.935,2.093703524,0
-40.91808333,2.105143468,0
-40.90116667,2.106160936,0
-40.88425,2.108890051,0
-40.86733333,2.101742391,0
-40.85041667,2.099632199,0
-40.8335,2.118545376,0
-40.81658333,2.108305317,0
-40.79966667,2.09740134,0
-40.78275,2.080093391,0
-40.76583333,2.072573684,0
-40.74891667,2.059540266,0
-40.732,2.054627996,0
-40.71508333,2.050454516,0
-40.69816667,2.022157285,0
-40.68125,2.011318861,0
-40.66433333,1.980838431,0
-40.64741667,1.933922855,0
-40.6305,1.899074223,0
-40.61358333,1.845253796,0
-40.59666667,1.790783486,0
-40.57975,1.743602815,0
-40.56283333,1.707131153,0
-40.54591667,1.662779067,0
-40.529,1.617542468,0
-40.51208333,1.597854559,0
-40.49516667,1.570018049,0
-40.47825,1.545571579,0
-40.46133333,1.528825674,0
-40.44441667,1.514160572,0
-40.4275,1.52487228,0
-40.41058333,1.537631612,0
-40.39366667,1.550854398,0
-40.37675,1.556126936,0
-40.35983333,1.547446323,0
-40.34291667,1.550038868,0
-40.326,1.532834259,0
-40.30908333,1.517441225,0
-40.29216667,1.5109693,0
-40.27525,1.518459311,0
-40.25833333,1.517207019,0
-40.24141667,1.504810921,0
-40.2245,1.50857518,0
-40.20758333,1.511702545,0
-40.19066667,1.530143502,0
-40.17375,1.566942007,0
-40.15683333,1.598588205,0
-40.13991667,1.630903954,0
-40.123,1.646087977,0
-40.10608333,1.650426749,0
-40.08916667,1.641634484,0
-40.07225,1.658519205,0
-40.05533333,1.666918926,0
-40.03841667,1.668050737,0
-40.0215,1.659642383,0
-40.00458333,1.629264367,0
-39.98766667,1.588435678,0
-39.97075,1.558083199,0
-39.95383333,1.539032211,0
-39.93691667,1.545795761,0
-39.92,1.572186468,0
-39.90308333,1.586396311,0
-39.88616667,1.585060405,0
-39.86925,1.600672114,0
-39.85233333,1.604052734,0
-39.83541667,1.63182724,0
-39.8185,1.682386935,0
-39.80158333,1.744038948,0
-39.78466667,1.777552323,0
-39.76775,1.807218941,0
-39.75083333,1.826826665,0
-39.73391667,1.840545306,0
-39.717,1.851577156,0
-39.70008333,1.87041672,0
-39.68316667,1.896978524,0
-39.66625,1.944248743,0
-39.64933333,1.969154348,0
-39.63241667,1.97822195,0
-39.6155,1.99248399,0
-39.59858333,2.01323143,0
-39.58166667,2.026354413,0
-39.56475,2.040168873,0
-39.54783333,2.046909869,0
-39.53091667,2.049618667,0
-39.514,2.036082166,0
-39.49708333,2.001201202,0
-39.48016667,1.966924064,0
-39.46325,1.940908811,0
-39.44633333,1.922338344,0
-39.42941667,1.892931348,0
-39.4125,1.867579179,0
-39.39558333,1.840856302,0
-39.37866667,1.800589707,0
-39.36175,1.782598892,0
-39.34483333,1.77528877,0
-39.32791667,1.76999105,0
-39.311,1.779150445,0
-39.29408333,1.784661006,0
-39.27716667,1.778096893,0
-39.26025,1.761178578,0
-39.24333333,1.729917944,0
-39.22641667,1.696952322,0
-39.2095,1.684455925,0
-39.19258333,1.687721731,0
-39.17566667,1.689133937,0
-39.15875,1.707355928,0
-39.14183333,1.744783242,0
-39.12491667,1.785417881,0
-39.108,1.804535965,0
-39.09108333,1.848215468,0
-39.07416667,1.889301957,0
-39.05725,1.932170756,0
-39.04033333,1.964586146,0
-39.02341667,1.983196394,0
-39.0065,1.991076333,0
-38.98958333,1.967993652,0
-38.97266667,1.940135212,0
-38.95575,1.898838,0
-38.93883333,1.854362646,0
-38.92191667,1.832401846,0
-38.905,1.807918117,0
-38.88808333,1.794170531,0
-38.87116667,1.788557567,0
-38.85425,1.815001473,0
-38.83733333,1.823239934,0
-38.82041667,1.831179746,0
-38.8035,1.8557466,0
-38.78658333,1.866626321,0
-38.76966667,1.890990855,0
-38.75275,1.893110492,0
-38.73583333,1.893191482,0
-38.71891667,1.88617024,0
-38.702,1.883644898,0
-38.68508333,1.894203638,0
-38.66816667,1.877821499,0
-38.65125,1.888905082,0
-38.63433333,1.911757138,0
-38.61741667,1.947855005,0
-38.6005,1.982579422,0
-38.58358333,1.999143774,0
-38.56666667,2.031871939,0
-38.54975,2.042848353,0
-38.53283333,2.040586613,0
-38.51591667,2.041219065,0
-38.499,2.033659259,0
-38.48208333,2.024807496,0
-38.46516667,1.992977814,0
-38.44825,1.963525276,0
-38.43133333,1.919144841,0
-38.41441667,1.881093338,0
-38.3975,1.843634181,0
-38.38058333,1.797978264,0
-38.36366667,1.761502736,0
-38.34675,1.743237074,0
-38.32983333,1.701694883,0
-38.31291667,1.683084462,0
-38.296,1.65233952,0
-38.27908333,1.626907843,0
-38.26216667,1.585289137,0
-38.24525,1.554900318,0
-38.22833333,1.530902235,0
-38.21141667,1.508287808,0
-38.1945,1.49037918,0
-38.17758333,1.486920331,0
-38.16066667,1.473707821,0
-38.14375,1.477924169,0
-38.12683333,1.471614981,0
-38.10991667,1.486388512,0
-38.093,1.506404715,0
-38.07608333,1.551493491,0
-38.05916667,1.581508898,0
-38.04225,1.603953042,0
-38.02533333,1.632678237,0
-38.00841667,1.655062817,0
-37.9915,1.670286163,0
-37.97458333,1.681081937,0
-37.95766667,1.703137067,0
-37.94075,1.713294678,0
-37.92383333,1.729941434,0
-37.90691667,1.759914939,0
-37.89,1.77238738,0
-37.87308333,1.779729265,0
-37.85616667,1.805667061,0
-37.83925,1.823211053,0
-37.82233333,1.847650707,0
-37.80541667,1.878516145,0
-37.7885,1.926706595,0
-37.77158333,1.954367811,0
-37.75466667,1.991901372,0
-37.73775,2.025422751,0
-37.72083333,2.033029798,0
-37.70391667,2.037279658,0
-37.687,2.055039605,0
-37.67008333,2.038697114,0
-37.65316667,2.047936139,0
-37.63625,2.049779891,0
-37.61933333,2.034071997,0
-37.60241667,2.013745178,0
-37.5855,1.994372621,0
-37.56858333,1.953049486,0
-37.55166667,1.896706913,0
-37.53475,1.867274012,0
-37.51783333,1.854709866,0
-37.50091667,1.847026446,0
-37.484,1.853800617,0
-37.46708333,1.849011566,0
-37.45016667,1.857412029,0
-37.43325,1.879823074,0
-37.41633333,1.903261693,0
-37.39941667,1.926419926,0
-37.3825,1.966587004,0
-37.36558333,2.019385503,0
-37.34866667,2.074691077,0
-37.33175,2.11686343,0
-37.31483333,2.134270324,0
-37.29791667,2.16232885,0
-37.281,2.175731188,0
-37.26408333,2.174117119,0
-37.24716667,2.165447179,0
-37.23025,2.154689424,0
-37.21333333,2.162291739,0
-37.19641667,2.150043023,0
-37.1795,2.12794449,0
-37.16258333,2.102556056,0
-37.14566667,2.067498989,0
-37.12875,2.056761857,0
-37.11183333,2.034311292,0
-37.09491667,2.026160679,0
-37.078,2.019586978,0
-37.06108333,2.026224136,0
-37.04416667,2.017616625,0
-37.02725,1.988817,0
-37.01033333,1.975101439,0
-36.99341667,1.982178963,0
-36.9765,1.98559294,0
-36.95958333,2.003554975,0
-36.94266667,1.993020054,0
-36.92575,1.973982133,0
-36.90883333,1.952745009,0
-36.89191667,1.950119222,0
-36.875,1.93074749,0
-36.85808333,1.918408783,0
-36.84116667,1.907480804,0
-36.82425,1.889619036,0
-36.80733333,1.847630327,0
-36.79041667,1.802354711,0
-36.7735,1.739230932,0
-36.75658333,1.710297805,0
-36.73966667,1.695278893,0
-36.72275,1.669545386,0
-36.70583333,1.644917124,0
-36.68891667,1.625344742,0
-36.672,1.622876562,0
-36.65508333,1.618737858,0
-36.63816667,1.632386761,0
-36.62125,1.664796071,0
-36.60433333,1.708127143,0
-36.58741667,1.75818945,0
-36.5705,1.796168083,0
-36.55358333,1.844183081,0
-36.53666667,1.888062155,0
-36.51975,1.922269651,0
-36.50283333,1.945445198,0
-36.48591667,1.95775201,0
-36.469,1.973002288,0
-36.45208333,1.965310447,0
-36.43516667,1.949660299,0
-36.41825,1.93467857,0
-36.40133333,1.927523045,0
-36.38441667,1.924757017,0
-36.3675,1.897234299,0
-36.35058333,1.89547904,0
-36.33366667,1.888309802,0
-36.31675,1.879518889,0
-36.29983333,1.86095554,0
-36.28291667,1.840139884,0
-36.266,1.839441884,0
-36.24908333,1.82497202,0
-36.23216667,1.787177262,0
-36.21525,1.74768331,0
-36.19833333,1.711479428,0
-36.18141667,1.699227482,0
-36.1645,1.671408507,0
-36.14758333,1.637392715,0
-36.13066667,1.633418971,0
-36.11375,1.627466096,0
-36.09683333,1.633852003,0
-36.07991667,1.632566212,0
-36.063,1.644601979,0
-36.04608333,1.658529372,0
-36.02916667,1.680418697,0
-36.01225,1.692553438,0
-35.99533333,1.686481184,0
-35.97841667,1.680707777,0
-35.9615,1.695966394,0
-35.94458333,1.705942962,0
-35.92766667,1.740016248,0
-35.91075,1.758160878,0
-35.89383333,1.789261728,0
-35.87691667,1.822834904,0
-35.86,1.879810226,0
-35.84308333,1.913961272,0
-35.82616667,1.948513727,0
-35.80925,2.003414345,0
-35.79233333,2.062214912,0
-35.77541667,2.092441873,0
-35.7585,2.100963589,0
-35.74158333,2.101557893,0
-35.72466667,2.118031941,0
-35.70775,2.107010278,0
-35.69083333,2.098425714,0
-35.67391667,2.093262402,0
-35.657,2.101296993,0
-35.64008333,2.09545949,0
-35.62316667,2.068888916,0
-35.60625,2.021963173,0
-35.58933333,1.994653527,0
-35.57241667,1.969486265,0
-35.5555,1.920694111,0
-35.53858333,1.877958727,0
-35.52166667,1.857534627,0
-35.50475,1.829891232,0
-35.48783333,1.780532606,0
-35.47091667,1.724561069,0
-35.454,1.688866222,0
-35.43708333,1.670415058,0
-35.42016667,1.67152947,0
-35.40325,1.668226375,0
-35.38633333,1.682809675,0
-35.36941667,1.709953864,0
-35.3525,1.718983,0
-35.33558333,1.713423366,0
-35.31866667,1.717936299,0
-35.30175,1.735860648,0
-35.28483333,1.743858249,0
-35.26791667,1.752239851,0
-35.251,1.748463313,0
-35.23408333,1.743119646,0
-35.21716667,1.736527656,0
-35.20025,1.711278524,0
-35.18333333,1.683381705,0
-35.16641667,1.667515439,0
-35.1495,1.653375126,0
-35.13258333,1.639198969,0
-35.11566667,1.615127642,0
-35.09875,1.606727313,0
-35.08183333,1.595915302,0
-35.06491667,1.596738251,0
-35.048,1.592498007,0
-35.03108333,1.593429743,0
-35.01416667,1.612058322,0
-34.99725,1.645611299,0
-34.98033333,1.674979747,0
-34.96341667,1.700089816,0
-34.9465,1.725239489,0
-34.92958333,1.768502427,0
-34.91266667,1.802191691,0
-34.89575,1.822578826,0
-34.87883333,1.84223225,0
-34.86191667,1.862420267,0
-34.845,1.888603239,0
-34.82808333,1.901154648,0
-34.81116667,1.894029467,0
-34.79425,1.875257408,0
-34.77733333,1.863321144,0
-34.76041667,1.848369412,0
-34.7435,1.81396727,0
-34.72658333,1.800365297,0
-34.70966667,1.806256814,0
-34.69275,1.814636914,0
-34.67583333,1.816937478,0
-34.65891667,1.81247263,0
-34.642,1.819811319,0
-34.62508333,1.83662814,0
-34.60816667,1.867466503,0
-34.59125,1.881061122,0
-34.57433333,1.892139925,0
-34.55741667,1.897379366,0
-34.5405,1.90057188,0
-34.52358333,1.899000297,0
-34.50666667,1.89672221,0
-34.48975,1.885682949,0
-34.47283333,1.874965272,0
-34.45591667,1.861124684,0
-34.439,1.846201526,0
-34.42208333,1.837676272,0
-34.40516667,1.838318512,0
-34.38825,1.842938927,0
-34.37133333,1.861880336,0
-34.35441667,1.865253141,0
-34.3375,1.873713617,0
-34.32058333,1.87823913,0
-34.30366667,1.892649159,0
-34.28675,1.90523255,0
-34.26983333,1.910472369,0
-34.25291667,1.916998663,0
-34.236,1.908766737,0
-34.21908333,1.911167652,0
-34.20216667,1.911828084,0
-34.18525,1.899963754,0
-34.16833333,1.887414429,0
-34.15141667,1.857385816,0
-34.1345,1.845840449,0
-34.11758333,1.828542054,0
-34.10066667,1.802499168,0
-34.08375,1.797320023,0
-34.06683333,1.807137289,0
-34.04991667,1.831981532,0
-34.033,1.856878073,0
-34.01608333,1.883672203,0
-33.99916667,1.923231232,0
-33.98225,1.976262087,0
-33.96533333,2.03260699,0
-33.94841667,2.071495374,0
-33.9315,2.104210169,0
-33.91458333,2.132936612,0
-33.89766667,2.155575154,0
-33.88075,2.154523977,0
-33.86383333,2.131053257,0
-33.84691667,2.123634888,0
-33.83,2.132570405,0
-33.81308333,2.123674752,0
-33.79616667,2.113862854,0
-33.77925,2.105293803,0
-33.76233333,2.075589113,0
-33.74541667,2.074820601,0
-33.7285,2.075821228,0
-33.71158333,2.069775412,0
-33.69466667,2.060507215,0
-33.67775,2.08245396,0
-33.66083333,2.091856218,0
-33.64391667,2.082937924,0
-33.627,2.087081372,0
-33.61008333,2.090200841,0
-33.59316667,2.078407249,0
-33.57625,2.088132575,0
-33.55933333,2.077687565,0
-33.54241667,2.078664344,0
-33.5255,2.074396056,0
-33.50858333,2.075605494,0
-33.49166667,2.072510325,0
-33.47475,2.050824488,0
-33.45783333,2.025311553,0
-33.44091667,1.994333732,0
-33.424,1.973551272,0
-33.40708333,1.978221183,0
-33.39016667,1.978552347,0
-33.37325,1.980396736,0
-33.35633333,1.989041624,0
-33.33941667,1.983008836,0
-33.3225,1.992987803,0
-33.30558333,1.977007051,0
-33.28866667,1.9604592,0
-33.27175,1.950231364,0
-33.25483333,1.936706859,0
-33.23791667,1.922977888,0
-33.221,1.892221474,0
-33.20408333,1.852990047,0
-33.18716667,1.823874964,0
-33.17025,1.803459058,0
-33.15333333,1.805598062,0
-33.13641667,1.807805589,0
-33.1195,1.804884784,0
-33.10258333,1.822766454,0
-33.08566667,1.818974825,0
-33.06875,1.831312538,0
-33.05183333,1.815582478,0
-33.03491667,1.802627139,0
-33.018,1.790467228,0
-33.00108333,1.786250912,0
-32.98416667,1.765866167,0
-32.96725,1.74896431,0
-32.95033333,1.714349008,0
-32.93341667,1.691065068,0
-32.9165,1.668424798,0
-32.89958333,1.652567607,0
-32.88266667,1.619227668,0
-32.86575,1.588170897,0
-32.84883333,1.566640149,0
-32.83191667,1.571805147,0
-32.815,1.573638116,0
-32.79808333,1.563197138,0
-32.78116667,1.553755927,0
-32.76425,1.555243431,0
-32.74733333,1.560556355,0
-32.73041667,1.572183841,0
-32.7135,1.58573814,0
-32.69658333,1.583721153,0
-32.67966667,1.610758636,0
-32.66275,1.619613928,0
-32.64583333,1.607278449,0
-32.62891667,1.591676404,0
-32.612,1.599122979,0
-32.59508333,1.591620328,0
-32.57816667,1.592714845,0
-32.56125,1.604305721,0
-32.54433333,1.606569693,0
-32.52741667,1.611569212,0
-32.5105,1.652720265,0
-32.49358333,1.68195273,0
-32.47666667,1.733864101,0
-32.45975,1.773330286,0
-32.44283333,1.792331254,0
-32.42591667,1.801185744,0
-32.409,1.813384683,0
-32.39208333,1.811724013,0
-32.37516667,1.809234114,0
-32.35825,1.804834436,0
-32.34133333,1.806408844,0
-32.32441667,1.802883264,0
-32.3075,1.796498466,0
-32.29058333,1.778652684,0
-32.27366667,1.787247214,0
-32.25675,1.818684857,0
-32.23983333,1.849518456,0
-32.22291667,1.889625776,0
-32.206,1.937951824,0
-32.18908333,1.987947061,0
-32.17216667,2.0268964,0
-32.15525,2.075644123,0
-32.13833333,2.127235384,0
-32.12141667,2.172071367,0
-32.1045,2.211550037,0
-32.08758333,2.23645437,0
-32.07066667,2.24924658,0
-32.05375,2.247034054,0
-32.03683333,2.226177102,0
-32.01991667,2.207801436,0
-32.003,2.175987532,0
-31.98608333,2.160153148,0
-31.96916667,2.135403093,0
-31.95225,2.097350053,0
-31.93533333,2.075113579,0
-31.91841667,2.074017843,0
-31.9015,2.09017676,0
-31.88458333,2.097624479,0
-31.86766667,2.101209777,0
-31.85075,2.107856624,0
-31.83383333,2.099785039,0
-31.81691667,2.104314581,0
-31.8,2.109565497,0
-31.78308333,2.100465627,0
-31.76616667,2.098898737,0
-31.74925,2.085214869,0
-31.73233333,2.034601005,0
-31.71541667,1.974962963,0
-31.6985,1.926689776,0
-31.68158333,1.90897403,0
-31.66466667,1.885837333,0
-31.64775,1.869846846,0
-31.63083333,1.825199857,0
-31.61391667,1.776237297,0
-31.597,1.757740404,0
-31.58008333,1.739635511,0
-31.56316667,1.728931355,0
-31.54625,1.730226733,0
-31.52933333,1.740922757,0
-31.51241667,1.773345091,0
-31.4955,1.792652346,0
-31.47858333,1.809811996,0
-31.46166667,1.829614077,0
-31.44475,1.870548733,0
-31.42783333,1.923977871,0
-31.41091667,1.961670598,0
-31.394,1.999032805,0
-31.37708333,2.028334048,0
-31.36016667,2.065907401,0
-31.34325,2.084697078,0
-31.32633333,2.094255828,0
-31.30941667,2.103506188,0
-31.2925,2.11125636,0
-31.27558333,2.128687474,0
-31.25866667,2.131641775,0
-31.24175,2.119977496,0
-31.22483333,2.116299576,0
-31.20791667,2.107943066,0
-31.191,2.102485659,0
-31.17408333,2.09974019,0
-31.15716667,2.092711625,0
-31.14025,2.091556315,0
-31.12333333,2.072747178,0
-31.10641667,2.069672646,0
-31.0895,2.052943811,0
-31.07258333,2.052626028,0
-31.05566667,2.070623229,0
-31.03875,2.088959367,0
-31.02183333,2.107185023,0
-31.00491667,2.12923764,0
-30.988,2.144135717,0
-30.97108333,2.178363931,0
-30.95416667,2.186059676,0
-30.93725,2.195871943,0
-30.92033333,2.186485362,0
-30.90341667,2.172671907,0
-30.8865,2.160981605,0
-30.86958333,2.14739561,0
-30.85266667,2.112359669,0
-30.83575,2.083207641,0
-30.81883333,2.042941505,0
-30.80191667,2.009348203,0
-30.785,1.974059126,0
-30.76808333,1.950517981,0
-30.75116667,1.942386568,0
-30.73425,1.937839669,0
-30.71733333,1.941906937,0
-30.70041667,1.94109746,0
-30.6835,1.910061556,0
-30.66658333,1.88453131,0
-30.64966667,1.850689309,0
-30.63275,1.83152071,0
-30.61583333,1.799754747,0
-30.59891667,1.775893968,0
-30.582,1.755812543,0
-30.56508333,1.74406966,0
-30.54816667,1.744282269,0
-30.53125,1.734342856,0
-30.51433333,1.717906769,0
-30.49741667,1.715689247,0
-30.4805,1.711837273,0
-30.46358333,1.712206196,0
-30.44666667,1.708289112,0
-30.42975,1.717008737,0
-30.41283333,1.716241287,0
-30.39591667,1.712038657,0
-30.379,1.708157675,0
-30.36208333,1.707959033,0
-30.34516667,1.715443081,0
-30.32825,1.723264994,0
-30.31133333,1.730117802,0
-30.29441667,1.760630929,0
-30.2775,1.789412968,0
-30.26058333,1.812195784,0
-30.24366667,1.830862961,0
-30.22675,1.866079221,0
-30.20983333,1.897048261,0
-30.19291667,1.914686552,0
-30.176,1.917281391,0
-30.15908333,1.916839615,0
-30.14216667,1.917506428,0
-30.12525,1.931598066,0
-30.10833333,1.942736205,0
-30.09141667,1.956199998,0
-30.0745,1.984658756,0
-30.05758333,2.000917506,0
-30.04066667,2.003175536,0
-30.02375,1.997624314,0
-30.00683333,1.996392763,0
-29.98991667,2.019002499,0
-29.973,2.042288478,0
-29.95608333,2.057764518,0
-29.93916667,2.055460777,0
-29.92225,2.04480234,0
-29.90533333,2.023233966,0
-29.88841667,1.991961131,0
-29.8715,1.970129183,0
-29.85458333,1.929409615,0
-29.83766667,1.908078327,0
-29.82075,1.895338694,0
-29.80383333,1.871781414,0
-29.78691667,1.861257718,0
-29.77,1.850892275,0
-29.75308333,1.835220743,0
-29.73616667,1.814423618,0
-29.71925,1.805888761,0
-29.70233333,1.811412475,0
-29.68541667,1.817321167,0
-29.6685,1.840318841,0
-29.65158333,1.853462454,0
-29.63466667,1.851608888,0
-29.61775,1.837886454,0
-29.60083333,1.808127495,0
-29.58391667,1.794823857,0
-29.567,1.804982419,0
-29.55008333,1.817682044,0
-29.53316667,1.819219713,0
-29.51625,1.79557049,0
-29.49933333,1.776448554,0
-29.48241667,1.776397346,0
-29.4655,1.766204448,0
-29.44858333,1.752279565,0
-29.43166667,1.736345072,0
-29.41475,1.735724625,0
-29.39783333,1.730411255,0
-29.38091667,1.700666157,0
-29.364,1.672526194,0
-29.34708333,1.675661519,0
-29.33016667,1.678766993,0
-29.31325,1.691090701,0
-29.29633333,1.664910945,0
-29.27941667,1.650573001,0
-29.2625,1.670818057,0
-29.24558333,1.710142046,0
-29.22866667,1.734071346,0
-29.21175,1.768563125,0
-29.19483333,1.814345891,0
-29.17791667,1.869561712,0
-29.161,1.896118258,0
-29.14408333,1.921464244,0
-29.12716667,1.929552517,0
-29.11025,1.934959392,0
-29.09333333,1.941521152,0
-29.07641667,1.923734232,0
-29.0595,1.906752611,0
-29.04258333,1.907979576,0
-29.02566667,1.903933594,0
-29.00875,1.915792958,0
-28.99183333,1.897509659,0
-28.97491667,1.875370032,0
-28.958,1.869970664,0
-28.94108333,1.864823172,0
-28.92416667,1.880725811,0
-28.90725,1.882953812,0
-28.89033333,1.907547813,0
-28.87341667,1.914694903,0
-28.8565,1.898389902,0
-28.83958333,1.884685431,0
-28.82266667,1.87413211,0
-28.80575,1.88506351,0
-28.78883333,1.916328841,0
-28.77191667,1.928935281,0
-28.755,1.949164273,0
-28.73808333,1.971153804,0
-28.72116667,1.993200749,0
-28.70425,1.986982927,0
-28.68733333,1.995952595,0
-28.67041667,2.014283624,0
-28.6535,2.03725487,0
-28.63658333,2.043318331,0
-28.61966667,2.033905045,0
-28.60275,2.009770004,0
-28.58583333,1.985493412,0
-28.56891667,1.969996619,0
-28.552,1.947117002,0
-28.53508333,1.924128798,0
-28.51816667,1.906865269,0
-28.50125,1.866359368,0
-28.48433333,1.820849556,0
-28.46741667,1.753343942,0
-28.4505,1.679177668,0
-28.43358333,1.630646615,0
-28.41666667,1.595826918,0
-28.39975,1.57365069,0
-28.38283333,1.556957545,0
-28.36591667,1.538023786,0
-28.349,1.549996477,0
-28.33208333,1.566634326,0
-28.31516667,1.614115586,0
-28.29825,1.661288468,0
-28.28133333,1.714820184,0
-28.26441667,1.768191382,0
-28.2475,1.815755905,0
-28.23058333,1.840027751,0
-28.21366667,1.859150855,0
-28.19675,1.860327657,0
-28.17983333,1.871715042,0
-28.16291667,1.873598702,0
-28.146,1.884467747,0
-28.12908333,1.899100532,0
-28.11216667,1.929145215,0
-28.09525,1.973702895,0
-28.07833333,2.00017079,0
-28.06141667,2.000397735,0
-28.0445,2.015544583,0
-28.02758333,2.014637347,0
-28.01066667,2.033341867,0
-27.99375,2.043797738,0
-27.97683333,2.038430637,0
-27.95991667,2.029778007,0
-27.943,2.028856231,0
-27.92608333,2.003387482,0
-27.90916667,1.97575809,0
-27.89225,1.977618427,0
-27.87533333,1.989765888,0
-27.85841667,1.985474438,0
-27.8415,1.995147794,0
-27.82458333,1.999299568,0
-27.80766667,2.009658029,0
-27.79075,2.01200707,0
-27.77383333,2.018895399,0
-27.75691667,1.995647351,0
-27.74,1.994646011,0
-27.72308333,1.980892123,0
-27.70616667,1.963711374,0
-27.68925,1.945070552,0
-27.67233333,1.932684541,0
-27.65541667,1.935157816,0
-27.6385,1.931422447,0
-27.62158333,1.909130949,0
-27.60466667,1.901371941,0
-27.58775,1.893371567,0
-27.57083333,1.875989124,0
-27.55391667,1.840521131,0
-27.537,1.792625283,0
-27.52008333,1.743072461,0
-27.50316667,1.694482049,0
-27.48625,1.662113094,0
-27.46933333,1.631010139,0
-27.45241667,1.610242731,0
-27.4355,1.605476642,0
-27.41858333,1.606693079,0
-27.40166667,1.590335677,0
-27.38475,1.582112124,0
-27.36783333,1.581084604,0
-27.35091667,1.608928911,0
-27.334,1.64217243,0
-27.31708333,1.695992189,0
-27.30016667,1.750306413,0
-27.28325,1.797919504,0
-27.26633333,1.827094184,0
-27.24941667,1.853864472,0
-27.2325,1.869867375,0
-27.21558333,1.88554778,0
-27.19866667,1.897692954,0
-27.18175,1.922608095,0
-27.16483333,1.949745819,0
-27.14791667,1.971994989,0
-27.131,1.98899521,0
-27.11408333,2.016134464,0
-27.09716667,2.039042781,0
-27.08025,2.066973174,0
-27.06333333,2.09502528,0
-27.04641667,2.117995006,0
-27.0295,2.1373839,0
-27.01258333,2.152279539,0
-26.99566667,2.154624043,0
-26.97875,2.140195575,0
-26.96183333,2.100238156,0
-26.94491667,2.06435228,0
-26.928,2.005806267,0
-26.91108333,1.951769295,0
-26.89416667,1.896216815,0
-26.87725,1.836790324,0
-26.86033333,1.786789332,0
-26.84341667,1.742648968,0
-26.8265,1.69708149,0
-26.80958333,1.672033803,0
-26.79266667,1.657208977,0
-26.77575,1.67865259,0
-26.75883333,1.690141896,0
-26.74191667,1.703073934,0
-26.725,1.707918447,0
-26.70808333,1.706433172,0
-26.69116667,1.711840205,0
-26.67425,1.720272913,0
-26.65733333,1.727942953,0
-26.64041667,1.757028229,0
-26.6235,1.776917962,0
-26.60658333,1.770195335,0
-26.58966667,1.762704414,0
-26.57275,1.760357083,0
-26.55583333,1.761810669,0
-26.53891667,1.766582107,0
-26.522,1.768173878,0
-26.50508333,1.774186501,0
-26.48816667,1.773557556,0
-26.47125,1.76332627,0
-26.45433333,1.73484171,0
-26.43741667,1.72393633,0
-26.4205,1.757563873,0
-26.40358333,1.786508462,0
-26.38666667,1.798447065,0
-26.36975,1.813301739,0
-26.35283333,1.841610079,0
-26.33591667,1.890458086,0
-26.319,1.922735459,0
-26.30208333,1.95153349,0
-26.28516667,1.995512327,0
-26.26825,2.054800731,0
-26.25133333,2.082898225,0
-26.23441667,2.081065912,0
-26.2175,2.071129831,0
-26.20058333,2.050259045,0
-26.18366667,2.019839427,0
-26.16675,1.969983028,0
-26.14983333,1.919350724,0
-26.13291667,1.869598628,0
-26.116,1.841991258,0
-26.09908333,1.814146356,0
-26.08216667,1.796781464,0
-26.06525,1.776470258,0
-26.04833333,1.765633439,0
-26.03141667,1.750206229,0
-26.0145,1.752184534,0
-25.99758333,1.753556965,0
-25.98066667,1.773434267,0
-25.96375,1.796533503,0
-25.94683333,1.821217892,0
-25.92991667,1.829916416,0
-25.913,1.851342963,0
-25.89608333,1.865109659,0
-25.87916667,1.89840921,0
-25.86225,1.910639679,0
-25.84533333,1.917357412,0
-25.82841667,1.933589701,0
-25.8115,1.956450298,0
-25.79458333,1.97119128,0
-25.77766667,1.962036989,0
-25.76075,1.966859257,0
-25.74383333,1.988796138,0
-25.72691667,1.992871007,0
-25.71,1.989265091,0
-25.69308333,1.979423757,0
-25.67616667,1.987808433,0
-25.65925,2.019532248,0
-25.64233333,2.032998548,0
-25.62541667,2.023897893,0
-25.6085,2.005537972,0
-25.59158333,2.014263203,0
-25.57466667,2.006716474,0
-25.55775,1.981328741,0
-25.54083333,1.95604531,0
-25.52391667,1.94129071,0
-25.507,1.92662013,0
-25.49008333,1.894619799,0
-25.47316667,1.843502179,0
-25.45625,1.79758644,0
-25.43933333,1.775848751,0
-25.42241667,1.7710819,0
-25.4055,1.749904483,0
-25.38858333,1.732438117,0
-25.37166667,1.729290656,0
-25.35475,1.727437172,0
-25.33783333,1.738433638,0
-25.32091667,1.744963498,0
-25.304,1.773482284,0
-25.28708333,1.810081589,0
-25.27016667,1.840074983,0
-25.25325,1.885723317,0
-25.23633333,1.915356146,0
-25.21941667,1.940060747,0
-25.2025,1.977973087,0
-25.18558333,2.018641051,0
-25.16866667,2.063464832,0
-25.15175,2.083801471,0
-25.13483333,2.112267816,0
-25.11791667,2.132404056,0
-25.101,2.144001299,0
-25.08408333,2.166287178,0
-25.06716667,2.170591947,0
-25.05025,2.192057508,0
-25.03333333,2.217931522,0
-25.01641667,2.232360692,0
-24.9995,2.229988855,0
-24.98258333,2.215995108,0
-24.96566667,2.196456206,0
-24.94875,2.172811701,0
-24.93183333,2.137810526,0
-24.91491667,2.102468672,0
-24.898,2.085054599,0
-24.88108333,2.06185983,0
-24.86416667,2.028136171,0
-24.84725,1.987894413,0
-24.83033333,1.961111806,0
-24.81341667,1.939694307,0
-24.7965,1.942147473,0
-24.77958333,1.951296195,0
-24.76266667,1.948531009,0
-24.74575,1.954992706,0
-24.72883333,1.969811641,0
-24.71191667,1.965593477,0
-24.695,1.971533407,0
-24.67808333,1.975059741,0
-24.66116667,1.998949082,0
-24.64425,2.006056287,0
-24.62733333,2.022571889,0
-24.61041667,2.026321667,0
-24.5935,2.036077753,0
-24.57658333,2.056118759,0
-24.55966667,2.078159737,0
-24.54275,2.099558848,0
-24.52583333,2.125712282,0
-24.50891667,2.141756841,0
-24.492,2.140527068,0
-24.47508333,2.132816062,0
-24.45816667,2.125193158,0
-24.44125,2.105317037,0
-24.42433333,2.087924591,0
-24.40741667,2.067370356,0
-24.3905,2.029896329,0
-24.37358333,2.015920615,0
-24.35666667,2.015799683,0
-24.33975,2.019202393,0
-24.32283333,2.029924491,0
-24.30591667,2.047365431,0
-24.289,2.049891381,0
-24.27208333,2.062786265,0
-24.25516667,2.086652891,0
-24.23825,2.098372571,0
-24.22133333,2.120419903,0
-24.20441667,2.16495828,0
-24.1875,2.184233352,0
-24.17058333,2.19045422,0
-24.15366667,2.188925971,0
-24.13675,2.1895738,0
-24.11983333,2.212548011,0
-24.10291667,2.24421988,0
-24.086,2.274623604,0
-24.06908333,2.293990697,0
-24.05216667,2.317488179,0
-24.03525,2.322490082,0
-24.01833333,2.325224775,0
-24.00141667,2.331271206,0
-23.9845,2.315339255,0
-23.96758333,2.291611513,0
-23.95066667,2.272212193,0
-23.93375,2.244041974,0
-23.91683333,2.223825673,0
-23.89991667,2.191390093,0
-23.883,2.151154064,0
-23.86608333,2.127656448,0
-23.84916667,2.124041989,0
-23.83225,2.102248573,0
-23.81533333,2.081104094,0
-23.79841667,2.078852992,0
-23.7815,2.09015513,0
-23.76458333,2.095052256,0
-23.74766667,2.093972741,0
-23.73075,2.099836304,0
-23.71383333,2.101451307,0
-23.69691667,2.119579683,0
-23.68,2.116801229,0
-23.66308333,2.11914149,0
-23.64616667,2.127414805,0
-23.62925,2.125921426,0
-23.61233333,2.133548752,0
-23.59541667,2.151310334,0
-23.5785,2.183888573,0
-23.56158333,2.20794456,0
-23.54466667,2.231687134,0
-23.52775,2.268406349,0
-23.51083333,2.302360173,0
-23.49391667,2.325475958,0
-23.477,2.320564512,0
-23.46008333,2.323617129,0
-23.44316667,2.341448163,0
-23.42625,2.352954061,0
-23.40933333,2.343955295,0
-23.39241667,2.311005348,0
-23.3755,2.298837045,0
-23.35858333,2.287141496,0
-23.34166667,2.265220418,0
-23.32475,2.23610018,0
-23.30783333,2.220763321,0
-23.29091667,2.232377854,0
-23.274,2.241507553,0
-23.25708333,2.228953503,0
-23.24016667,2.221083997,0
-23.22325,2.219672645,0
-23.20633333,2.220484692,0
-23.18941667,2.20476647,0
-23.1725,2.194247509,0
-23.15558333,2.185317024,0
-23.13866667,2.17202922,0
-23.12175,2.178111828,0
-23.10483333,2.173444602,0
-23.08791667,2.155200703,0
-23.071,2.156635032,0
-23.05408333,2.146615833,0
-23.03716667,2.129482371,0
-23.02025,2.126019635,0
-23.00333333,2.127418292,0
-22.98641667,2.121718795,0
-22.9695,2.137202103,0
-22.95258333,2.156385356,0
-22.93566667,2.16648881,0
-22.91875,2.169633113,0
-22.90183333,2.190108687,0
-22.88491667,2.191186282,0
-22.868,2.190893094,0
-22.85108333,2.199853775,0
-22.83416667,2.187409164,0
-22.81725,2.183585002,0
-22.80033333,2.182682981,0
-22.78341667,2.159733188,0
-22.7665,2.132362605,0
-22.74958333,2.090373961,0
-22.73266667,2.060433631,0
-22.71575,2.037532693,0
-22.69883333,2.028901204,0
-22.68191667,2.040674432,0
-22.665,2.069344254,0
-22.64808333,2.124989289,0
-22.63116667,2.16156213,0
-22.61425,2.188387661,0
-22.59733333,2.216214905,0
-22.58041667,2.243807291,0
-22.5635,2.290375624,0
-22.54658333,2.317084326,0
-22.52966667,2.315030613,0
-22.51275,2.297630452,0
-22.49583333,2.253578838,0
-22.47891667,2.183701319,0
-22.462,2.094512712,0
-22.44508333,2.016500743,0
-22.42816667,1.951180819,0
-22.41125,1.897378187,0
-22.39433333,1.855704269,0
-22.37741667,1.799172193,0
-22.3605,1.767647011,0
-22.34358333,1.752388184,0
-22.32666667,1.764374376,0
-22.30975,1.798236447,0
-22.29283333,1.850155347,0
-22.27591667,1.91426569,0
-22.259,1.97106414,0
-22.24208333,2.012400809,0
-22.22516667,2.060776954,0
-22.20825,2.094350773,0
-22.19133333,2.129909017,0
-22.17441667,2.146313726,0
-22.1575,2.159431349,0
-22.14058333,2.167706788,0
-22.12366667,2.186548716,0
-22.10675,2.203105828,0
-22.08983333,2.222791835,0
-22.07291667,2.240012154,0
-22.056,2.24155317,0
-22.03908333,2.227725877,0
-22.02216667,2.228030858,0
-22.00525,2.240522724,0
-21.98833333,2.252020646,0
-21.97141667,2.271551754,0
-21.9545,2.280819628,0
-21.93758333,2.255834258,0
-21.92066667,2.217945224,0
-21.90375,2.171035932,0
-21.88683333,2.124803309,0
-21.86991667,2.11242152,0
-21.853,2.121495875,0
-21.83608333,2.132441116,0
-21.81916667,2.126156056,0
-21.80225,2.114992144,0
-21.78533333,2.084562624,0
-21.76841667,2.04894766,0
-21.7515,2.024450236,0
-21.73458333,2.013121622,0
-21.71766667,1.987552006,0
-21.70075,1.985557973,0
-21.68383333,1.97440214,0
-21.66691667,1.936937923,0
-21.65,1.895262366,0
-21.63308333,1.863281138,0
-21.61616667,1.833182142,0
-21.59925,1.817488436,0
-21.58233333,1.802721396,0
-21.56541667,1.801783356,0
-21.5485,1.778691746,0
-21.53158333,1.772656947,0
-21.51466667,1.746839396,0
-21.49775,1.712727099,0
-21.48083333,1.700808086,0
-21.46391667,1.691593558,0
-21.447,1.689460543,0
-21.43008333,1.70008758,0
-21.41316667,1.731818937,0
-21.39625,1.77973185,0
-21.37933333,1.818324379,0
-21.36241667,1.869860611,0
-21.3455,1.908652799,0
-21.32858333,1.963744384,0
-21.31166667,2.020449435,0
-21.29475,2.055758628,0
-21.27783333,2.089434031,0
-21.26091667,2.120012853,0
-21.244,2.1367273,0
-21.22708333,2.126189016,0
-21.21016667,2.123909979,0
-21.19325,2.130936062,0
-21.17633333,2.149161295,0
-21.15941667,2.160299641,0
-21.1425,2.165281633,0
-21.12558333,2.160212811,0
-21.10866667,2.161206902,0
-21.09175,2.14476443,0
-21.07483333,2.13908115,0
-21.05791667,2.159706068,0
-21.041,2.17519835,0
-21.02408333,2.183556949,0
-21.00716667,2.181986738,0
-20.99025,2.160713219,0
-20.97333333,2.153489167,0
-20.95641667,2.147689453,0
-20.9395,2.141094396,0
-20.92258333,2.130780029,0
-20.90566667,2.148337776,0
-20.88875,2.142940926,0
-20.87183333,2.120672367,0
-20.85491667,2.104126985,0
-20.838,2.075754802,0
-20.82108333,2.048806014,0
-20.80416667,2.023001105,0
-20.78725,2.010845699,0
-20.77033333,2.004646015,0
-20.75341667,2.007100921,0
-20.7365,2.013258659,0
-20.71958333,2.002068775,0
-20.70266667,2.001911146,0
-20.68575,1.99233244,0
-20.66883333,2.015657453,0
-20.65191667,2.051221318,0
-20.635,2.070865473,0
-20.61808333,2.082485313,0
-20.60116667,2.072277883,0
-20.58425,2.05751605,0
-20.56733333,2.033164541,0
-20.55041667,2.033205276,0
-20.5335,2.029835609,0
-20.51658333,2.03366934,0
-20.49966667,2.054153593,0
-20.48275,2.042602715,0
-20.46583333,2.021344849,0
-20.44891667,2.01438892,0
-20.432,2.013662936,0
-20.41508333,2.019097712,0
-20.39816667,2.006877322,0
-20.38125,2.01034102,0
-20.36433333,1.99147118,0
-20.34741667,1.980052678,0
-20.3305,1.96021593,0
-20.31358333,1.946008024,0
-20.29666667,1.949004267,0
-20.27975,1.961602119,0
-20.26283333,1.980596843,0
-20.24591667,2.007989454,0
-20.229,2.035412744,0
-20.21208333,2.091268394,0
-20.19516667,2.130786054,0
-20.17825,2.157247224,0
-20.16133333,2.173425927,0
-20.14441667,2.187441003,0
-20.1275,2.205159785,0
-20.11058333,2.201448857,0
-20.09366667,2.191627813,0
-20.07675,2.184798636,0
-20.05983333,2.190221558,0
-20.04291667,2.194113561,0
-20.026,2.184330421,0
-20.00908333,2.168040802,0
-19.99216667,2.176927503,0
-19.97525,2.195344759,0
-19.95833333,2.207238172,0
-19.94141667,2.205023308,0
-19.9245,2.205714906,0
-19.90758333,2.187506663,0
-19.89066667,2.171049663,0
-19.87375,2.143652727,0
-19.85683333,2.124045132,0
-19.83991667,2.095896587,0
-19.823,2.082413991,0
-19.80608333,2.050284135,0
-19.78916667,2.023294933,0
-19.77225,1.99389616,0
-19.75533333,1.981019049,0
-19.73841667,1.98846803,0
-19.7215,2.016059852,0
-19.70458333,2.039476721,0
-19.68766667,2.054149449,0
-19.67075,2.06485897,0
-19.65383333,2.070407979,0
-19.63691667,2.087757768,0
-19.62,2.124918165,0
-19.60308333,2.160225728,0
-19.58616667,2.210015178,0
-19.56925,2.240727633,0
-19.55233333,2.253142026,0
-19.53541667,2.241892644,0
-19.5185,2.222769446,0
-19.50158333,2.235980287,0
-19.48466667,2.247485204,0
-19.46775,2.25716436,0
-19.45083333,2.242116349,0
-19.43391667,2.226104826,0
-19.417,2.207564039,0
-19.40008333,2.176069673,0
-19.38316667,2.143049891,0
-19.36625,2.110674583,0
-19.34933333,2.100238348,0
-19.33241667,2.086986777,0
-19.3155,2.064753966,0
-19.29858333,2.049898563,0
-19.28166667,2.039147435,0
-19.26475,2.035533828,0
-19.24783333,2.00792111,0
-19.23091667,1.971309097,0
-19.214,1.944491556,0
-19.19708333,1.927383932,0
-19.18016667,1.929950365,0
-19.16325,1.930966689,0
-19.14633333,1.936089228,0
-19.12941667,1.94159531,0
-19.1125,1.956417622,0
-19.09558333,1.984782093,0
-19.07866667,2.024311383,0
-19.06175,2.090170668,0
-19.04483333,2.144152874,0
-19.02791667,2.188749518,0
-19.011,2.225973701,0
-18.99408333,2.232042356,0
-18.97716667,2.226353136,0
-18.96025,2.225939721,0
-18.94333333,2.196259106,0
-18.92641667,2.139855581,0
-18.9095,2.075762102,0
-18.89258333,2.007210293,0
-18.87566667,1.937133005,0
-18.85875,1.899625403,0
-18.84183333,1.861745032,0
-18.82491667,1.831837352,0
-18.808,1.825804558,0
-18.79108333,1.815251725,0
-18.77416667,1.808314022,0
-18.75725,1.823422206,0
-18.74033333,1.840377689,0
-18.72341667,1.862236173,0
-18.7065,1.882264539,0
-18.68958333,1.882682599,0
-18.67266667,1.887486325,0
-18.65575,1.912252466,0
-18.63883333,1.929373254,0
-18.62191667,1.94582455,0
-18.605,1.964150057,0
-18.58808333,1.973159666,0
-18.57116667,1.980763395,0
-18.55425,1.992978232,0
-18.53733333,1.990817075,0
-18.52041667,1.982493773,0
-18.5035,1.982005799,0
-18.48658333,1.977649571,0
-18.46966667,1.957932995,0
-18.45275,1.954868041,0
-18.43583333,1.931325148,0
-18.41891667,1.911440342,0
-18.402,1.874710862,0
-18.38508333,1.836506925,0
-18.36816667,1.816087193,0
-18.35125,1.797465457,0
-18.33433333,1.780602821,0
-18.31741667,1.754092839,0
-18.3005,1.730547231,0
-18.28358333,1.713477457,0
-18.26666667,1.694385375,0
-18.24975,1.705802548,0
-18.23283333,1.711374866,0
-18.21591667,1.734391198,0
-18.199,1.76501038,0
-18.18208333,1.771308421,0
-18.16516667,1.804597766,0
-18.14825,1.844789295,0
-18.13133333,1.887144216,0
-18.11441667,1.911016555,0
-18.0975,1.93028222,0
-18.08058333,1.946680101,0
-18.06366667,1.953782943,0
-18.04675,1.961949175,0
-18.02983333,1.982966514,0
-18.01291667,1.988947414,0
-17.996,2.014343195,0
-17.97908333,2.029653098,0
-17.96216667,2.033409186,0
-17.94525,2.028519601,0
-17.92833333,2.036117672,0
-17.91141667,2.044732993,0
-17.8945,2.062879023,0
-17.87758333,2.077528203,0
-17.86066667,2.09205268,0
-17.84375,2.077364163,0
-17.82683333,2.081491081,0
-17.80991667,2.083958436,0
-17.793,2.071168365,0
-17.77608333,2.066097525,0
-17.75916667,2.070911776,0
-17.74225,2.082433863,0
-17.72533333,2.103611971,0
-17.70841667,2.104102911,0
-17.6915,2.1123348,0
-17.67458333,2.11723872,0
-17.65766667,2.130349048,0
-17.64075,2.112734898,0
-17.62383333,2.07929916,0
-17.60691667,2.064452257,0
-17.59,2.056680062,0
-17.57308333,2.075571407,0
-17.55616667,2.057726154,0
-17.53925,2.039121886,0
-17.52233333,2.034765235,0
-17.50541667,2.025249055,0
-17.4885,2.039684057,0
-17.47158333,2.063562829,0
-17.45466667,2.107337065,0
-17.43775,2.158857312,0
-17.42083333,2.187217166,0
-17.40391667,2.204196113,0
-17.387,2.197453852,0
-17.37008333,2.205354234,0
-17.35316667,2.213187241,0
-17.33625,2.206412638,0
-17.31933333,2.197675697,0
-17.30241667,2.167228319,0
-17.2855,2.143889153,0
-17.26858333,2.117419804,0
-17.25166667,2.095191756,0
-17.23475,2.071470908,0
-17.21783333,2.05854406,0
-17.20091667,2.061894564,0
-17.184,2.059568045,0
-17.16708333,2.059758204,0
-17.15016667,2.047403663,0
-17.13325,2.028839899,0
-17.11633333,2.022411232,0
-17.09941667,1.999522048,0
-17.0825,1.969558341,0
-17.06558333,1.930779194,0
-17.04866667,1.914772383,0
-17.03175,1.890145381,0
-17.01483333,1.857684107,0
-16.99791667,1.845938273,0
-16.981,1.820945431,0
-16.96408333,1.81723172,0
-16.94716667,1.829846327,0
-16.93025,1.845683532,0
-16.91333333,1.877603606,0
-16.89641667,1.915963704,0
-16.8795,1.949839143,0
-16.86258333,1.977721464,0
-16.84566667,2.00306906,0
-16.82875,2.023657446,0
-16.81183333,2.033992042,0
-16.79491667,2.03589023,0
-16.778,2.048289684,0
-16.76108333,2.037555008,0
-16.74416667,2.031248582,0
-16.72725,2.004024389,0
-16.71033333,1.970784181,0
-16.69341667,1.94065613,0
-16.6765,1.927466787,0
-16.65958333,1.909884749,0
-16.64266667,1.879206353,0
-16.62575,1.838587649,0
-16.60883333,1.794077464,0
-16.59191667,1.722095965,0
-16.575,1.671655132,0
-16.55808333,1.612305593,0
-16.54116667,1.567605008,0
-16.52425,1.550733037,0
-16.50733333,1.538582877,0
-16.49041667,1.496114655,0
-16.4735,1.463521927,0
-16.45658333,1.456462432,0
-16.43966667,1.468919748,0
-16.42275,1.486581082,0
-16.40583333,1.532356142,0
-16.38891667,1.574693944,0
-16.372,1.622348343,0
-16.35508333,1.665563603,0
-16.33816667,1.703088664,0
-16.32125,1.747979462,0
-16.30433333,1.793713244,0
-16.28741667,1.853005022,0
-16.2705,1.881097996,0
-16.25358333,1.90145032,0
-16.23666667,1.939058379,0
-16.21975,1.966593997,0
-16.20283333,2.011103215,0
-16.18591667,2.043899904,0
-16.169,2.091708025,0
-16.15208333,2.09984875,0
-16.13516667,2.109125154,0
-16.11825,2.129367899,0
-16.10133333,2.132218358,0
-16.08441667,2.154014175,0
-16.0675,2.170311338,0
-16.05058333,2.170217944,0
-16.03366667,2.145636322,0
-16.01675,2.0922187,0
-15.99983333,2.048390648,0
-15.98291667,2.003173638,0
-15.966,1.986726179,0
-15.94908333,1.957540832,0
-15.93216667,1.936098929,0
-15.91525,1.904320167,0
-15.89833333,1.866942776,0
-15.88141667,1.828965665,0
-15.8645,1.803583222,0
-15.84758333,1.800797459,0
-15.83066667,1.804663771,0
-15.81375,1.788460361,0
-15.79683333,1.778671121,0
-15.77991667,1.777136376,0
-15.763,1.766824032,0
-15.74608333,1.735905588,0
-15.72916667,1.731319593,0
-15.71225,1.732307879,0
-15.69533333,1.740861536,0
-15.67841667,1.753669113,0
-15.6615,1.773659112,0
-15.64458333,1.774159032,0
-15.62766667,1.801695157,0
-15.61075,1.797452563,0
-15.59383333,1.789323631,0
-15.57691667,1.791520534,0
-15.56,1.795071132,0
-15.54308333,1.782922605,0
-15.52616667,1.788278828,0
-15.50925,1.812108228,0
-15.49233333,1.834295394,0
-15.47541667,1.825637264,0
-15.4585,1.83222866,0
-15.44158333,1.843868608,0
-15.42466667,1.863215327,0
-15.40775,1.853202568,0
-15.39083333,1.846423776,0
-15.37391667,1.851640034,0
-15.357,1.8629658,0
-15.34008333,1.832924893,0
-15.32316667,1.800130525,0
-15.30625,1.756863684,0
-15.28933333,1.736108884,0
-15.27241667,1.710968927,0
-15.2555,1.668217102,0
-15.23858333,1.651887979,0
-15.22166667,1.657099302,0
-15.20475,1.654956176,0
-15.18783333,1.650699858,0
-15.17091667,1.6666416,0
-15.154,1.690300993,0
-15.13708333,1.69522551,0
-15.12016667,1.719423539,0
-15.10325,1.757163033,0
-15.08633333,1.791161645,0
-15.06941667,1.848702843,0
-15.0525,1.889647831,0
-15.03558333,1.93914645,0
-15.01866667,1.998337681,0
-15.00175,2.036534448,0
-14.98483333,2.044377561,0
-14.96791667,2.065453529,0
-14.951,2.083014656,0
-14.93408333,2.07744823,0
-14.91716667,2.063358727,0
-14.90025,2.057027343,0
-14.88333333,2.047975181,0
-14.86641667,2.024246635,0
-14.8495,2.004292391,0
-14.83258333,1.999070736,0
-14.81566667,2.026369752,0
-14.79875,2.050434376,0
-14.78183333,2.06135579,0
-14.76491667,2.061676437,0
-14.748,2.086227866,0
-14.73108333,2.09295307,0
-14.71416667,2.098519834,0
-14.69725,2.082987298,0
-14.68033333,2.081443927,0
-14.66341667,2.057412298,0
-14.6465,2.025981686,0
-14.62958333,1.973427972,0
-14.61266667,1.94708209,0
-14.59575,1.944616686,0
-14.57883333,1.96456985,0
-14.56191667,1.979012632,0
-14.545,2.01138292,0
-14.52808333,2.048790957,0
-14.51116667,2.076719937,0
-14.49425,2.084995369,0
-14.47733333,2.115036448,0
-14.46041667,2.149534254,0
-14.4435,2.202621641,0
-14.42658333,2.223089816,0
-14.40966667,2.220223117,0
-14.39275,2.225366271,0
-14.37583333,2.203057858,0
-14.35891667,2.158890413,0
-14.342,2.101734446,0
-14.32508333,2.045141945,0
-14.30816667,2.0276773,0
-14.29125,2.00976508,0
-14.27433333,1.990068648,0
-14.25741667,1.952264339,0
-14.2405,1.93983271,0
-14.22358333,1.934749124,0
-14.20666667,1.917987298,0
-14.18975,1.916530495,0
-14.17283333,1.937750504,0
-14.15591667,1.959372718,0
-14.139,2.009913426,0
-14.12208333,2.030845987,0
-14.10516667,2.050193912,0
-14.08825,2.049884405,0
-14.07133333,2.061180261,0
-14.05441667,2.070697065,0
-14.0375,2.100246213,0
-14.02058333,2.109619334,0
-14.00366667,2.13006628,0
-13.98675,2.127472605,0
-13.96983333,2.13549745,0
-13.95291667,2.13629616,0
-13.936,2.163266646,0
-13.91908333,2.186403335,0
-13.90216667,2.216560823,0
-13.88525,2.226368789,0
-13.86833333,2.225038758,0
-13.85141667,2.215615081,0
-13.8345,2.224188681,0
-13.81758333,2.227510823,0
-13.80066667,2.237985573,0
-13.78375,2.261354695,0
-13.76683333,2.260068125,0
-13.74991667,2.240622407,0
-13.733,2.196800603,0
-13.71608333,2.169061268,0
-13.69916667,2.159900976,0
-13.68225,2.176456961,0
-13.66533333,2.19446495,0
-13.64841667,2.200462866,0
-13.6315,2.203032591,0
-13.61458333,2.225411822,0
-13.59766667,2.225517214,0
-13.58075,2.232503567,0
-13.56383333,2.231642694,0
-13.54691667,2.240232044,0
-13.53,2.238310447,0
-13.51308333,2.221630875,0
-13.49616667,2.183895641,0
-13.47925,2.152564585,0
-13.46233333,2.127706417,0
-13.44541667,2.108194942,0
-13.4285,2.074580564,0
-13.41158333,2.023960538,0
-13.39466667,1.997608721,0
-13.37775,1.96846548,0
-13.36083333,1.943640906,0
-13.34391667,1.932604671,0
-13.327,1.953819924,0
-13.31008333,1.966094621,0
-13.29316667,1.965564005,0
-13.27625,1.971884739,0
-13.25933333,1.975901746,0
-13.24241667,1.963921501,0
-13.2255,1.980521003,0
-13.20858333,1.976069965,0
-13.19166667,1.973032073,0
-13.17475,1.977130654,0
-13.15783333,1.952959507,0
-13.14091667,1.907053691,0
-13.124,1.879420799,0
-13.10708333,1.838217645,0
-13.09016667,1.800833181,0
-13.07325,1.771054213,0
-13.05633333,1.754651937,0
-13.03941667,1.740333644,0
-13.0225,1.735141147,0
-13.00558333,1.740361139,0
-12.98866667,1.75052138,0
-12.97175,1.775031752,0
-12.95483333,1.813034513,0
-12.93791667,1.830288938,0
-12.921,1.849760074,0
-12.90408333,1.85928031,0
-12.88716667,1.863883258,0
-12.87025,1.859161676,0
-12.85333333,1.84270404,0
-12.83641667,1.818329331,0
-12.8195,1.801594161,0
-12.80258333,1.764738153,0
-12.78566667,1.730474952,0
-12.76875,1.702089739,0
-12.75183333,1.702624045,0
-12.73491667,1.728894226,0
-12.718,1.765757902,0
-12.70108333,1.787634908,0
-12.68416667,1.82032985,0
-12.66725,1.850020352,0
-12.65033333,1.877926171,0
-12.63341667,1.90083632,0
-12.6165,1.922425014,0
-12.59958333,1.943523145,0
-12.58266667,1.952929082,0
-12.56575,1.952244741,0
-12.54883333,1.925906389,0
-12.53191667,1.905514395,0
-12.515,1.893279734,0
-12.49808333,1.874645568,0
-12.48116667,1.858384296,0
-12.46425,1.861133925,0
-12.44733333,1.880112383,0
-12.43041667,1.914789546,0
-12.4135,1.945654119,0
-12.39658333,1.977102093,0
-12.37966667,1.98671774,0
-12.36275,2.015926989,0
-12.34583333,2.026100323,0
-12.32891667,2.033484303,0
-12.312,2.046752062,0
-12.29508333,2.079080058,0
-12.27816667,2.087936271,0
-12.26125,2.070528996,0
-12.24433333,2.040478026,0
-12.22741667,1.996921026,0
-12.2105,1.956163086,0
-12.19358333,1.927140737,0
-12.17666667,1.878061429,0
-12.15975,1.83491863,0
-12.14283333,1.790806133,0
-12.12591667,1.740437975,0
-12.109,1.661371562,0
-12.09208333,1.595443,0
-12.07516667,1.554583478,0
-12.05825,1.542336742,0
-12.04133333,1.533738696,0
-12.02441667,1.53114384,0
-12.0075,1.528616335,0
-11.99058333,1.535395866,0
-11.97366667,1.558090694,0
-11.95675,1.585575334,0
-11.93983333,1.605236811,0
-11.92291667,1.64851435,0
-11.906,1.701678034,0
-11.88908333,1.742771111,0
-11.87216667,1.751178661,0
-11.85525,1.767020935,0
-11.83833333,1.779162869,0
-11.82141667,1.797232471,0
-11.8045,1.83679169,0
-11.78758333,1.859963672,0
-11.77066667,1.885023927,0
-11.75375,1.916103533,0
-11.73683333,1.950113526,0
-11.71991667,1.979339575,0
-11.703,2.00108116,0
-11.68608333,2.028932154,0
-11.66916667,2.05736378,0
-11.65225,2.090915743,0
-11.63533333,2.132095425,0
-11.61841667,2.148994242,0
-11.6015,2.160692297,0
-11.58458333,2.154697703,0
-11.56766667,2.149296606,0
-11.55075,2.134147984,0
-11.53383333,2.116982644,0
-11.51691667,2.101561757,0
-11.5,2.088129115,0
-11.48308333,2.071842942,0
-11.46616667,2.036189845,0
-11.44925,2.000633594,0
-11.43233333,1.976674147,0
-11.41541667,1.951640154,0
-11.3985,1.94933221,0
-11.38158333,1.943007275,0
-11.36466667,1.94190982,0
-11.34775,1.95450251,0
-11.33083333,1.972371431,0
-11.31391667,2.002252367,0
-11.297,2.02481396,0
-11.28008333,2.038837589,0
-11.26316667,2.049564752,0
-11.24625,2.050296682,0
-11.22933333,2.072689771,0
-11.21241667,2.083346155,0
-11.1955,2.107622639,0
-11.17858333,2.143510342,0
-11.16166667,2.171812591,0
-11.14475,2.179974783,0
-11.12783333,2.183207228,0
-11.11091667,2.191053421,0
-11.094,2.196146224,0
-11.07708333,2.187966833,0
-11.06016667,2.169889822,0
-11.04325,2.163307574,0
-11.02633333,2.154522275,0
-11.00941667,2.144189734,0
-10.9925,2.116307904,0
-10.97558333,2.077318958,0
-10.95866667,2.039636948,0
-10.94175,1.994571299,0
-10.92483333,1.953036527,0
-10.90791667,1.949416165,0
-10.891,1.948958547,0
-10.87408333,1.965791492,0
-10.85716667,1.954996775,0
-10.84025,1.939266516,0
-10.82333333,1.912890337,0
-10.80641667,1.880413599,0
-10.7895,1.86038356,0
-10.77258333,1.857127049,0
-10.75566667,1.86496206,0
-10.73875,1.877984566,0
-10.72183333,1.860400699,0
-10.70491667,1.828000662,0
-10.688,1.796307821,0
-10.67108333,1.758040191,0
-10.65416667,1.74410565,0
-10.63725,1.744955678,0
-10.62033333,1.74997936,0
-10.60341667,1.735281784,0
-10.5865,1.708982824,0
-10.56958333,1.694003777,0
-10.55266667,1.662821004,0
-10.53575,1.643406849,0
-10.51883333,1.65388015,0
-10.50191667,1.643865377,0
-10.485,1.650398603,0
-10.46808333,1.661501796,0
-10.45116667,1.683135988,0
-10.43425,1.732918712,0
-10.41733333,1.779855331,0
-10.40041667,1.841836312,0
-10.3835,1.905929578,0
-10.36658333,1.984755546,0
-10.34966667,2.06694133,0
-10.33275,2.146508538,0
-10.31583333,2.251017344,0
-10.29891667,2.324678142,0
-10.282,2.360796574,0
-10.26508333,2.365536838,0
-10.24816667,2.362420787,0
-10.23125,2.347474395,0
-10.21433333,2.305349838,0
-10.19741667,2.240331076,0
-10.1805,2.16404713,0
-10.16358333,2.081889048,0
-10.14666667,1.998205741,0
-10.12975,1.906047579,0
-10.11283333,1.847560994,0
-10.09591667,1.816841143,0
-10.079,1.801557767,0
-10.06208333,1.769975997,0
-10.04516667,1.749117205,0
-10.02825,1.745121737,0
-10.01133333,1.73898077,0
-9.994416667,1.761995252,0
-9.9775,1.776966577,0
-9.960583333,1.784346252,0
-9.943666667,1.771065498,0
-9.92675,1.756673475,0
-9.909833333,1.72205458,0
-9.892916667,1.708034451,0
-9.876,1.688865971,0
-9.859083333,1.681426284,0
-9.842166667,1.67423072,0
-9.82525,1.677774639,0
-9.808333333,1.654908085,0
-9.791416667,1.653359929,0
-9.7745,1.645837549,0
-9.757583333,1.650922802,0
-9.740666667,1.647614564,0
-9.72375,1.643251277,0
-9.706833333,1.62415286,0
-9.689916667,1.627242767,0
-9.673,1.639866857,0
-9.656083333,1.639249622,0
-9.639166667,1.624407384,0
-9.62225,1.629895896,0
-9.605333333,1.61559711,0
-9.588416667,1.629707498,0
-9.5715,1.641626217,0
-9.554583333,1.66660798,0
-9.537666667,1.710057381,0
-9.52075,1.737872177,0
-9.503833333,1.729660633,0
-9.486916667,1.716883245,0
-9.47,1.726135981,0
-9.453083333,1.733463211,0
-9.436166667,1.721962628,0
-9.41925,1.743746085,0
-9.402333333,1.732743757,0
-9.385416667,1.72116467,0
-9.3685,1.71962242,0
-9.351583333,1.719784524,0
-9.334666667,1.72761317,0
-9.31775,1.751372656,0
-9.300833333,1.758099555,0
-9.283916667,1.770967388,0
-9.267,1.798436706,0
-9.250083333,1.846391281,0
-9.233166667,1.871429868,0
-9.21625,1.893397645,0
-9.199333333,1.931490738,0
-9.182416667,1.929567205,0
-9.1655,1.907162052,0
-9.148583333,1.86904589,0
-9.131666667,1.846108524,0
-9.11475,1.830852237,0
-9.097833333,1.789613787,0
-9.080916667,1.751892201,0
-9.064,1.691180519,0
-9.047083333,1.642652829,0
-9.030166667,1.596848769,0
-9.01325,1.547137121,0
-8.996333333,1.504542647,0
-8.979416667,1.48321926,0
-8.9625,1.472178358,0
-8.945583333,1.456243554,0
-8.928666667,1.44570087,0
-8.91175,1.460593822,0
-8.894833333,1.488573794,0
-8.877916667,1.536185828,0
-8.861,1.567727523,0
-8.844083333,1.62618479,0
-8.827166667,1.67830024,0
-8.81025,1.728836429,0
-8.793333333,1.756007805,0
-8.776416667,1.802858493,0
-8.7595,1.850846504,0
-8.742583333,1.882983864,0
-8.725666667,1.907003949,0
-8.70875,1.913523206,0
-8.691833333,1.923200921,0
-8.674916667,1.950014816,0
-8.658,1.956596675,0
-8.641083333,1.978447225,0
-8.624166667,2.018345645,0
-8.60725,2.076664426,0
-8.590333333,2.127419981,0
-8.573416667,2.164346749,0
-8.5565,2.222993129,0
-8.539583333,2.260278184,0
-8.522666667,2.288486765,0
-8.50575,2.301630607,0
-8.488833333,2.298121818,0
-8.471916667,2.295428076,0
-8.455,2.271283395,0
-8.438083333,2.22754354,0
-8.421166667,2.167553468,0
-8.40425,2.114036197,0
-8.387333333,2.070740332,0
-8.370416667,2.014200017,0
-8.3535,1.989365611,0
-8.336583333,1.967565931,0
-8.319666667,1.952157411,0
-8.30275,1.925275598,0
-8.285833333,1.897751996,0
-8.268916667,1.886909609,0
-8.252,1.878865897,0
-8.235083333,1.894078014,0
-8.218166667,1.912643769,0
-8.20125,1.925156117,0
-8.184333333,1.964322126,0
-8.167416667,1.995508327,0
-8.1505,2.025666666,0
-8.133583333,2.064054259,0
-8.116666667,2.102499439,0
-8.09975,2.139972272,0
-8.082833333,2.165752126,0
-8.065916667,2.200826437,0
-8.049,2.214363756,0
-8.032083333,2.201220094,0
-8.015166667,2.196209385,0
-7.99825,2.16024341,0
-7.981333333,2.133482361,0
-7.964416667,2.099990654,0
-7.9475,2.066590134,0
-7.930583333,2.035023721,0
-7.913666667,2.019985513,0
-7.89675,2.010521557,0
-7.879833333,1.994708105,0
-7.862916667,1.990863078,0
-7.846,1.996714503,0
-7.829083333,1.991977469,0
-7.812166667,2.00236326,0
-7.79525,1.993384962,0
-7.778333333,2.000947212,0
-7.761416667,1.98808584,0
-7.7445,1.976928926,0
-7.727583333,1.954331035,0
-7.710666667,1.925423227,0
-7.69375,1.895511626,0
-7.676833333,1.864525763,0
-7.659916667,1.827444285,0
-7.643,1.80913801,0
-7.626083333,1.784655799,0
-7.609166667,1.76368476,0
-7.59225,1.743737888,0
-7.575333333,1.731755533,0
-7.558416667,1.745122594,0
-7.5415,1.760737858,0
-7.524583333,1.77169332,0
-7.507666667,1.796719606,0
-7.49075,1.839390631,0
-7.473833333,1.886871609,0
-7.456916667,1.93083766,0
-7.44,1.960928089,0
-7.423083333,2.003185451,0
-7.406166667,2.02407934,0
-7.38925,2.039992113,0
-7.372333333,2.028258374,0
-7.355416667,2.036264731,0
-7.3385,2.071167796,0
-7.321583333,2.08314366,0
-7.304666667,2.07416965,0
-7.28775,2.063175118,0
-7.270833333,2.058043066,0
-7.253916667,2.074667137,0
-7.237,2.07670406,0
-7.220083333,2.080992744,0
-7.203166667,2.079387772,0
-7.18625,2.08922339,0
-7.169333333,2.063760168,0
-7.152416667,2.03157697,0
-7.1355,2.011255973,0
-7.118583333,1.992227089,0
-7.101666667,1.982497223,0
-7.08475,1.953554154,0
-7.067833333,1.927965808,0
-7.050916667,1.882352419,0
-7.034,1.844770053,0
-7.017083333,1.810841545,0
-7.000166667,1.795005679,0
-6.98325,1.775654866,0
-6.966333333,1.741865096,0
-6.949416667,1.734247167,0
-6.9325,1.727296071,0
-6.915583333,1.739068924,0
-6.898666667,1.758427696,0
-6.88175,1.765427131,0
-6.864833333,1.79578538,0
-6.847916667,1.835783195,0
-6.831,1.875594077,0
-6.814083333,1.884209432,0
-6.797166667,1.903151872,0
-6.78025,1.913753579,0
-6.763333333,1.916115109,0
-6.746416667,1.927089616,0
-6.7295,1.917377268,0
-6.712583333,1.904277534,0
-6.695666667,1.914069329,0
-6.67875,1.900865691,0
-6.661833333,1.875699242,0
-6.644916667,1.874995665,0
-6.628,1.869685996,0
-6.611083333,1.865808138,0
-6.594166667,1.87405234,0
-6.57725,1.855605809,0
-6.560333333,1.829892705,0
-6.543416667,1.817659084,0
-6.5265,1.800885141,0
-6.509583333,1.759469061,0
-6.492666667,1.733272403,0
-6.47575,1.713921584,0
-6.458833333,1.686129203,0
-6.441916667,1.672221682,0
-6.425,1.660234077,0
-6.408083333,1.662645996,0
-6.391166667,1.687661544,0
-6.37425,1.706823357,0
-6.357333333,1.707256193,0
-6.340416667,1.715457758,0
-6.3235,1.724025801,0
-6.306583333,1.731046248,0
-6.289666667,1.754878057,0
-6.27275,1.763429759,0
-6.255833333,1.770613196,0
-6.238916667,1.782662587,0
-6.222,1.799243386,0
-6.205083333,1.812529249,0
-6.188166667,1.834691962,0
-6.17125,1.869521591,0
-6.154333333,1.905704594,0
-6.137416667,1.958631842,0
-6.1205,2.021948219,0
-6.103583333,2.067966424,0
-6.086666667,2.101750138,0
-6.06975,2.122338616,0
-6.052833333,2.136927221,0
-6.035916667,2.150999654,0
-6.019,2.164518194,0
-6.002083333,2.181550108,0
-5.985166667,2.189324545,0
-5.96825,2.175593992,0
-5.951333333,2.149550964,0
-5.934416667,2.137792953,0
-5.9175,2.124841023,0
-5.900583333,2.124327983,0
-5.883666667,2.136149464,0
-5.86675,2.146816466,0
-5.849833333,2.143086699,0
-5.832916667,2.138725363,0
-5.816,2.129371754,0
-5.799083333,2.108551041,0
-5.782166667,2.089649831,0
-5.76525,2.060505539,0
-5.748333333,2.010872894,0
-5.731416667,1.96081256,0
-5.7145,1.916790938,0
-5.697583333,1.894055546,0
-5.680666667,1.872841082,0
-5.66375,1.849585247,0
-5.646833333,1.800467096,0
-5.629916667,1.738060919,0
-5.613,1.703158001,0
-5.596083333,1.682347218,0
-5.579166667,1.679778862,0
-5.56225,1.682051563,0
-5.545333333,1.676980107,0
-5.528416667,1.683963725,0
-5.5115,1.683626509,0
-5.494583333,1.694016048,0
-5.477666667,1.691759091,0
-5.46075,1.705894989,0
-5.443833333,1.735560092,0
-5.426916667,1.738439201,0
-5.41,1.745372451,0
-5.393083333,1.753983627,0
-5.376166667,1.765925742,0
-5.35925,1.785634362,0
-5.342333333,1.801132666,0
-5.325416667,1.806487531,0
-5.3085,1.812539417,0
-5.291583333,1.82583727,0
-5.274666667,1.834240036,0
-5.25775,1.856371501,0
-5.240833333,1.883594852,0
-5.223916667,1.893762758,0
-5.207,1.899220575,0
-5.190083333,1.914815422,0
-5.173166667,1.938387532,0
-5.15625,1.965568895,0
-5.139333333,1.992459603,0
-5.122416667,2.030799847,0
-5.1055,2.059316232,0
-5.088583333,2.106782633,0
-5.071666667,2.124178786,0
-5.05475,2.151525112,0
-5.037833333,2.191912174,0
-5.020916667,2.222892905,0
-5.004,2.217220092,0
-4.987083333,2.208594009,0
-4.970166667,2.189134277,0
-4.95325,2.178874389,0
-4.936333333,2.132349549,0
-4.919416667,2.095889912,0
-4.9025,2.051506699,0
-4.885583333,2.003648167,0
-4.868666667,1.945535013,0
-4.85175,1.8925081,0
-4.834833333,1.831262122,0
-4.817916667,1.805559823,0
-4.801,1.798286235,0
-4.784083333,1.773820675,0
-4.767166667,1.75740758,0
-4.75025,1.765140194,0
-4.733333333,1.790572286,0
-4.716416667,1.805551581,0
-4.6995,1.843182795,0
-4.682583333,1.898025694,0
-4.665666667,1.952703082,0
-4.64875,2.031734937,0
-4.631833333,2.097673383,0
-4.614916667,2.11956128,0
-4.598,2.155142965,0
-4.581083333,2.171962224,0
-4.564166667,2.187114642,0
-4.54725,2.193761317,0
-4.530333333,2.218105212,0
-4.513416667,2.245472943,0
-4.4965,2.276855422,0
-4.479583333,2.300585189,0
-4.462666667,2.303338374,0
-4.44575,2.298636688,0
-4.428833333,2.333328113,0
-4.411916667,2.351676497,0
-4.395,2.378103422,0
-4.378083333,2.390917133,0
-4.361166667,2.406250693,0
-4.34425,2.39379736,0
-4.327333333,2.373007565,0
-4.310416667,2.337949165,0
-4.2935,2.298804822,0
-4.276583333,2.282561428,0
-4.259666667,2.271915319,0
-4.24275,2.241302801,0
-4.225833333,2.21188794,0
-4.208916667,2.176712659,0
-4.192,2.164197801,0
-4.175083333,2.140469829,0
-4.158166667,2.132469605,0
-4.14125,2.107718524,0
-4.124333333,2.074838884,0
-4.107416667,2.038485871,0
-4.0905,1.995232714,0
-4.073583333,1.963331179,0
-4.056666667,1.922901609,0
-4.03975,1.908339967,0
-4.022833333,1.901887178,0
-4.005916667,1.876449147,0
-3.989,1.849195537,0
-3.972083333,1.827163203,0
-3.955166667,1.820338515,0
-3.93825,1.813262676,0
-3.921333333,1.827206577,0
-3.904416667,1.821609423,0
-3.8875,1.805331801,0
-3.870583333,1.795396507,0
-3.853666667,1.768144067,0
-3.83675,1.752068973,0
-3.819833333,1.726274496,0
-3.802916667,1.704246292,0
-3.786,1.67392955,0
-3.769083333,1.653951202,0
-3.752166667,1.652275776,0
-3.73525,1.649388953,0
-3.718333333,1.68353303,0
-3.701416667,1.70777228,0
-3.6845,1.754114523,0
-3.667583333,1.804893887,0
-3.650666667,1.838161651,0
-3.63375,1.88610334,0
-3.616833333,1.939284472,0
-3.599916667,1.987150132,0
-3.583,2.023307234,0
-3.566083333,2.047046384,0
-3.549166667,2.064781221,0
-3.53225,2.056555788,0
-3.515333333,2.068157999,0
-3.498416667,2.046471674,0
-3.4815,2.03455512,0
-3.464583333,2.023454508,0
-3.447666667,2.013185035,0
-3.43075,1.993953607,0
-3.413833333,1.981880805,0
-3.396916667,1.97217544,0
-3.38,1.964612857,0
-3.363083333,1.968963194,0
-3.346166667,1.954444757,0
-3.32925,1.939496957,0
-3.312333333,1.93285463,0
-3.295416667,1.911264505,0
-3.2785,1.900296547,0
-3.261583333,1.89849314,0
-3.244666667,1.887660059,0
-3.22775,1.891049138,0
-3.210833333,1.905281468,0
-3.193916667,1.904638092,0
-3.177,1.885513764,0
-3.160083333,1.907469919,0
-3.143166667,1.930109017,0
-3.12625,1.955009542,0
-3.109333333,1.983187343,0
-3.092416667,2.007215637,0
-3.0755,1.999589782,0
-3.058583333,1.993429126,0
-3.041666667,1.986697405,0
-3.02475,1.961170439,0
-3.007833333,1.95865518,0
-2.990916667,1.94415496,0
-2.974,1.904885725,0
-2.957083333,1.867451429,0
-2.940166667,1.832222408,0
-2.92325,1.789666997,0
-2.906333333,1.726160817,0
-2.889416667,1.673304533,0
-2.8725,1.632066528,0
-2.855583333,1.582879455,0
-2.838666667,1.542748392,0
-2.82175,1.483155121,0
-2.804833333,1.429001195,0
-2.787916667,1.381562576,0
-2.771,1.325801671,0
-2.754083333,1.272058524,0
-2.737166667,1.238717478,0
-2.72025,1.214087568,0
-2.703333333,1.210964272,0
-2.686416667,1.209943597,0
-2.6695,1.219711675,0
-2.652583333,1.231753818,0
-2.635666667,1.2751052,0
-2.61875,1.329494421,0
-2.601833333,1.394712024,0
-2.584916667,1.454841244,0
-2.568,1.503860594,0
-2.551083333,1.561807082,0
-2.534166667,1.641545825,0
-2.51725,1.727265818,0
-2.500333333,1.830197095,0
-2.483416667,1.913095523,0
-2.4665,1.99353477,0
-2.449583333,2.047897595,0
-2.432666667,2.094417229,0
-2.41575,2.139504467,0
-2.398833333,2.16773841,0
-2.381916667,2.222391067,0
-2.365,2.265493486,0
-2.348083333,2.292098948,0
-2.331166667,2.308296102,0
-2.31425,2.288866511,0
-2.297333333,2.261981959,0
-2.280416667,2.221386752,0
-2.2635,2.202272252,0
-2.246583333,2.193880106,0
-2.229666667,2.157916282,0
-2.21275,2.16325514,0
-2.195833333,2.165792175,0
-2.178916667,2.166241224,0
-2.162,2.180857076,0
-2.145083333,2.207343612,0
-2.128166667,2.226517026,0
-2.11125,2.248893074,0
-2.094333333,2.279173729,0
-2.077416667,2.284672579,0
-2.0605,2.294390601,0
-2.043583333,2.320149505,0
-2.026666667,2.320402576,0
-2.00975,2.305923174,0
-1.992833333,2.287938011,0
-1.975916667,2.248537345,0
-1.959,2.188141593,0
-1.942083333,2.131044606,0
-1.925166667,2.097409133,0
-1.90825,2.075167608,0
-1.891333333,2.066249979,0
-1.874416667,2.038517429,0
-1.8575,2.017432261,0
-1.840583333,1.996087315,0
-1.823666667,1.969617121,0
-1.80675,1.960660339,0
-1.789833333,1.964376195,0
-1.772916667,1.973089404,0
-1.756,1.999929134,0
-1.739083333,2.015778501,0
-1.722166667,2.020328655,0
-1.70525,2.006969708,0
-1.688333333,1.99890007,0
-1.671416667,1.991277898,0
-1.6545,1.990733108,0
-1.637583333,1.981925934,0
-1.620666667,1.972934459,0
-1.60375,1.96297704,0
-1.586833333,1.974100583,0
-1.569916667,1.989877976,0
-1.553,2.010384505,0
-1.536083333,2.038075331,0
-1.519166667,2.080470497,0
-1.50225,2.122194297,0
-1.485333333,2.157414118,0
-1.468416667,2.191128221,0
-1.4515,2.240765443,0
-1.434583333,2.280666599,0
-1.417666667,2.309572605,0
-1.40075,2.313784394,0
-1.383833333,2.306942019,0
-1.366916667,2.283054521,0
-1.35,2.258976753,0
-1.333083333,2.221737109,0
-1.316166667,2.209133838,0
-1.29925,2.200150168,0
-1.282333333,2.198106729,0
-1.265416667,2.199787001,0
-1.2485,2.206660679,0
-1.231583333,2.230843076,0
-1.214666667,2.279138115,0
-1.19775,2.330090401,0
-1.180833333,2.388652956,0
-1.163916667,2.453306217,0
-1.147,2.524397109,0
-1.130083333,2.579736198,0
-1.113166667,2.627049919,0
-1.09625,2.670110025,0
-1.079333333,2.702172791,0
-1.062416667,2.709923219,0
-1.0455,2.697653608,0
-1.028583333,2.674539801,0
-1.011666667,2.625636874,0
-0.99475,2.576289559,0
-0.977833333,2.501258249,0
-0.960916667,2.440261638,0
-0.944,2.380218277,0
-0.927083333,2.321147454,0
-0.910166667,2.272600365,0
-0.89325,2.228401407,0
-0.876333333,2.192401719,0
-0.859416667,2.147389968,0
-0.8425,2.109722242,0
-0.825583333,2.103127129,0
-0.808666667,2.113786371,0
-0.79175,2.141371136,0
-0.774833333,2.151928026,0
-0.757916667,2.165654738,0
-0.741,2.175075758,0
-0.724083333,2.174308807,0
-0.707166667,2.165442654,0
-0.69025,2.148077658,0
-0.673333333,2.156865461,0
-0.656416667,2.163428984,0
-0.6395,2.160557149,0
-0.622583333,2.143013764,0
-0.605666667,2.12573779,0
-0.58875,2.104751827,0
-0.571833333,2.086056655,0
-0.554916667,2.079916017,0
-0.538,2.069138901,0
-0.521083333,2.06833409,0
-0.504166667,2.079849019,0
-0.48725,2.088405159,0
-0.470333333,2.107692167,0
-0.453416667,2.130842217,0
-0.4365,2.161170025,0
-0.419583333,2.202662923,0
-0.402666667,2.258945472,0
-0.38575,2.301864985,0
-0.368833333,2.323463179,0
-0.351916667,2.348545689,0
-0.335,2.387025658,0
-0.318083333,2.414223754,0
-0.301166667,2.41434465,0
-0.28425,2.415703512,0
-0.267333333,2.40693069,0
-0.250416667,2.386306152,0
-0.2335,2.360642766,0
-0.216583333,2.304835502,0
-0.199666667,2.264593145,0
-0.18275,2.242916517,0
-0.165833333,2.233938474,0
-0.148916667,2.217995567,0
-0.132,2.222143057,0
-0.115083333,2.242217375,0
-0.098166667,2.230220786,0
-0.08125,2.223045393,0
-0.064333333,2.210840067,0
-0.047416667,2.189541278,0
-0.0305,2.183234851,0
-0.013583333,2.188448317,0
0.003333333,2.183202713,0
0.02025,2.158921718,0
0.037166667,2.129915443,0
0.054083333,2.087705499,0
0.071,2.041556958,0
0.087916667,2.034547673,0
0.104833333,2.010974662,0
0.12175,1.9871986,0
0.138666667,1.962715488,0
0.155583333,1.951177678,0
0.1725,1.927134558,0
0.189416667,1.908256615,0
0.206333333,1.876878436,0
0.22325,1.854512924,0
0.240166667,1.849229172,0
0.257083333,1.832152714,0
0.274,1.778843007,0
0.290916667,1.730627584,0
0.307833333,1.6837134,0
0.32475,1.652487837,0
0.341666667,1.622590131,0
0.358583333,1.596748772,0
0.3755,1.564349469,0
0.392416667,1.558700921,0
0.409333333,1.558075946,0
0.42625,1.544051214,0
0.443166667,1.540376983,0
0.460083333,1.571292361,0
0.477,1.619416812,0
0.493916667,1.674148152,0
0.510833333,1.725977526,0
0.52775,1.769093384,0
0.544666667,1.808211123,0
0.561583333,1.863643203,0
0.5785,1.914085277,0
0.595416667,1.93964545,0
0.612333333,1.962113363,0
0.62925,2.008994935,0
0.646166667,2.028618903,0
0.663083333,2.046195681,0
0.68,2.075795962,0
0.696916667,2.110932625,0
0.713833333,2.155186734,0
0.73075,2.179452855,0
0.747666667,2.176822328,0
0.764583333,2.166284623,0
0.7815,2.167765976,0
0.798416667,2.177253382,0
0.815333333,2.154353233,0
0.83225,2.123814051,0
0.849166667,2.091296778,0
0.866083333,2.066598226,0
0.883,2.035283237,0
0.899916667,2.015611962,0
0.916833333,2.00634729,0
0.93375,2.02220817,0
0.950666667,2.057610381,0
0.967583333,2.07618219,0
0.9845,2.093764613,0
1.001416667,2.111830974,0
1.018333333,2.141140373,0
1.03525,2.178599459,0
1.052166667,2.204397427,0
1.069083333,2.212614027,0
1.086,2.210478749,0
1.102916667,2.196597285,0
1.119833333,2.173346719,0
1.13675,2.131309376,0
1.153666667,2.109381408,0
1.170583333,2.09426163,0
1.1875,2.087777078,0
1.204416667,2.092836514,0
1.221333333,2.08889966,0
1.23825,2.070252568,0
1.255166667,2.071364406,0
1.272083333,2.070800137,0
1.289,2.09148157,0
1.305916667,2.123562826,0
1.322833333,2.149650834,0
1.33975,2.160380418,0
1.356666667,2.151854783,0
1.373583333,2.13969903,0
1.3905,2.123242145,0
1.407416667,2.101002953,0
1.424333333,2.10182256,0
1.44125,2.087697806,0
1.458166667,2.06044922,0
1.475083333,2.026065613,0
1.492,1.987741788,0
1.508916667,1.962898378,0
1.525833333,1.962342485,0
1.54275,1.96372739,0
1.559666667,1.957021136,0
1.576583333,1.946581314,0
1.5935,1.951412735,0
1.610416667,1.939226436,0
1.627333333,1.932926727,0
1.64425,1.950341314,0
1.661166667,1.960367218,0
1.678083333,1.969019818,0
1.695,1.982076133,0
1.711916667,1.991602453,0
1.728833333,2.007821847,0
1.74575,2.034330599,0
1.762666667,2.061780918,0
1.779583333,2.077990115,0
1.7965,2.106082103,0
1.813416667,2.132186313,0
1.830333333,2.141835988,0
1.84725,2.149431669,0
1.864166667,2.136545878,0
1.881083333,2.133920209,0
1.898,2.108103991,0
1.914916667,2.071456174,0
1.931833333,2.03923106,0
1.94875,2.014744281,0
1.965666667,1.987391185,0
1.982583333,1.952623426,0
1.9995,1.930159071,0
2.016416667,1.914040018,0
2.033333333,1.916341279,0
2.05025,1.949371457,0
2.067166667,1.977553407,0
2.084083333,2.009895037,0
2.101,2.052089768,0
2.117916667,2.098663346,0
2.134833333,2.135207561,0
2.15175,2.178805083,0
2.168666667,2.199822796,0
2.185583333,2.200410067,0
2.2025,2.197553195,0
2.219416667,2.193500896,0
2.236333333,2.189127136,0
2.25325,2.152150368,0
2.270166667,2.112278358,0
2.287083333,2.077774964,0
2.304,2.053225032,0
2.320916667,2.018222096,0
2.337833333,1.971194466,0
2.35475,1.951429241,0
2.371666667,1.954370654,0
2.388583333,1.959268099,0
2.4055,1.976258034,0
2.422416667,1.983297262,0
2.439333333,2.023343126,0
2.45625,2.057512174,0
2.473166667,2.093647905,0
2.490083333,2.122619364,0
2.507,2.156305958,0
2.523916667,2.188880307,0
2.540833333,2.20321386,0
2.55775,2.216629774,0
2.574666667,2.235470823,0
2.591583333,2.218778128,0
2.6085,2.200566008,0
2.625416667,2.161820362,0
2.642333333,2.125087851,0
2.65925,2.091360675,0
2.676166667,2.045304188,0
2.693083333,2.006786976,0
2.71,1.972809287,0
2.726916667,1.956515812,0
2.743833333,1.948502664,0
2.76075,1.933316691,0
2.777666667,1.936732339,0
2.794583333,1.950405866,0
2.8115,1.96099885,0
2.828416667,1.973402768,0
2.845333333,1.970255247,0
2.86225,1.986057009,0
2.879166667,2.017083125,0
2.896083333,2.039196214,0
2.913,2.03588895,0
2.929916667,2.024494123,0
2.946833333,1.989735617,0
2.96375,1.947911172,0
2.980666667,1.90503853,0
2.997583333,1.868715181,0
3.0145,1.8503081,0
3.031416667,1.836319509,0
3.048333333,1.81793739,0
3.06525,1.793998182,0
3.082166667,1.777873453,0
3.099083333,1.798481025,0
3.116,1.80936309,0
3.132916667,1.834940829,0
3.149833333,1.881139433,0
3.16675,1.919114789,0
3.183666667,1.969992603,0
3.200583333,2.01700095,0
3.2175,2.078149943,0
3.234416667,2.121569957,0
3.251333333,2.156649224,0
3.26825,2.208494589,0
3.285166667,2.242828994,0
3.302083333,2.267771294,0
3.319,2.295703312,0
3.335916667,2.303897923,0
3.352833333,2.291407344,0
3.36975,2.250582949,0
3.386666667,2.21744688,0
3.403583333,2.1686694,0
3.4205,2.128294503,0
3.437416667,2.092663634,0
3.454333333,2.053873165,0
3.47125,2.009037741,0
3.488166667,1.970258182,0
3.505083333,1.930089815,0
3.522,1.893602975,0
3.538916667,1.879898986,0
3.555833333,1.8837625,0
3.57275,1.868381545,0
3.589666667,1.85265913,0
3.606583333,1.847094603,0
3.6235,1.839356486,0
3.640416667,1.822736855,0
3.657333333,1.817645045,0
3.67425,1.80109771,0
3.691166667,1.787045887,0
3.708083333,1.772397897,0
3.725,1.744168704,0
3.741916667,1.718049382,0
3.758833333,1.71281219,0
3.77575,1.720842583,0
3.792666667,1.719594585,0
3.809583333,1.718110175,0
3.8265,1.706490261,0
3.843416667,1.700608676,0
3.860333333,1.700390665,0
3.87725,1.698847721,0
3.894166667,1.697737404,0
3.911083333,1.701692732,0
3.928,1.710209329,0
3.944916667,1.694934933,0
3.961833333,1.66494389,0
3.97875,1.647665264,0
3.995666667,1.632485878,0
4.012583333,1.635629139,0
4.0295,1.638081708,0
4.046416667,1.660509751,0
4.063333333,1.668361269,0
4.08025,1.670495367,0
4.097166667,1.689159049,0
4.114083333,1.708198291,0
4.131,1.728938582,0
4.147916667,1.771427362,0
4.164833333,1.790774136,0
4.18175,1.797675712,0
4.198666667,1.796719282,0
4.215583333,1.787995433,0
4.2325,1.761683972,0
4.249416667,1.735514563,0
4.266333333,1.724260328,0
4.28325,1.706102121,0
4.300166667,1.67732883,0
4.317083333,1.659186898,0
4.334,1.636164158,0
4.350916667,1.618541876,0
4.367833333,1.609934515,0
4.38475,1.598153636,0
4.401666667,1.59650988,0
4.418583333,1.610085491,0
4.4355,1.622365505,0
4.452416667,1.631861321,0
4.469333333,1.636538852,0
4.48625,1.646720206,0
4.503166667,1.646745931,0
4.520083333,1.628436858,0
4.537,1.627442676,0
4.553916667,1.625897775,0
4.570833333,1.633059566,0
4.58775,1.641386801,0
4.604666667,1.640317336,0
4.621583333,1.650955577,0
4.6385,1.672570436,0
4.655416667,1.69997247,0
4.672333333,1.709763794,0
4.68925,1.741195728,0
4.706166667,1.791855049,0
4.723083333,1.837977354,0
4.74,1.877629009,0
4.756916667,1.921140011,0
4.773833333,1.954285208,0
4.79075,1.992752453,0
4.807666667,2.026841608,0
4.824583333,2.063717719,0
4.8415,2.090383187,0
4.858416667,2.144393797,0
4.875333333,2.158052437,0
4.89225,2.174466977,0
4.909166667,2.168583184,0
4.926083333,2.170082272,0
4.943,2.152516841,0
4.959916667,2.125814989,0
4.976833333,2.098094784,0
4.99375,2.063039887,0
5.010666667,2.022350574,0
5.027583333,1.978098541,0
5.0445,1.930111002,0
5.061416667,1.901864751,0
5.078333333,1.869572879,0
5.09525,1.867370286,0
5.112166667,1.8625448,0
5.129083333,1.875363193,0
5.146,1.901108241,0
5.162916667,1.924277536,0
5.179833333,1.95107183,0
5.19675,1.968324965,0
5.213666667,1.997756342,0
5.230583333,2.01494708,0
5.2475,2.051037289,0
5.264416667,2.093509656,0
5.281333333,2.111620857,0
5.29825,2.134093816,0
5.315166667,2.156342524,0
5.332083333,2.171919993,0
5.349,2.197864961,0
5.365916667,2.212994518,0
5.382833333,2.232700751,0
5.39975,2.250535659,0
5.416666667,2.26869827,0
5.433583333,2.274595437,0
5.4505,2.261545172,0
5.467416667,2.266852011,0
5.484333333,2.26751177,0
5.50125,2.257411613,0
5.518166667,2.240703178,0
5.535083333,2.216404744,0
5.552,2.228119662,0
5.568916667,2.236837716,0
5.585833333,2.248225892,0
5.60275,2.257956755,0
5.619666667,2.260454545,0
5.636583333,2.266724968,0
5.6535,2.262581851,0
5.670416667,2.260080971,0
5.687333333,2.283167676,0
5.70425,2.310213909,0
5.721166667,2.344470223,0
5.738083333,2.375224791,0
5.755,2.405645519,0
5.771916667,2.432837215,0
5.788833333,2.455950611,0
5.80575,2.494076727,0
5.822666667,2.548712077,0
5.839583333,2.595365329,0
5.8565,2.635264119,0
5.873416667,2.679856962,0
5.890333333,2.729109559,0
5.90725,2.775446547,0
5.924166667,2.837391629,0
5.941083333,2.900138132,0
5.958,2.961784761,0
5.974916667,3.022203717,0
5.991833333,3.077743507,0
6.00875,3.136406059,0
6.025666667,3.21104067,0
6.042583333,3.286046205,0
6.0595,3.346241155,0
6.076416667,3.39407357,0
6.093333333,3.436103847,0
6.11025,3.470114903,0
6.127166667,3.503895127,0
6.144083333,3.526233978,0
6.161,3.549095991,0
6.177916667,3.560324577,0
6.194833333,3.576473439,0
6.21175,3.59094842,0
6.228666667,3.604024311,0
6.245583333,0,0
6.2625,0,0
6.279416667,0,0
6.296333333,0,0
6.31325,0,0
6.330166667,0,0
6.347083333,0,0
6.364,0,0
6.380916667,0,0
6.397833333,0,0
6.41475,0,0
6.431666667,0,0
6.448583333,0,0
6.4655,0,0
6.482416667,0,4.094918009
6.499333333,0,4.260011132
6.51625,0,4.428161412
6.533166667,0,4.617029136
6.550083333,0,4.630162531
6.567,0,4.76124914
6.583916667,0,4.903785434
6.600833333,0,5.03206958
6.61775,0,5.181334359
6.634666667,0,5.412590699
6.651583333,0,5.781645752
6.6685,0,5.980081193
6.685416667,0,6.162324966
6.702333333,0,6.438856373
6.71925,0,6.618020643
6.736166667,0,6.984357045
6.753083333,0,6.520712981
6.77,0,6.040410069
6.786916667,0,6.678439827
6.803833333,0,6.79562959
6.82075,0,6.734234921
6.837666667,0,6.461846355
6.854583333,0,6.290052111
6.8715,0,6.157740442
6.888416667,0,5.993725401
6.905333333,0,5.864961706
6.92225,0,5.632441902
6.939166667,0,6.098769739
6.956083333,0,6.67926783
6.973,0,6.270486845
6.989916667,0,6.34119524
7.006833333,0,6.472872929
7.02375,0,6.601044207
7.040666667,0,6.689554356
7.057583333,0,6.751287488
7.0745,0,6.703003769
7.091416667,0,6.656517672
7.108333333,0,6.801850847
7.12525,0,7.035713034
7.142166667,0,7.129323745
7.159083333,0,7.020517517
7.176,0,6.932189068
7.192916667,0,7.915436396
7.209833333,0,8.470722164
7.22675,0,8.793322636
7.243666667,0,8.923295228
7.260583333,0,8.996483937
7.2775,0,9.211391865
7.294416667,0,9.369952653
7.311333333,0,9.251843222
7.32825,0,9.231755844
7.345166667,0,9.194507573
7.362083333,0,9.411804622
7.379,0,8.742337871
7.395916667,0,8.446896916
7.412833333,0,8.650145833
7.42975,0,8.902318478
7.446666667,0,8.865898953
7.463583333,0,8.692283271
7.4805,0,8.356087244
7.497416667,0,8.377684755
7.514333333,0,8.212427844
7.53125,0,8.247422508
7.548166667,0,8.082044474
7.565083333,0,7.813329006
7.582,0,7.591722741
7.598916667,0,7.067290864
7.615833333,0,6.593259808
7.63275,0,6.456507254
7.649666667,0,6.335759292
7.666583333,0,6.279279048
7.6835,0,6.158312465
7.700416667,0,6.148340463
7.717333333,0,6.045321282
7.73425,0,5.873442333
7.751166667,0,5.721784976
7.768083333,0,5.539272316
7.785,0,5.433788513
7.801916667,0,5.361835909
7.818833333,0,5.341388204
7.83575,0,5.314310131
7.852666667,0,5.284237277
7.869583333,0,5.251526907
7.8865,0,5.169977429
7.903416667,0,5.030645096
7.920333333,0,4.860878511
7.93725,0,4.678476905
7.954166667,0,4.607429944
7.971083333,0,4.569527755
7.988,0,4.642942752
8.004916667,0,4.786295286
8.021833333,0,4.847926637
8.03875,0,4.861992726
8.055666667,0,5.03026259
8.072583333,0,5.206033433
8.0895,0,5.393089955
8.106416667,0,5.653815773
8.123333333,0,5.805539344
8.14025,0,5.826709591
8.157166667,0,5.892210899
8.174083333,0,5.818744
8.191,0,5.619104114
8.207916667,0,5.483415088
8.224833333,0,5.386251546
8.24175,0,5.181916606
8.258666667,0,5.028944938
8.275583333,0,4.951146487
8.2925,0,4.766499171
8.309416667,0,4.686006838
8.326333333,0,4.636239924
8.34325,0,4.504269
8.360166667,0,4.505151364
8.377083333,0,4.583697774
8.394,0,4.677736071
8.410916667,0,4.753564128
8.427833333,0,4.777865538
8.44475,0,4.82092833
8.461666667,0,4.798718487
8.478583333,0,4.828129894
8.4955,0,4.902827928
8.512416667,0,4.938410263
8.529333333,0,4.970220117
8.54625,0,4.995179633
8.563166667,0,4.986800516
8.580083333,0,4.955955192
8.597,0,4.965444026
8.613916667,0,4.934511609
8.630833333,0,4.894838559
8.64775,0,4.880445348
8.664666667,0,4.873357239
8.681583333,0,4.856743931
8.6985,0,4.836005238
8.715416667,0,4.803500703
8.732333333,0,4.763516302
8.74925,0,4.792355008
8.766166667,0,4.822571461
8.783083333,0,4.755085581
8.8,0,4.762023502
8.816916667,0,4.719710183
8.833833333,0,4.751121557
8.85075,0,4.784758071
8.867666667,0,4.801083655
8.884583333,0,4.828132167
8.9015,0,4.872192222
8.918416667,0,4.877657589
8.935333333,0,4.839291209
8.95225,0,4.828209482
8.969166667,0,4.86084264
8.986083333,0,4.74745764
9.003,0,0
9.019916667,0,0
9.036833333,0,0
9.05375,0,0
9.070666667,0,0
9.087583333,0,0
9.1045,0,0
9.121416667,0,0
9.138333333,0,0
9.15525,0,0
9.172166667,0,0
9.189083333,0,0
9.206,0,0
9.222916667,0,0
9.239833333,0,0
9.25675,0,0
9.273666667,0,0
9.290583333,0,0
9.3075,0,0
9.324416667,0,0
9.341333333,0,0
9.35825,0,0
9.375166667,0,0
9.392083333,0,0
9.409,0,0
9.425916667,0,0
9.442833333,0,0
9.45975,0,0
9.476666667,0,0
9.493583333,0,0
9.5105,0,0
9.527416667,0,0
9.544333333,0,0
9.56125,0,0
9.578166667,0,0
9.595083333,0,0
9.612,0,0
9.628916667,0,0
9.645833333,0,0
9.66275,0,0
9.679666667,0,0
9.696583333,0,0
9.7135,0,0
9.730416667,0,0
9.747333333,0,0
9.76425,0,0
9.781166667,0,0
9.798083333,0,0
9.815,0,0
9.831916667,0,0
9.848833333,0,0
9.86575,0,0
9.882666667,0,0
9.899583333,0,0
9.9165,0,0
9.933416667,0,0
9.950333333,0,0
9.96725,0,0
9.984166667,0,0
10.00108333,0,0
10.018,0,0
10.03491667,0,0
10.05183333,0,0
10.06875,0,0
10.08566667,0,0
10.10258333,0,0
10.1195,0,0
10.13641667,0,0
10.15333333,0,0
10.17025,0,0
10.18716667,0,0
10.20408333,0,0
10.221,0,0
10.23791667,0,0
10.25483333,0,0
10.27175,0,0
10.28866667,0,0
10.30558333,0,0
10.3225,0,0
10.33941667,0,0
10.35633333,0,0
10.37325,0,0
10.39016667,0,0
10.40708333,0,0
10.424,4.21015605,0
10.44091667,4.666839256,0
10.45783333,5.126489591,0
10.47475,5.085794171,0
10.49166667,5.054325281,0
10.50858333,5.00965338,0
10.5255,4.952061672,0
10.54241667,4.916797919,0
10.55933333,4.908700383,0
10.57625,5.010250097,0
10.59316667,5.090885498,0
10.61008333,5.197911826,0
10.627,5.291542512,0
10.64391667,4.829469561,0
10.66083333,4.369979761,0
10.67775,0,0
10.69466667,0,0
10.71158333,0,0
10.7285,0,0
10.74541667,0,0
10.76233333,0,0
10.77925,0,0
10.79616667,0,0
10.81308333,0,0
10.83,0,0
10.84691667,0,0
10.86383333,0,0
10.88075,0,0
10.89766667,0,0
10.91458333,0,0
10.9315,0,0
10.94841667,0,0
10.96533333,0,0
10.98225,0,0
10.99916667,0,0
11.01608333,0,0
11.033,0,0
11.04991667,0,0
11.06683333,0,0
11.08375,0,0
11.10066667,0,0
11.11758333,0,0
11.1345,0,0
11.15141667,0,0
11.16833333,0,0
11.18525,0,0
11.20216667,0,0
11.21908333,0,0
11.236,0,0
11.25291667,0,0
11.26983333,0,0
11.28675,0,0
11.30366667,0,0
11.32058333,0,0
11.3375,0,0
11.35441667,0,0
11.37133333,0,0
11.38825,0,0
11.40516667,0,0
11.42208333,0,0
11.439,0,0
11.45591667,0,0
11.47283333,0,0
11.48975,0,0
11.50666667,0,0
11.52358333,0,0
11.5405,0,0
11.55741667,0,0
11.57433333,0,0
11.59125,0,0
11.60816667,0,0
11.62508333,0,0
11.642,0,0
11.65891667,0,0
11.67583333,0,0
11.69275,0,0
11.70966667,0,0
11.72658333,0,0
11.7435,0,0
11.76041667,0,0
11.77733333,0,0
11.79425,0,0
11.81116667,0,0
11.82808333,0,0
11.845,0,0
11.86191667,0,0
11.87883333,0,0
11.89575,0,0
11.91266667,0,0
11.92958333,0,0
11.9465,0,0
11.96341667,0,0
11.98033333,0,0
11.99725,0,0
12.01416667,0,0
12.03108333,0,0
12.048,0,0
12.06491667,0,0
12.08183333,0,0
12.09875,0,0
12.11566667,0,0
12.13258333,0,0
12.1495,0,0
12.16641667,0,0
12.18333333,0,0
12.20025,0,0
12.21716667,0,0
12.23408333,0,0
12.251,0,0
12.26791667,0,0
12.28483333,0,0
12.30175,0,0
12.31866667,0,0
12.33558333,0,0
12.3525,0,0
12.36941667,0,0
12.38633333,0,0
12.40325,0,0
12.42016667,0,0
12.43708333,0,0
12.454,0,0
12.47091667,0,0
12.48783333,0,0
12.50475,0,0
12.52166667,0,0
12.53858333,0,0
12.5555,0,0
12.57241667,0,0
12.58933333,0,0
12.60625,0,0
12.62316667,0,0
12.64008333,0,0
12.657,0,0
12.67391667,0,0
12.69083333,0,0
12.70775,0,0
12.72466667,0,0
12.74158333,0,0
12.7585,0,0
12.77541667,0,0
12.79233333,0,0
12.80925,0,0
12.82616667,0,0
12.84308333,0,0
12.86,0,0
12.87691667,0,0
12.89383333,0,0
12.91075,0,0
12.92766667,0,0
12.94458333,0,0
12.9615,0,0
12.97841667,0,0
12.99533333,0,0
13.01225,0,0
13.02916667,0,0
13.04608333,0,0
13.063,0,0
13.07991667,0,0
13.09683333,0,0
13.11375,0,0
13.13066667,0,0
13.14758333,0,0
13.1645,0,0
13.18141667,0,0
13.19833333,0,0
13.21525,0,0
13.23216667,0,0
13.24908333,0,0
13.266,0,0
13.28291667,0,0
13.29983333,0,0
13.31675,0,0
13.33366667,0,0
13.35058333,0,0
13.3675,0,0
13.38441667,0,0
13.40133333,0,0
13.41825,0,0
13.43516667,0,0
13.45208333,0,0
13.469,0,0
13.48591667,0,0
13.50283333,0,0
13.51975,0,0
13.53666667,0,0
13.55358333,0,0
13.5705,0,0
13.58741667,0,0
13.60433333,0,0
13.62125,0,0
13.63816667,0,0
13.65508333,0,0
13.672,0,0
13.68891667,0,0
13.70583333,0,0
13.72275,0,0
13.73966667,0,0
13.75658333,0,0
13.7735,0,0
13.79041667,0,0
13.80733333,0,0
13.82425,0,0
13.84116667,0,0
13.85808333,0,0
13.875,0,0
13.89191667,0,0
13.90883333,0,0
13.92575,0,0
13.94266667,0,0
13.95958333,0,0
13.9765,0,0
13.99341667,0,0
14.01033333,0,0
14.02725,0,0
14.04416667,0,0
14.06108333,0,0
14.078,0,0
14.09491667,0,0
14.11183333,0,0
14.12875,0,0
14.14566667,0,0
14.16258333,0,0
14.1795,0,0
14.19641667,0,0
14.21333333,0,0
14.23025,0,0
14.24716667,0,0
14.26408333,0,0
14.281,0,0
14.29791667,0,0
14.31483333,0,0
14.33175,0,0
14.34866667,0,0
14.36558333,0,0
14.3825,0,0
14.39941667,0,0
14.41633333,0,0
14.43325,0,0
14.45016667,0,0
14.46708333,0,0
14.484,0,0
14.50091667,0,0
14.51783333,0,0
14.53475,0,0
14.55166667,0,0
14.56858333,0,0
14.5855,0,0
14.60241667,0,0
14.61933333,0,0
14.63625,0,0
14.65316667,0,0
14.67008333,0,0
14.687,0,0
14.70391667,0,0
14.72083333,0,0
14.73775,0,0
14.75466667,0,0
14.77158333,0,0
14.7885,0,0
14.80541667,0,0
14.82233333,0,0
14.83925,0,0
14.85616667,0,0
14.87308333,0,0
14.89,0,0
14.90691667,0,0
14.92383333,0,0
14.94075,0,0
14.95766667,0,0
14.97458333,0,0
14.9915,0,0
15.00841667,0,0
15.02533333,0,0
15.04225,0,0
15.05916667,0,0
15.07608333,0,0
15.093,0,0
15.10991667,0,0
15.12683333,0,0
15.14375,0,0
15.16066667,0,0
15.17758333,0,0
15.1945,0,0
15.21141667,0,0
15.22833333,0.011999922,0
15.24525,0.013199914,0
15.26216667,0.014666571,0
15.27908333,0.016499892,0
15.296,0.01885702,0
15.31291667,0.021999856,0
15.32983333,0.026399828,0
15.34675,0.032999785,0
,0.043999713,0
,0.065999569,0
,,0